-- MySQL dump 10.13  Distrib 5.7.28, for Linux (x86_64)
--
-- Host: 127.0.0.1    Database: example
-- ------------------------------------------------------
-- Server version	8.0.18

/*!40101 SET @OLD_CHARACTER_SET_CLIENT=@@CHARACTER_SET_CLIENT */;
/*!40101 SET @OLD_CHARACTER_SET_RESULTS=@@CHARACTER_SET_RESULTS */;
/*!40101 SET @OLD_COLLATION_CONNECTION=@@COLLATION_CONNECTION */;
/*!40101 SET NAMES utf8 */;
/*!40103 SET @OLD_TIME_ZONE=@@TIME_ZONE */;
/*!40103 SET TIME_ZONE='+00:00' */;
/*!40014 SET @OLD_UNIQUE_CHECKS=@@UNIQUE_CHECKS, UNIQUE_CHECKS=0 */;
/*!40014 SET @OLD_FOREIGN_KEY_CHECKS=@@FOREIGN_KEY_CHECKS, FOREIGN_KEY_CHECKS=0 */;
/*!40101 SET @OLD_SQL_MODE=@@SQL_MODE, SQL_MODE='NO_AUTO_VALUE_ON_ZERO' */;
/*!40111 SET @OLD_SQL_NOTES=@@SQL_NOTES, SQL_NOTES=0 */;

--
-- Table structure for table `book`
--

USE {DB_FUCKING_NAME};


DROP TABLE IF EXISTS `book`;
/*!40101 SET @saved_cs_client     = @@character_set_client */;
/*!40101 SET character_set_client = utf8 */;
CREATE TABLE `book` (
  `id` int(11) NOT NULL AUTO_INCREMENT,
  `name` varchar(200) DEFAULT NULL,
  `isbn` varchar(15) DEFAULT NULL,
  `category_id` int(11) DEFAULT NULL,
  PRIMARY KEY (`id`),
  KEY `book_category_fk` (`category_id`),
  CONSTRAINT `book_category_fk` FOREIGN KEY (`category_id`) REFERENCES `category` (`id`)
) ENGINE=InnoDB AUTO_INCREMENT=1998 DEFAULT CHARSET=utf8mb4;
/*!40101 SET character_set_client = @saved_cs_client */;

--
-- Dumping data for table `book`
--

LOCK TABLES `book` WRITE;
/*!40000 ALTER TABLE `book` DISABLE KEYS */;
INSERT INTO `book` VALUES (1,'Bambou','939710589-2',5),(2,'Eagle Eye','090744728-7',19),(3,'Lucky Luke: The Ballad of the Daltons','669356925-0',48),(4,'Wild Horses (Caballos salvajes)','802673882-9',35),(5,'Grave Secrets (Silent Screams)','409365721-1',5),(6,'It\'s All True','479252018-5',13),(7,'Tomie: Unlimited','359006506-0',36),(8,'Elephant Boy','049534110-X',5),(9,'Ghoulies III: Ghoulies Go to College','929501146-5',24),(10,'Dirty Money (Un flic)','503413585-X',44),(11,'Pulp','291295178-X',39),(12,'Telling Lies in America','921314055-X',18),(13,'Innocent Sleep, The','790455620-0',10),(14,'Killjoy Goes to Hell','023079209-X',9),(15,'Whity','305062014-5',24),(16,'Justice League: The Flashpoint Paradox','084337494-2',29),(17,'Bucket Of Blood, A','527118633-4',16),(18,'Sundome','386723010-2',11),(19,'Glee: The 3D Concert Movie','003061818-5',30),(20,'Crimson Pirate, The','585095890-8',14),(21,'Sick: The Life & Death of Bob Flanagan, Supermasochist','309693095-3',8),(22,'911 in Plane Site','895965496-5',47),(23,'Mamma Roma','464582518-6',48),(24,'Attack of the Crab Monsters','721523167-4',45),(25,'Mighty Quinn, The','370575257-X',32),(26,'Turkish Passion (La pasión turca)','456604169-7',44),(27,'Best Offer, The (Migliore offerta, La)','458291747-X',24),(28,'He Who Dares','216245448-3',37),(29,'Taking of Power by Louis XIV, The (Prise de pouvoir par Louis XIV, La)','320573317-7',23),(30,'Rains of Ranchipur, The','949998386-4',46),(31,'Bitter Sugar (Azúcar amarga)','196829065-6',40),(32,'Girl, The','227087752-7',32),(33,'Line, The (La linea)','980778131-0',36),(34,'Dear Mr. Watterson','350843680-2',20),(35,'Dinner Guest, The (L\'invité)','998512788-9',39),(36,'Beyond the Law (Lain ulkopuolella)','091605255-9',33),(37,'Your Friend the Rat','004633811-X',22),(38,'Big Street, The','234295306-2',13),(39,'Zookeeper','631987031-1',29),(40,'Conversation Piece (Gruppo di famiglia in un interno)','178859578-5',6),(41,'Silja - nuorena nukkunut','552630953-3',33),(42,'Space Raiders','224026351-2',45),(43,'Queen, The','026075341-6',23),(44,'Cry Wolf','540577165-1',15),(45,'Airplane II: The Sequel','940009372-1',41),(46,'Reunion','356755237-6',39),(47,'Transfer','330123498-4',29),(48,'Cazuza - O Tempo Não Pára','520797384-3',16),(49,'Prey, The (La proie)','799953734-9',17),(50,'Yojimbo','022830950-6',7),(51,'Thirty Day Princess','332048726-4',7),(52,'The Radio Pirates','792224986-1',7),(53,'Cake','658327997-5',40),(54,'Possible Loves (Amores Possíveis)','259415818-6',8),(55,'Comfort and Joy','319759538-6',21),(56,'Notorious C.H.O.','867348512-6',44),(57,'Wrong','609408321-0',21),(58,'Dr. Mabuse: The Gambler (Dr. Mabuse, der Spieler)','097197969-3',26),(59,'J. Edgar','635611086-4',23),(60,'Beautiful Troublemaker, The (La belle noiseuse)','119886083-9',41),(61,'Air Force','356821423-7',19),(62,'People on Sunday (Menschen am Sonntag)','838918060-X',19),(63,'Leatherface: Texas Chainsaw Massacre III','171649626-8',5),(64,'Forgive Me','947621803-7',21),(65,'Get Carter','376854238-6',5),(66,'Pinocchio','133296563-6',25),(67,'Two Guys Talkin\' About Girls','628361086-2',3),(68,'Iron Sky','694454974-3',16),(69,'Betrayed','695359524-8',44),(70,'American Swing','015218838-X',30),(71,'Tender Mercies','801528439-2',42),(72,'Little Mermaid 2: Return to the Sea, The','621689931-7',17),(73,'Mamma Roma','919841467-4',22),(74,'Merry War, A','979364661-6',12),(75,'Bucket of Blood, A (Dark Secrets) (Death Artist, The)','720872574-8',22),(76,'Hollywood Revue of 1929, The','669417904-9',20),(77,'Molly','765875255-X',44),(78,'Day Is Done','351138112-6',38),(79,'Interpreter, The','602828262-6',27),(80,'Five Pennies, The','785477769-1',19),(81,'Warning from Space (Uchûjin Tôkyô ni arawaru)','276300886-0',48),(82,'Howling, The','187625113-1',39),(83,'Shadow People','799107085-9',20),(84,'Browning Version, The','845490717-3',31),(85,'Starman','974664956-6',22),(86,'Kentucky Fried Movie, The','791860794-5',26),(87,'Ultraman (Chôhen kaijû eiga: Urutoraman)','643341682-9',25),(88,'I Am Trying to Break Your Heart','613816554-3',37),(89,'Whirlygirl','250083032-2',8),(90,'Suppose They Gave a War and Nobody Came?','892182209-7',34),(91,'Breaking Out (Vägen ut)','525368463-8',20),(92,'Virgin Suicides, The','502021064-1',9),(93,'Kismet','207541712-1',29),(94,'Romance in Manhattan','530144927-3',45),(95,'Some Kind of Hero','435289653-5',30),(96,'Not for or Against (Quite the Contrary) (Ni pour, ni contre (bien au contraire))','711682504-5',4),(97,'Kings of Mykonos, The','390090370-0',6),(98,'My Joy (Schastye moe)','332855652-4',16),(99,'Save the Last Dance','301625279-1',31),(100,'Mass Effect: Paragon Lost','306052815-2',13),(101,'Fearful Symmetry: The Making of \'To Kill a Mockingbird\'','587891457-3',11),(102,'Forbidden Games (Jeux interdits)','858173823-0',18),(103,'You Only Live Twice','636174728-X',3),(104,'Safe Haven','238108614-5',34),(105,'Asterix in America (a.k.a Asterix Conquers America) (Astérix et les Indiens)','877520119-4',1),(106,'Romance in a Minor Key (Romanze in Moll)','073082408-X',3),(107,'Watch on the Rhine','723584605-4',35),(108,'Thank God It\'s Friday','869642775-0',6),(109,'Heads','448212094-4',40),(110,'Europeans, The','532809948-6',44),(111,'Stone of Destiny','649993780-0',19),(112,'Mysteries of Pittsburgh, The','802792753-6',4),(113,'Chronicle of a Summer (Chronique d\'un été)','772837329-3',13),(114,'Edge of Heaven, The (Auf der anderen Seite)','678230929-7',27),(115,'Manhattan Melodrama','576298111-8',18),(116,'Far from the Madding Crowd','881925224-4',9),(117,'Chorus, The (Choristes, Les)','159386312-8',10),(118,'The Righteous Thief','477455287-9',19),(119,'Man Who Could Work Miracles, The','731010375-0',7),(120,'Emperor of the North (Emperor of the North Pole)','512298077-2',21),(121,'1000 Eyes of Dr. Mabuse, The (Die 1000 Augen des Dr. Mabuse)','498576234-2',40),(122,'Home for the Holidays','031906281-3',1),(123,'Office Space','867887022-2',10),(124,'Werner Herzog Eats His Shoe','037681877-8',38),(125,'Evil Bong','123552439-6',26),(126,'Black Moon','980762311-1',37),(127,'Stolen Seas','003983361-5',1),(128,'Beastly','124427590-5',11),(129,'Airbag','020220293-3',7),(130,'Terms and Conditions May Apply','958380849-0',17),(131,'Garfield Gets Real','618321798-0',33),(132,'Broadway Serenade','644762491-7',31),(133,'Aurora','685304617-X',42),(134,'O.C. and Stiggs','138589213-7',45),(135,'New Guy, The','101963987-3',15),(136,'Mama\'s Boy','092749423-X',18),(137,'Wedding in Blood (Noces rouges, Les)','782425844-0',8),(138,'Jaws 2','814513798-5',30),(139,'Bonjour tristesse','778184181-6',34),(140,'Stargate: Continuum','251660069-0',21),(141,'Tarzan the Ape Man','389127605-2',43),(142,'Silent Witness (Do Not Disturb)','760879488-7',45),(143,'Storm Center','540164761-1',26),(144,'The Emperor\'s Club','938087659-9',4),(145,'Police Academy','082816493-2',22),(146,'Goodbye to Language 3D','047022891-1',7),(147,'Pauline & Paulette (Pauline en Paulette)','814315752-0',36),(148,'Aaron Loves Angela','046499770-4',27),(149,'Amityville II: The Possession','857466299-2',46),(150,'Sachs\' Disease (La maladie de Sachs)','710524587-5',34),(151,'Misérables in Concert, Les','622716187-X',14),(152,'Dentist, The','582099363-2',37),(153,'Last Winter (L\'hiver dernier)','416368042-X',2),(154,'When a Stranger Calls','640384601-9',45),(155,'On Her Majesty\'s Secret Service','959175608-9',28),(156,'Roxanne','103261556-7',39),(157,'Stranger Than Paradise','980894235-0',15),(158,'Fog, The','203530897-6',18),(159,'Who\'s Singin\' Over There? (a.k.a. Who Sings Over There) (Ko to tamo peva)','159184424-X',23),(160,'Dear Diary (Caro Diario)','174994852-4',43),(161,'Wake in Providence, A','782417708-4',38),(162,'High School Musical','266803085-4',10),(163,'Murk (Mørke)','873400880-2',20),(164,'Contraband','166864956-X',40),(165,'Between the Sheets (Entre Lençóis)','423962094-5',15),(166,'Restaurant','628074174-5',8),(167,'The Hanoi Hilton','937716511-3',43),(168,'Comancheros, The','464020240-7',18),(169,'A Second Chance','670447767-5',43),(170,'Big Empty, The','880593398-8',41),(171,'Gangster Squad','012128882-X',27),(172,'Quicksilver','889263089-X',42),(173,'Believe Me','580554163-7',5),(174,'Love Exposure','508948899-1',47),(175,'Simone (S1m0ne)','545426170-X',37),(176,'Cake','435203184-4',37),(177,'Boogie (Boogie, el aceitoso)','553691151-1',1),(178,'Putin\'s Kiss','769361012-X',47),(179,'The Private Life of Deer','444102584-X',21),(180,'From the Sky Down','826670537-2',24),(181,'Our Paradise (Notre paradis)','504363427-8',48),(182,'NeverEnding Story III, The','115370329-7',2),(183,'Marquise of O, The (Marquise von O..., Die)','833961995-0',32),(184,'Ain\'t in It for My Health: A Film About Levon Helm','152665586-1',19),(185,'Forgotten, The','901718752-2',15),(186,'Dances Sacred and Profane','672815206-7',35),(187,'Return of the Living Dead 3','531218899-9',45),(188,'Grand Seduction, The','966756403-7',36),(189,'Speedway','923635156-5',32),(190,'Kitty Foyle','588137016-3',21),(191,'Streets of Blood','984591238-9',7),(192,'Bohemian Eyes (Boheemi elää - Matti Pellonpää)','113148115-1',9),(193,'Sebastian Maniscalco: What\'s Wrong with People?','298853526-4',46),(194,'Hunters, The','203090761-8',2),(195,'Hangover Square','890415207-0',19),(196,'Oh, God! Book II','029112085-7',2),(197,'Titus','828305070-2',13),(198,'No Turning Back','001590186-6',27),(199,'Homeboy','564452785-9',9),(200,'It','318800919-4',47),(201,'First Beautiful Thing, The (La prima cosa bella)','295622419-0',40),(202,'Triple Cross','123458429-8',15),(203,'War Room, The','864830239-0',47),(204,'Mr. Hobbs Takes a Vacation','230932788-3',8),(205,'Indiana Jones and the Temple of Doom','641403837-7',41),(206,'Frankie Starlight','174324208-5',7),(207,'La Bandera','331110235-5',37),(208,'Lemmy','208335972-0',44),(209,'Nutty Professor, The','596433664-7',31),(210,'Chapman Report, The','534934411-0',31),(211,'Big Chill, The','271392129-5',41),(212,'Close','424194577-5',27),(213,'Children of the Corn II: The Final Sacrifice','549959722-7',42),(214,'Eragon','152718570-2',14),(215,'National Lampoon\'s Vacation','521141931-6',37),(216,'Pajama Game, The','145113094-5',4),(217,'Child of God','176138651-4',27),(218,'You Are So Beautiful (Je vous trouve très beau)','982629738-0',44),(219,'Divine Horsemen: The Living Gods of Haiti','143457178-5',23),(220,'Lone Star','402469058-2',22),(221,'With Byrd at the South Pole','555427197-9',39),(222,'Russians Are Coming, the Russians Are Coming, The','166891411-5',6),(223,'Manhattan Murder Mystery','542079198-6',26),(224,'Deadly Advice','172386423-4',18),(225,'Contagion','635142499-2',43),(226,'Matrimonial Comedy (Komedia malzenska)','522635243-3',43),(227,'The Bone Snatcher','256438687-3',35),(228,'Monsters University','999738818-6',46),(229,'Highlander III: The Sorcerer (a.k.a. Highlander: The Final Dimension)','023543175-3',44),(230,'Something Is Happening (Kuch Kuch Hota Hai)','500180243-1',12),(231,'First Daughter','584934996-0',24),(232,'Nightfall','465207295-3',19),(233,'Endless Love','805777851-2',41),(234,'Chances Are','585929492-1',36),(235,'Boy Meets Girl','564204091-X',1),(236,'Bloodsport','297370193-7',30),(237,'Welcome to Sarajevo','471184834-7',36),(238,'I\'m Going Home (Je rentre à la maison)','812378568-2',14),(239,'Frankie Starlight','953331410-9',3),(240,'Shrimp on the Barbie, The','826868894-7',5),(241,'Fatty and Mabel Adrift','547524655-6',28),(242,'Aya of Yop City','459855870-9',22),(243,'Prime Suspect: The Lost Child','496096862-1',15),(244,'Training Day','376084564-9',46),(245,'No Time for Love','229232873-9',31),(246,'Slumber Party Massacre, The','597817392-3',3),(247,'Enforcer, The','249347264-0',25),(248,'Outside the Law (Hors-la-loi)','730909863-3',4),(249,'Wrong Box, The','236576215-8',1),(250,'Bliss (Mutluluk)','972489158-5',30),(251,'Food (Jídlo)','039510412-2',29),(252,'Shoot \'Em Up','133690486-0',2),(253,'Baby of Mâcon, The (a.k.a. The Baby of Macon)','007918944-X',4),(254,'All-Star Superman','915892671-2',33),(255,'Jack Reacher','718998987-0',16),(256,'Out for Justice','877853938-2',44),(257,'Tim and Eric\'s Billion Dollar Movie','629404591-6',16),(258,'At the Devil\'s Door','780027502-7',10),(259,'Crows Zero II (Kurôzu Zero II)','260368830-8',27),(260,'Tyson','429898894-5',12),(261,'Star Trek: Generations','275476094-6',43),(262,'Protector (Protektor)','213594815-2',15),(263,'Hostile Witness','328788901-X',37),(264,'Round Up, The (La Rafle)','733374291-1',7),(265,'The Confessions of Bernhard Goetz','128383440-5',11),(266,'Henry Poole is Here','293977169-3',5),(267,'Wedding Crashers','742116521-5',47),(268,'Wild Wild West','612550434-4',2),(269,'Affairs of Anatol, The','428308133-7',39),(270,'Little Big Man','322932705-5',11),(271,'The Land','353641716-7',16),(272,'The Fox and the Hound 2','636244210-5',47),(273,'Panic in the Streets','220692887-6',4),(274,'Twelve','041700451-6',39),(275,'Panther','777417589-X',7),(276,'Day of Wrath (Vredens dag)','927556337-3',15),(277,'Line of Sight','643163871-9',12),(278,'Criss Cross','591246677-9',36),(279,'The 39 Steps','398821839-1',48),(280,'Happy End','039040397-0',19),(281,'Divine Trash','336690520-4',26),(282,'Prophecy II, The','202786496-2',36),(283,'Thin Line Between Love and Hate, A','265878582-8',6),(284,'Today\'s Special','162059329-7',1),(285,'Crimes of Passion','619216956-X',30),(286,'Year One, The (L\'an 01)','026258072-1',27),(287,'Lentsu','071248076-5',45),(288,'Ellen DeGeneres: The Beginning','627727641-7',40),(289,'Not Here to Be Loved (Je ne suis pas là pour être aimé)','143554686-5',10),(290,'Overnighters, The','716365460-X',31),(291,'Dragon Ball: The Curse Of The Blood Rubies (Doragon bôru: Shenron no densetsu)','979181956-4',1),(292,'Adventures of Sebastian Cole, The','242564077-0',14),(293,'Scream 2','416839994-X',41),(294,'Smile','256863194-5',39),(295,'Mrs. Parkington','133655829-6',13),(296,'Ants in the Pants 2','379492540-8',11),(297,'In the Mix','555787811-4',37),(298,'Charter Trip, The (a.k.a. Package Tour, The) (Sällskapsresan)','381186732-6',24),(299,'Wrong Move, The (Falsche Bewegung)','996104003-1',17),(300,'MacGyver: Lost Treasure of Atlantis','144024457-X',27),(301,'Tasting Menu','936208900-9',35),(302,'Westworld','549662450-9',27),(303,'Howling II: Your Sister Is a Werewolf','847703189-4',12),(304,'Watch Out, We\'re Mad (...Altrimenti ci arrabbiamo!)','997807645-X',9),(305,'Jew Süss (Jud Süß)','625613210-6',14),(306,'Knuckle ','047795420-0',48),(307,'Beauty and the Bastard (Tyttö sinä olet tähti)','616657428-2',23),(308,'Bluebeard','574645868-6',5),(309,'Mark of the Vampire','685593771-3',39),(310,'Summertime','879187682-6',43),(311,'Samoure','304447422-1',8),(312,'Just Bea (Bare Bea)','611564350-3',39),(313,'Lady Liberty','977697169-5',33),(314,'Girl Next Door, The','625853168-7',38),(315,'The Case of the Lucky Legs','241709499-1',26),(316,'Louie Bluie','189685446-X',33),(317,'Faust','288630076-4',46),(318,'Moon in the Gutter, The (La lune dans le caniveau)','435530447-7',45),(319,'Sweet Sixteen','972004845-X',3),(320,'Coal Miner\'s Daughter','519225732-8',25),(321,'Son\'s Room, The (Stanza del figlio, La)','945618460-9',43),(322,'Wild About Harry','351237540-5',16),(323,'Monster Club, The','368260435-9',3),(324,'Father, The (Pedar)','066342114-4',36),(325,'Dinoshark','321451684-1',11),(326,'Better Living','271690389-1',27),(327,'Love Affair','363969906-8',8),(328,'Re-cycle (Gwai wik)','270023325-5',26),(329,'Focus','438612393-8',41),(330,'Frozen','667994595-X',30),(331,'Dracula: Dead and Loving It','485657108-7',32),(332,'15','799544457-5',36),(333,'No Nukes','352313722-5',38),(334,'Jeepers Creepers 2','554969805-6',13),(335,'Barbarian Queen II: The Empress Strikes Back','851976230-1',39),(336,'Good Time Girls, The (Bonnes femmes, Les)','438110207-X',35),(337,'As Cool As I Am','598153634-9',33),(338,'Ali Baba Goes to Town','251462429-0',40),(339,'Songs From the Second Floor (Sånger från andra våningen)','587107511-8',29),(340,'Anne of Green Gables','571292031-X',43),(341,'Guilty (Présumé coupable)','162582948-5',3),(342,'Word Wars','140311983-X',47),(343,'Parasite','675940711-3',10),(344,'Seconds','220859546-7',9),(345,'March of the Wooden Soldiers (a.k.a. Babes in Toyland)','172471040-0',47),(346,'Third Miracle, The','511066780-2',37),(347,'Prancer','305387521-7',11),(348,'Best Man Holiday, The','668836825-0',33),(349,'Hit List, The','578893297-1',33),(350,'The .44 Specialist','235155154-0',47),(351,'For No Good Reason','560639982-2',43),(352,'Valley of Decision, The','830679606-3',40),(353,'Core, The','726345402-5',1),(354,'Ju Dou','444150569-8',16),(355,'Homecoming, The','292795729-0',5),(356,'Einstein and Eddington','279502494-2',35),(357,'Trials of Henry Kissinger, The','923566377-6',38),(358,'Execution of P, The (Kinatay)','576498832-2',6),(359,'Filly Brown','628965663-5',46),(360,'Tree of Knowledge, The (Kundskabens træ)','939393322-7',45),(361,'The Derby Stallion','752177301-2',42),(362,'Queen Christina','357844384-0',20),(363,'Astronaut Farmer, The','723062319-7',33),(364,'A Most Violent Year','857155071-9',3),(365,'Truth in 24','329847627-7',48),(366,'Demon in My View, A (Der Mann nebenan)','111040356-9',16),(367,'May in the Summer','713506009-1',8),(368,'Letter From Death Row, A','069160926-8',1),(369,'Nina\'s Heavenly Delights','298550946-7',43),(370,'Hometown Legend','748480598-X',33),(371,'Four Heads Are Better Than One (Un homme de tête)','167442889-8',43),(372,'I Capture the Castle','429245391-8',8),(373,'Irma la Douce','487577418-4',30),(374,'6th Day, The','254183525-6',46),(375,'My Beautiful Laundrette','406200380-5',20),(376,'God Save My Shoes','694696697-X',39),(377,'3 Sailors and a Girl (Three Sailors and a Girl)','687993990-2',44),(378,'Horrorvision','848062595-3',26),(379,'Trishna','839078743-1',5),(380,'Lovers of Hate','680785933-3',41),(381,'Unreasonable Man, An','586359722-4',40),(382,'Manxman, The','399263062-5',11),(383,'Enter the Ninja (a.k.a. Ninja I)','866939261-5',48),(384,'It Happened to Jane','258192551-5',4),(385,'Leaving (Partir)','460750402-5',33),(386,'Author! Author!','942853100-6',28),(387,'Vampire Hunter D','383868321-8',8),(388,'Good Hair','704092393-9',3),(389,'Babes in Toyland','980591465-8',46),(390,'Price of Milk, The','285763241-X',41),(391,'Nanking','229726427-5',5),(392,'Piled Higher and Deeper','099564529-9',39),(393,'Toolbox Murders, The','125627218-3',30),(394,'Kolka Cool','407834791-6',36),(395,'Slingshot, The (Kådisbellan)','698555031-2',37),(396,'Fight for Your Right Revisited','353903393-9',11),(397,'Pancho, the Millionaire Dog','227881430-3',3),(398,'Silent Sonata','915417456-2',40),(399,'Night Across the Street (La noche de enfrente)','572143069-9',21),(400,'Nice Guys Sleep Alone','555181587-0',17),(401,'Federal Hill','666495889-9',30),(402,'Exit Through the Gift Shop','259528585-8',27),(403,'The Noble Family','785386847-2',1),(404,'The Wrecking Crew','990953073-2',13),(405,'Wend Kuuni (a.k.a. God\'s Gift)','344106200-0',27),(406,'Flicka','110487770-8',22),(407,'Good Wife, The','960876347-9',44),(408,'Tiger Eyes','242252829-5',37),(409,'Step Into Liquid','902974562-2',4),(410,'Fair Game','080685847-8',47),(411,'Girls! Girls! Girls!','732386240-X',12),(412,'Holiday for Drumsticks','695857575-X',15),(413,'Battle for Marjah, The','727265202-0',17),(414,'Employment, The (Empleo, El)','850132459-0',46),(415,'Wanderlust','014974498-6',12),(416,'Cabin Fever: Patient Zero','328294568-X',7),(417,'Bridge, The (Brücke, Die)','081355437-3',16),(418,'Girls! Girls! Girls!','837031251-9',13),(419,'Attack on the Iron Coast','655731754-7',16),(420,'Monsieur Batignole','753313850-3',11),(421,'Grave Halloween','763123552-X',39),(422,'Another Gay Movie','870008532-4',17),(423,'Backlight','786931527-3',6),(424,'Squanto: A Warrior\'s Tale','038224039-1',10),(425,'Tomorrow Night','561536140-9',27),(426,'Three Musketeers, The','956607723-8',6),(427,'Very British Gangster, A','117502008-7',46),(428,'Marrying Man, The (Too Hot to Handle)','591908025-6',25),(429,'20 Seconds of Joy','323518985-8',29),(430,'From the Terrace','155461533-X',11),(431,'Body, The','229842601-5',47),(432,'The Sky Dragon','383847808-8',17),(433,'Fidanzati, I (Fiances, The)','826597646-1',2),(434,'Prairie Fever','981173662-6',13),(435,'Cows (Vacas)','402298756-1',41),(436,'Of Mice and Men','380223362-X',3),(437,'High and Dizzy','393620668-6',18),(438,'Enfer, L\'','150271998-3',9),(439,'Just Before Dawn','391698460-8',3),(440,'Northern Lights','475882029-5',10),(441,'About Last Night...','642543836-3',9),(442,'American Ninja 4: The Annihilation','696552148-1',34),(443,'Romantics Anonymous (Les émotifs anonymes)','059641115-4',36),(444,'Ambulance, The','338992320-9',20),(445,'Bug\'s Life, A','803917840-1',34),(446,'Helen','148464644-4',22),(447,'Mad About Mambo','441183105-8',19),(448,'Concrete Night (Betoniyö)','725680580-2',34),(449,'Judgment at Nuremberg','724384140-6',29),(450,'Phantom of the Woods','956263661-5',12),(451,'Two Night Stand','290879677-5',12),(452,'Shaun of the Dead','207047596-4',23),(453,'SLC Punk!','709140419-X',24),(454,'Viva Max!','866205630-X',3),(455,'Tall in the Saddle','130930223-5',42),(456,'Bonnie and Clyde','945668214-5',33),(457,'Star Trek III: The Search for Spock','954090652-0',9),(458,'Day He Arrives, The (Book chon bang hyang)','864575811-3',10),(459,'Stepfather, The','709957045-5',6),(460,'Watermelon Woman, The','800223891-5',47),(461,'Car Bonus (Autobonus)','754598221-5',8),(462,'Death Becomes Her','749709195-6',37),(463,'Panic in Needle Park, The','210543390-1',24),(464,'Antoine and Colette (Antoine et Colette)','900000899-9',43),(465,'Parasite','302434101-3',12),(466,'Gremlins 2: The New Batch','082754683-1',24),(467,'Fourth State, The (Die vierte Macht)','227911182-9',47),(468,'P.S. I Love You','590536332-3',15),(469,'Normal Heart, The','723875295-6',37),(470,'Fugitive, The','775627053-3',1),(471,'Chicks with Sticks','047978805-7',19),(472,'Nowhere','477456267-X',19),(473,'Antichrist','690883601-0',40),(474,'Day After, The','651754550-6',35),(475,'Morning Patrol (Proini peripolos)','393935847-9',18),(476,'Cutting Edge: The Magic of Movie Editing, The','835408593-7',47),(477,'Terror Train','779848251-2',30),(478,'Morgan!','928194421-9',19),(479,'Remember Me (Ricordati di me)','394426820-2',33),(480,'War of the Dead - Stone\'s War ','401263242-6',46),(481,'Blonde Venus','609723783-9',44),(482,'House of Bamboo','166307936-6',43),(483,'Dr. Akagi (Kanzo sensei)','166952761-1',37),(484,'That Man from Rio','296372465-9',34),(485,'Bandslam','903002517-4',21),(486,'Watch Out for the Automobile (Beregis avtomobilya)','930510341-3',23),(487,'Passchendaele','116847581-3',2),(488,'Fire on the Mountain','277370058-9',44),(489,'But Forever in My Mind','798083906-4',34),(490,'Tremors 3: Back to Perfection','335241201-4',13),(491,'Jönssonligan & den svarta diamanten','720959877-4',34),(492,'Cable Guy, The','205651821-X',31),(493,'Virgin Stripped Bare by Her Bachelors (Oh! Soo-jung)','105388332-3',32),(494,'True Heart Susie','887471847-0',23),(495,'Planes','171175775-6',3),(496,'Red Riding: 1974','499716620-0',18),(497,'Dumb & Dumber (Dumb and Dumber)','975637499-3',1),(498,'Ladies of Leisure','697339519-8',31),(499,'Hard to Hold','270091649-2',30),(500,'And God Created Woman (Et Dieu... créa la femme)','725184484-2',48),(501,'Old Fashioned Way, The','779401813-7',21),(502,'Chasing Papi (a.k.a. Papi Chulo)','488349303-2',9),(503,'No','324773812-6',6),(504,'Nobody Else But You (Poupoupidou)','069574447-X',25),(505,'Project X','153629894-8',37),(506,'Midnight Meat Train, The','860865556-X',44),(507,'High on Crack Street: Lost Lives in Lowell','862358869-X',1),(508,'Parenti serpenti','191979638-X',4),(509,'RoboGeisha (Robo-geisha)','948245979-2',48),(510,'Best Man Holiday, The','272992959-2',29),(511,'Polisse','887300523-3',29),(512,'Band\'s Visit, The (Bikur Ha-Tizmoret)','809037248-1',26),(513,'They Drive by Night','840390929-2',28),(514,'Relationship Status: It\'s Complicated','111944009-2',32),(515,'Men in White','075678473-5',23),(516,'Beyond the Valley of the Dolls','124385084-1',30),(517,'The Kiss of Her Flesh','081380212-1',3),(518,'Bad Taste','196770958-0',21),(519,'Ten Commandments, The','888936164-6',19),(520,'Day of the Dolphin, The','358505164-2',21),(521,'Legion of the Dead','931149381-3',42),(522,'Amityville Curse, The','899413359-3',3),(523,'No and Me (No et moi)','424059810-9',47),(524,'Timeline','064281974-2',4),(525,'White Palace','276253171-3',14),(526,'Highly Dangerous','965245704-3',37),(527,'Heidi Fleiss: Hollywood Madam','084344615-3',7),(528,'Memories of Murder (Salinui chueok)','713160052-0',9),(529,'40-Year-Old Virgin, The','938532559-0',29),(530,'Vegucated','120124784-5',3),(531,'Tyson','004337182-5',14),(532,'Story of a Love Affair (Cronaca di un amore)','914716009-8',27),(533,'Nayak: The Hero','245293184-5',33),(534,'One in a Million: The Ron LeFlore Story','161070195-X',42),(535,'Cropsey','359455741-3',21),(536,'Great White Silence, The','724662778-2',18),(537,'That Kiljunen Family (Kiljusen herrasväki)','414848427-5',5),(538,'Incognito','217415181-2',19),(539,'Dumbo','955060763-1',20),(540,'Bloodhounds of Broadway','608307962-4',43),(541,'Zebra Lounge','619500412-X',3),(542,'Bachelor Weekend, The','113363751-5',22),(543,'Intern, The','783593141-9',44),(544,'Marc Pease Experience, The','679469046-2',19),(545,'Sleeping Dictionary, The','091834188-4',29),(546,'Nightmare Before Christmas, The','059795801-7',45),(547,'Everything Relative','611918051-6',26),(548,'H-Man, The (Bijo to Ekitainingen)','993423668-0',22),(549,'From the Sky Down','606228278-1',28),(550,'Vagabond (Sans toit ni loi)','927404085-7',28),(551,'Woods, The','055259702-3',23),(552,'Raincoat','013128689-7',21),(553,'Z Channel: A Magnificent Obsession','554719444-1',31),(554,'Defender, The (a.k.a. Bodyguard from Beijing, The) (Zhong Nan Hai bao biao)','894757028-1',19),(555,'H.H. Holmes: America\'s First Serial Killer','100206599-2',44),(556,'Satan\'s Sword II (Daibosatsu toge: Ryujin no maki)','607528167-3',22),(557,'Vali','263451061-6',8),(558,'McCabe & Mrs. Miller','873900364-7',8),(559,'My Best Friend (Mon meilleur ami)','174040645-1',29),(560,'Waking Life','963547599-3',35),(561,'Other Dream Team, The','712858483-8',2),(562,'Ladies They Talk About','319455436-0',45),(563,'Malice','662503877-6',17),(564,'Time Machine, The','144990259-6',19),(565,'Secret Life of Words, The','222935457-4',24),(566,'Meet Me at the Fair','136225872-5',14),(567,'Bad Day at Black Rock','259651211-4',8),(568,'Heli','950806678-4',12),(569,'Bringing Up Bobby','916135666-2',41),(570,'Bandit Queen','732991351-0',6),(571,'Chance of a Lifetime, The','518801812-8',27),(572,'Outbreak','959149750-4',20),(573,'Ticking Clock','502117622-6',35),(574,'Heaven\'s Gate','179926518-8',27),(575,'Million Dollar Mystery','496304676-8',48),(576,'Living with the Fosters','449516650-6',28),(577,'It\'s Pat','789346440-2',43),(578,'Hilton!','522019903-X',24),(579,'My Favorite Martian','488134020-4',22),(580,'Last Call (Hoogste tijd)','417999386-4',41),(581,'Battle of the Sexes, The','459458375-X',22),(582,'Untamed Youth','970701329-X',35),(583,'Pyramid of Triboulet, The (La pyramide de Triboulet)','528390037-1',40),(584,'The Kick','578649305-9',3),(585,'Inglourious Basterds','281560131-1',31),(586,'E Aí... Comeu?','693190380-2',24),(587,'Jack Frost','920753052-X',20),(588,'Castle of the Living Dead (Castello Dei Morti Vivi, Il)','933190024-4',6),(589,'Film with Me in It, A','883884499-2',43),(590,'Legend of the Village Warriors (Bangrajan)','843752775-9',4),(591,'Incredibly Strange Creatures Who Stopped Living and Became Mixed-Up Zombies!!?, The','007658729-0',36),(592,'MacGyver: Trail to Doomsday','924144849-0',14),(593,'Italianamerican','416945622-X',32),(594,'5th Musketeer, The (a.k.a. Fifth Musketeer, The)','730145120-2',42),(595,'Garbo the Spy (Garbo: El espía)','042017396-X',22),(596,'Jolly Boys\' Last Stand, The','110171573-1',1),(597,'Last Train Home','655330752-0',7),(598,'Stoic','484460231-4',32),(599,'Oh, God! You Devil','674223996-4',28),(600,'Spiders, Part 2: The Diamond Ship, The (Die Spinnen, 2. Teil - Das Brillantenschiff)','109718630-X',3),(601,'Des fleurs pour Algernon','883251178-9',15),(602,'Snake in the Eagle\'s Shadow (Se ying diu sau)','663802176-1',23),(603,'Tale from the Past, A (Përralle Nga e Kaluara)','510597608-8',37),(604,'Funeral Parade of Roses (Bara no sôretsu)','529930231-2',24),(605,'Kozara','095463598-1',2),(606,'Miami Rhapsody','558978300-3',12),(607,'Out of the Blue (Aramoana)','207924093-5',22),(608,'My Super Ex-Girlfriend','447349856-5',4),(609,'Casino Jack','469172878-3',28),(610,'Hot Dog... The Movie','705169647-5',3),(611,'Lawyer Man','924022291-X',35),(612,'Duel in the Sun','611414286-1',39),(613,'Woman Who Wasn\'t There, The','337692946-7',45),(614,'Father of Invention','828010711-8',45),(615,'Miranda','469210602-6',27),(616,'Somebody is Waiting','186603614-9',42),(617,'Shaolin Wooden Men (Shao Lin mu ren xiang)','889440615-6',4),(618,'Scourge','603031124-7',20),(619,'Late August, Early September (Fin août, début septembre)','463442430-4',12),(620,'Last Call at the Oasis','752143785-3',22),(621,'Kaspar Hauser','922739818-X',44),(622,'Running Scared','273997764-6',4),(623,'Cowspiracy: The Sustainability Secret','837463803-6',30),(624,'Twilight Saga: Breaking Dawn - Part 1, The','415489894-9',1),(625,'New York in the 50\'s','297362272-7',15),(626,'There Goes My Heart','754323835-7',46),(627,'Battleship','826143576-8',12),(628,'Stay Cool','871579567-5',22),(629,'The Referees','987528517-X',9),(630,'Scars of Dracula','092049186-3',20),(631,'Criss Cross','686855642-X',22),(632,'Only You','058208725-2',36),(633,'Wicked Little Things','140563614-9',12),(634,'Conflict','298882906-3',30),(635,'Daria: Is It Fall Yet?','408779934-4',22),(636,'Bloody Territories (Kôiki bôryoku: ryuuketsu no shima)','671242416-X',1),(637,'Little Criminals','347304579-9',22),(638,'Dance of Reality, The (Danza de la realidad, La)','141945968-6',1),(639,'Cat\'s-Paw, The','231011152-X',45),(640,'Blood Night: The Legend of Mary Hatchet (Blood Night)','564668389-0',43),(641,'Patsy, The','964701832-0',5),(642,'Dead Meat','567463156-5',43),(643,'Creature with the Atom Brain','136680360-4',39),(644,'Caller, The','732204928-4',43),(645,'Richard III','964405025-8',6),(646,'Crockdale','986841024-X',15),(647,'Synth Britannia','085276988-1',21),(648,'Fierce Creatures','710042102-0',47),(649,'Breach','967208154-5',28),(650,'Simple Simon (I rymden finns inga känslor)','154120626-6',3),(651,'Wisdom of Crocodiles, The (a.k.a. Immortality)','148557565-6',21),(652,'War Is Over, The (Guerre est finie, La)','067510253-7',2),(653,'1000 Eyes of Dr. Mabuse, The (Die 1000 Augen des Dr. Mabuse)','545983617-4',27),(654,'Killer, The (Die xue shuang xiong)','281911575-6',4),(655,'Howling IV: The Original Nightmare','040212741-2',48),(656,'Betrayal, The (Nerakhoon)','679603963-7',26),(657,'Annabelle','844643424-5',2),(658,'Kariera Nikosia Dyzmy','529397217-0',17),(659,'Draft Day','568943348-9',21),(660,'Meet the Fockers','756698804-2',24),(661,'Going Postal','292146039-4',17),(662,'Die Hard 2','042851133-3',46),(663,'Hunchback, The','862338907-7',36),(664,'Flying Deuces, The','033954737-5',22),(665,'Desperadoes, The','884427763-8',24),(666,'Father Takes a Wife','160816855-7',33),(667,'Vegucated','346824922-5',33),(668,'Dragon Eyes','643531394-6',24),(669,'Bonheur, Le','266740888-8',6),(670,'Big Sur','401781738-6',9),(671,'Thrill of It All, The','814800613-X',45),(672,'Goodbye, Dragon Inn (Bu san)','969618523-5',37),(673,'Belly','845424649-5',40),(674,'Small Soldiers','065289607-3',26),(675,'Virginity Hit, The','118191133-8',40),(676,'Memories (Memorîzu)','182718028-5',13),(677,'Harmonists, The','993270989-1',23),(678,'Cat\'s Eye','076232024-9',32),(679,'Pirates of the Caribbean: The Curse of the Black Pearl','759699693-0',29),(680,'Dunwich Horror, The','426608372-6',44),(681,'ABC Africa','026494684-7',16),(682,'Harmony and Me','776083137-4',14),(683,'Down to the Cellar (Do pivnice)','121890439-9',39),(684,'Free Willy 2: The Adventure Home','756060685-7',7),(685,'Harry Potter and the Prisoner of Azkaban','337373388-X',5),(686,'Let\'s Talk About Sex','908758489-X',39),(687,'Rebel Without a Cause','270553133-5',45),(688,'Zakochani','858310997-4',20),(689,'The Underneath','218941970-0',38),(690,'Hell\'s Gate 11:11','329947172-4',15),(691,'You\'re Not You','798640012-9',46),(692,'Rains Came, The','557203549-1',45),(693,'Lucy','766197254-9',38),(694,'Beaches of Agnes, The (Plages d\'Agnès, Les)','269425501-9',44),(695,'Will','447099540-1',38),(696,'Four Weddings and a Funeral','665219185-7',25),(697,'Lumihiutalemuodostelma','029195973-3',8),(698,'Susan Slept Here','797407060-9',22),(699,'September','978262827-1',5),(700,'Magic Town','898290258-9',20),(701,'Girl on a Motorcycle, The','332932616-6',30),(702,'Cinderfella','806581340-2',5),(703,'Brotherhood','752519922-1',13),(704,'Simple-Minded Murder, The (Enfaldige mördaren, Den)','818855082-5',15),(705,'Corn on the Cop','142344857-X',25),(706,'Stalag Luft','489955647-0',42),(707,'Thérèse','214771103-9',48),(708,'Mod Squad, The','595138292-0',20),(709,'Ballad of the Paper Balloons (a.k.a. Humanity and Paper Balloons) (Ninjô kami fûsen)','603772340-0',3),(710,'Million Dollar Legs','118955275-2',35),(711,'Great Waltz, The','299987949-0',33),(712,'Whatever It Takes','455684790-7',44),(713,'Slasher House','582690981-1',1),(714,'Tasting Menu','874004038-0',37),(715,'The Army','445055326-8',45),(716,'YellowBrickRoad','655391687-X',15),(717,'Phyllis and Harold','866803898-2',33),(718,'Back to School with Franklin','168780469-9',34),(719,'At Home by Myself... with You','359924998-9',40),(720,'Wild Zero','110957053-8',29),(721,'The Eagle and the Hawk','599722539-9',7),(722,'Power and Terror: Noam Chomsky in Our Times','643778435-0',32),(723,'Tea with Mussolini','238605677-5',5),(724,'Wrong Turn 5: Bloodlines','024246462-9',17),(725,'Captains Courageous','898646748-8',36),(726,'Macario','564688553-1',18),(727,'Friend Is a Treasure, A (Chi Trova Un Amico, Trova un Tesoro) (Who Finds a Friend Finds a Treasure)','032402478-9',44),(728,'The Little Fox','408499035-3',45),(729,'The Boys','974185362-9',36),(730,'Upswing (Nousukausi)','686311201-9',34),(731,'Lars and the Real Girl','624152456-9',47),(732,'Love, Honour and Obey','769642022-4',41),(733,'Le Donk & Scor-zay-zee','437289648-4',7),(734,'Journey to the Beginning of Time','973262548-1',35),(735,'Meatballs III','490534035-7',41),(736,'Birdsong (Cant dels ocells, El)','438724647-2',27),(737,'Maid to Order','571058897-0',9),(738,'Sirocco','847474488-1',22),(739,'Miracles','536512803-6',33),(740,'Racing Stripes','745039311-5',40),(741,'Nemesis 2: Nebula','422027907-5',40),(742,'Irma la Douce','303217974-2',31),(743,'Green Room, The (a.k.a. Vanishing Fiancee) (La chambre verte)','478077712-7',14),(744,'America 3000','021168963-7',25),(745,'Bravados, The','865983138-1',35),(746,'Scene at the Sea, A (Ano natsu, ichiban shizukana umi)','294507360-9',8),(747,'Night of the Generals, The','122335987-5',20),(748,'Lodger, The','757617064-6',33),(749,'Batman & Robin','365635378-6',33),(750,'Night Ambush (Ill Met by Moonlight)','591891727-6',38),(751,'Special Relationship, The','612207403-9',41),(752,'All Watched Over by Machines of Loving Grace','411679842-8',30),(753,'Muppets, The','400837360-8',17),(754,'Happening, The','809534088-X',48),(755,'Onibaba','275517378-5',25),(756,'3 Ninjas Knuckle Up','484144551-X',33),(757,'Arrival, The','764935211-0',15),(758,'Guilty by Suspicion','301113920-2',10),(759,'Coming Down the Mountain','454940992-4',17),(760,'Zhou Yu\'s Train (Zhou Yu de huo che)','976712733-X',32),(761,'Boys of St. Vincent, The','879366526-1',1),(762,'Enter Arsene Lupin','122452171-4',9),(763,'Laputa: Castle in the Sky (Tenkû no shiro Rapyuta)','322089457-7',44),(764,'Lawyer Man','865919156-0',15),(765,'Eastern Drift (Indigène d\'Eurasie)','019188929-6',17),(766,'Nashville','779762132-2',2),(767,'Paranormal Activity','130816655-9',39),(768,'Vatel','726561458-5',44),(769,'Taxi zum Klo','163909121-1',42),(770,'Macario','199132553-3',36),(771,'Cinematographer Style','632321232-3',12),(772,'Shaft in Africa','779161748-X',28),(773,'Land That Time Forgot, The','571265741-4',43),(774,'Don\'t Look Back (Ne te retourne pas)','758873690-9',6),(775,'Down and Derby','109935066-2',19),(776,'Deterrence','219425664-4',42),(777,'Fever Pitch','440254568-4',21),(778,'Werner Herzog Eats His Shoe','956623490-2',6),(779,'Reservoir Dogs','713716462-5',35),(780,'Ten Little Indians','522763250-2',38),(781,'Dabangg 2','798197794-0',3),(782,'Station Agent, The','611618599-1',25),(783,'Green Man, The','313523198-4',24),(784,'Illegal','076141562-9',26),(785,'Fast, Cheap & Out of Control','390525074-8',38),(786,'Book of Love','822387525-X',28),(787,'1','701901168-3',34),(788,'Little Indian, Big City (Un indien dans la ville)','206203200-5',5),(789,'Key Largo','941148600-2',45),(790,'Bronson','892934627-8',19),(791,'Greetings','724460361-4',4),(792,'White Banners','434472146-2',32),(793,'Killing Auntie (Zabicie ciotki)','538418359-4',38),(794,'Frankenstein\'s Army','452254588-6',46),(795,'1492: Conquest of Paradise','409854695-7',9),(796,'Incredible Hulk, The','286703502-3',13),(797,'Open Your Eyes (Abre los ojos)','854599726-4',19),(798,'American Winter','911421684-1',33),(799,'Blue Steel','319568376-8',6),(800,'Garbo the Spy (Garbo: El espía)','732734577-9',18),(801,'Gunfighter, The','685199137-3',48),(802,'Native Son','374024394-5',7),(803,'Growing Pains','240162187-3',31),(804,'Big Store, The','136600117-6',14),(805,'Last Legion, The','401461208-2',47),(806,'The Prophecy: Forsaken','725502540-4',15),(807,'Holokaustin värit','048117856-2',38),(808,'99 francs','880154194-5',36),(809,'Little Miss Marker','921644673-0',44),(810,'Phone Box, The (Cabina, La)','483250761-3',44),(811,'Television Under the Swastika (Das Fernsehen unter dem Hakenkreuz)','050502533-7',14),(812,'Burning Blue','032481201-9',7),(813,'Glory Road','263626591-0',15),(814,'Swann in Love (Un amour de Swann)','524258721-0',1),(815,'Stroker Ace','973949660-1',3),(816,'Gold of Naples, The (L\'oro di Napoli)','816191786-8',9),(817,'Rage: Carrie 2, The','956500468-7',1),(818,'Dante 01','130887577-0',20),(819,'Skinwalkers','973585849-5',39),(820,'Devil Hunter (El caníbal)','654904543-6',41),(821,'Pink Cadillac','175707480-5',30),(822,'Rendez-vous','868507236-0',13),(823,'Dead Ringer','416312184-6',23),(824,'Oz the Great and Powerful','028835527-X',36),(825,'Black Orpheus (Orfeu Negro)','873919297-0',27),(826,'Dead Men Walk','266513726-7',37),(827,'Great Expectations','770394780-6',5),(828,'Takers','057065664-8',16),(829,'Pekko ja unissakävelijä','468603111-7',12),(830,'Morning of the Earth','433798255-8',48),(831,'Chaperone, The','927756767-8',26),(832,'Always Outnumbered','125190704-0',32),(833,'Shine','899300938-4',7),(834,'Best Exotic Marigold Hotel, The','069004458-5',30),(835,'Celine and Julie Go Boating (Celine et Julie vont en bateau)','095762821-8',40),(836,'Mercredi, folle journée!','715180574-8',8),(837,'Dune','838592714-X',36),(838,'Tracey Fragments, The','361948916-5',35),(839,'*batteries not included','749569181-6',16),(840,'Real Fiction (Shilje sanghwang)','540212849-9',28),(841,'Suicide Club (Jisatsu saakuru)','061891139-1',10),(842,'5 Dolls for an August Moon (5 bambole per la luna d\'agosto)','526218226-7',6),(843,'Audrey Rose','648641810-9',38),(844,'Designing Woman','818017587-1',8),(845,'Cronos','698936984-1',32),(846,'Hunting and Gathering (Ensemble, c\'est tout)','239879652-3',26),(847,'Alabama Moon','986681410-6',15),(848,'Superpower','173121448-0',31),(849,'Good Neighbours (a.k.a. Good Neighbors)','992950821-X',25),(850,'Chef','212490248-2',24),(851,'Centre Stage: Turn It Up','948196700-X',19),(852,'Wolf Children (Okami kodomo no ame to yuki)','415758548-8',3),(853,'Lottery Ticket','232055399-1',37),(854,'Ripley\'s Game','091964057-5',4),(855,'Horror Planet (a.k.a. Inseminoid)','757582990-3',23),(856,'Future Cops (Chao ji xue xiao ba wang)','555404064-0',37),(857,'Forty-first, The (Sorok pervyy)','259602653-8',32),(858,'Son of a Gun','920617844-X',8),(859,'Are You Here','135786309-8',7),(860,'Booker\'s Place: A Mississippi Story','151002668-1',13),(861,'I Want You','125796957-9',44),(862,'Soft Fruit','264144476-3',16),(863,'Fear[s] of the Dark (Peur[s] du noir)','945182551-7',25),(864,'Nora','144593937-1',32),(865,'Germany Year Zero (Germania anno zero) (Deutschland im Jahre Null)','351343569-X',14),(866,'Signal, The (Señal, La)','857048940-4',10),(867,'Brotherhood of the Wolf (Pacte des loups, Le)','245599656-5',36),(868,'Working Girl','412430342-4',45),(869,'Family Jewels, The (Eierdiebe)','598481676-8',30),(870,'Notre jour viendra','137400981-4',27),(871,'I am Von Höfler (Variation on Werther - Private Hungary 15)','091473786-4',37),(872,'Swindle, The (Bidone, Il)','860636868-7',45),(873,'Bob le Flambeur','626992356-5',28),(874,'Stuck Between Stations','181946352-4',25),(875,'Crac','165890666-7',22),(876,'Corner Gas: The Movie','332530625-X',13),(877,'Air I Breathe, The','997080664-5',2),(878,'Jesus','664123733-8',43),(879,'42nd Street','724470420-8',7),(880,'Three Wishes','223134554-4',32),(881,'Ayn Rand: A Sense of Life','838875834-9',13),(882,'Page Turner, The (Tourneuse de pages, La)','103609980-6',37),(883,'The Pirates','498545970-4',35),(884,'Chastity Bites','394921224-8',32),(885,'Ladrones','354986429-9',36),(886,'Pretty Cool','307982282-X',35),(887,'Devil at 4 O\'Clock, The','956014257-7',43),(888,'Rapture (Arrebato)','094017016-7',13),(889,'Accidents Happen','800460922-8',26),(890,'3 on a Couch (Three on a Couch)','861354110-0',29),(891,'Bran Nue Dae','669476420-0',36),(892,'Gagarin: First in Space','649842136-3',14),(893,'Queen Bee','056910550-1',22),(894,'After...','179353318-0',27),(895,'Conspiracy of Torture, The (Beatrice Cenci)','790591320-1',3),(896,'I Love You, Beth Cooper','747042833-X',31),(897,'Conflict','757722170-8',27),(898,'Oliver Twist','678111262-7',38),(899,'Pandorum','820910251-6',20),(900,'Asterix and the Gauls (Astérix le Gaulois)','395208695-9',44),(901,'2046','381603550-7',1),(902,'Hellgate','094977359-X',16),(903,'Marine Story, A','558563267-1',24),(904,'My Voyage to Italy (Il mio viaggio in Italia)','749790915-0',28),(905,'Mile... Mile & a Half','098080872-3',10),(906,'Win/win','169480345-7',44),(907,'Changing Lanes','045712764-3',44),(908,'Stories of Lost Souls','249649911-6',14),(909,'Al Franken: God Spoke','959170855-6',18),(910,'None But the Brave','708100834-8',31),(911,'Splash','829266745-8',28),(912,'Ferocious','826777650-8',29),(913,'Building the Inferno: Nobuo Nakagawa and the Making of \'Jigoku\'','539589751-8',40),(914,'It\'s Me, It\'s Me (Ore Ore)','508290110-9',30),(915,'Grateful Dawg','313719970-0',39),(916,'Age of the Dragons','217459005-0',30),(917,'Guns of the Magnificent Seven','998842254-7',20),(918,'Out of Nature','661563125-3',46),(919,'Exterminating Angel, The (Ángel exterminador, El)','022459014-6',24),(920,'MatchMaker, The','236904877-8',25),(921,'Dr. Jekyll and Mr. Hyde','491701847-1',23),(922,'Mistaken for Strangers','452781758-2',23),(923,'Coffee Town','522487070-4',40),(924,'Spirit of St. Louis, The','085681524-1',13),(925,'Paris by Night','714540437-0',7),(926,'Land Girls, The','149196929-6',34),(927,'Daydreams','928060927-0',33),(928,'Fatso','941589038-X',19),(929,'My Night At Maud\'s (Ma Nuit Chez Maud)','532586502-1',33),(930,'Phenomenon','474315106-6',25),(931,'Getaway, The','423104903-3',26),(932,'Undertaker and His Pals, The','708986469-3',27),(933,'Harry Potter and the Deathly Hallows: Part 1','614615049-5',48),(934,'Going in Style','396504869-4',27),(935,'So Evil, So Young','295498284-5',1),(936,'Man Apart, A','074105251-2',32),(937,'Birdy','957372284-4',13),(938,'Everlasting Piece, An','167861635-4',7),(939,'Joe Gould\'s Secret','598902483-5',21),(940,'Kummeli Stories','021549472-5',37),(941,'Never Die Alone','890785633-8',9),(942,'Monster X Strikes Back: Attack the G8 Summit, The (Girara no gyakushû: Tôya-ko Samitto kikiippatsu)','098186733-2',40),(943,'Bones','369807267-X',31),(944,'Anchorman 2: The Legend Continues','063318815-8',21),(945,'Appointment with Death','500902109-9',18),(946,'Licence to Kill','324305232-7',8),(947,'Tribe, The (Plemya)','723359716-2',24),(948,'Little Children','933174146-4',12),(949,'Backtrack (Catchfire)','384212238-1',5),(950,'Queen - Rock Montreal','595406368-0',1),(951,'Wend Kuuni (a.k.a. God\'s Gift)','153406618-7',27),(952,'Please Vote for Me','728541369-0',31),(953,'Contraband','030825003-6',19),(954,'Museum Hours','877031099-8',25),(955,'Dracula','157791958-0',19),(956,'El tren de la memoria','873057215-0',5),(957,'Disgrace','994204129-X',22),(958,'Savage Nights (Nuits fauves, Les)','036438169-8',13),(959,'First Day of the Rest of Your Life, The (Le premier jour du reste de ta vie)','911158160-3',25),(960,'Perfumed Nightmare','307101062-1',30),(961,'Night and Day (Bam gua nat)','235075856-7',38),(962,'Ultraviolet','117541807-2',23),(963,'Matador, The','678487030-1',32),(964,'Edie & Pen','039863915-9',21),(965,'Legend of Sleepy Hollow, The','498841475-2',39),(966,'Mysterious Island, The','902333088-9',7),(967,'Color Me Blood Red','721512094-5',25),(968,'We Still Kill the Old Way','153697522-2',18),(969,'How to Stop Being a Loser','101562313-1',36),(970,'Des gens qui s\'embrassent','142258211-6',18),(971,'Blindness','401332078-9',14),(972,'The White Haired Witch of Lunar Kingdom','613941180-7',18),(973,'Last Command, The','660945030-7',43),(974,'Foreign Affair, A','612846905-1',34),(975,'Tao of Steve, The','670173154-6',30),(976,'Kiki','124828306-6',44),(977,'Smiles of a Summer Night (Sommarnattens leende)','338225133-7',7),(978,'Love and Lemons (Små citroner gula)','983696467-3',35),(979,'Asphalt','667193776-1',12),(980,'Look of Love, The','375839915-7',40),(981,'The Captains','866837459-1',9),(982,'Message from Akira Kurosawa: For Beautiful Movies, A (Kurosawa Akira kara no messêji: Utsukushii eiga o)','634872264-3',37),(983,'On the Road','329401056-7',13),(984,'Hideaway','971986057-X',1),(985,'B. Monkey','119317207-1',31),(986,'Park Is Mine, The','746280016-0',9),(987,'Au Hasard Balthazar','610269323-X',37),(988,'Big Empty, The','741135622-0',25),(989,'Lonelyhearts','116607773-X',27),(990,'Maria Bamford: The Special Special Special!','830552096-X',45),(991,'Karen Cries on the Bus','370333415-0',24),(992,'Darwin Awards, The','058918343-5',19),(993,'The Hunchback of Paris','510757867-5',9),(994,'Return to House on Haunted Hill','551060769-6',2),(995,'Whisky Galore','776303740-7',3),(996,'Taken','908736251-X',16),(997,'Quarantine','722950330-2',29),(998,'Children of the Secret State','824419441-3',38),(999,'Wood, The','581144825-2',30),(1000,'Half Moon Street','760923647-0',41),(1001,'Waxworks (Das Wachsfigurenkabinett)','318637632-7',8),(1002,'Leontine','549550572-7',40),(1003,'Ong-Bak 3: The Final Battle (Ong Bak 3)','239516253-1',13),(1004,'Hackers','853790230-6',41),(1005,'Hostel','614279835-0',11),(1006,'The Great Alligator','888853075-4',9),(1007,'Thomas Jefferson','552990430-0',21),(1008,'North Beach','223701585-6',34),(1009,'Meet the Spartans','833236747-6',21),(1010,'Two Cents Worth of Hope (Due soldi di speranza)','361218760-0',8),(1011,'No Time For Sergeants','906929241-6',4),(1012,'Scenes of a Sexual Nature','078163503-9',33),(1013,'Circle, The (Dayereh)','494500372-6',37),(1014,'Meet Joe Black','675903022-2',29),(1015,'Accident','213306138-X',18),(1016,'She','527387701-6',47),(1017,'Badman\'s Country','000406115-2',43),(1018,'Dove, The','339465919-0',10),(1019,'Attack of the Killer Tomatoes!','995929168-5',14),(1020,'Nekromantik','737176839-6',43),(1021,'Return to Homs, The','098956619-6',10),(1022,'Kitchen Stories (Salmer fra kjøkkenet)','799719218-2',11),(1023,'I Spy','967732284-2',48),(1024,'Out for Justice','047903864-3',4),(1025,'Mike\'s Murder','931753827-4',48),(1026,'Whoopee!','029453789-9',14),(1027,'Sleeping Beauty, The (La belle endormie)','417570342-X',12),(1028,'Out of Balance: ExxonMobil\'s Impact on Climate Change','431097698-0',16),(1029,'Ape, The (Apan)','770573613-6',27),(1030,'Melinda and Melinda','731129107-0',7),(1031,'DMT: The Spirit Molecule','747015079-X',20),(1032,'Petits Freres (Petits Frères)','350546781-2',38),(1033,'Pitch Black','063701279-8',41),(1034,'Escape Me Never','239346538-3',32),(1035,'Letter to Three Wives, A','934270462-X',38),(1036,'Skeleton Key, The','092479115-2',26),(1037,'Frankenstein Conquers the World','928448971-7',19),(1038,'After Last Season','166647576-9',18),(1039,'7 Dwarves: The Forest Is Not Enough','666646954-2',48),(1040,'Breaking Up','302579356-2',31),(1041,'Santa Fe Trail','489761360-4',22),(1042,'Killing Them Softly','840564891-7',15),(1043,'Action Jackson','596466799-6',34),(1044,'Promise of the Flesh (Yukcheui yaksok)','156404396-7',7),(1045,'Citizen Cohn','271056443-2',35),(1046,'Guter Junge','727146876-5',16),(1047,'Krull','558880924-6',4),(1048,'Blue Sky','613447143-7',15),(1049,'Stalker','183607061-6',37),(1050,'Blood Trails ','414641982-4',30),(1051,'Bring It On: Fight to the Finish','696098665-6',7),(1052,'Across the Pacific','095244881-5',43),(1053,'Buffalo Girls','752323762-2',2),(1054,'Old Men in New Cars (Gamle mænd i nye biler)','133706678-8',31),(1055,'Mighty Macs, The','404592909-6',43),(1056,'Guilty as Sin','689648401-2',47),(1057,'White Mischief','740849965-2',1),(1058,'Last Warrior, The (Last Patrol, The)','264405159-2',6),(1059,'Border Feud','097855824-3',27),(1060,'Camelot','346776946-2',20),(1061,'Finding Normal','958854175-1',34),(1062,'Singer, The (Quand j\'étais chanteur)','042487749-X',44),(1063,'Dragon Ball Z: Bojack Unbound (Doragon bôru Z 9: Ginga girigiri!! Butchigiri no sugoi yatsu)','703728529-3',44),(1064,'Underworld','959756193-X',27),(1065,'The Walking Stick','124135042-6',45),(1066,'Deathmaker, The (Totmacher, Der)','416863000-5',8),(1067,'Deathsport','986880109-5',12),(1068,'Lakota Woman: Siege at Wounded Knee','685954480-5',3),(1069,'Badman\'s Country','093966051-2',22),(1070,'Carter, The','414135405-8',33),(1071,'Night to Remember, A','708208663-6',10),(1072,'Flock of Dodos: The Evolution-Intelligent Design Circus','355894578-6',20),(1073,'Dry Season (Daratt)','611599528-0',28),(1074,'Good Woman, A','092471736-X',38),(1075,'Condition Red (Beyond the Law)','427089259-5',48),(1076,'Jet Li\'s Fearless (Huo Yuan Jia)','772481586-0',10),(1077,'Squall, The','534815437-7',22),(1078,'Watch the Birdie','210477270-2',1),(1079,'Bat*21','774994316-1',10),(1080,'Morituri','160653541-2',19),(1081,'The Amazing Catfish','840306160-9',35),(1082,'Corn Is Green, The','543824086-8',17),(1083,'Cheap Detective, The','701446616-X',26),(1084,'Let\'s Talk About Sex','329670329-2',28),(1085,'Oh, Heavenly Dog!','481555667-9',7),(1086,'Apostle, The','959268211-9',11),(1087,'Perfume','332546760-1',38),(1088,'Scream of Stone (Cerro Torre: Schrei aus Stein)','109962886-5',15),(1089,'Tourist, The','582040709-1',29),(1090,'Hum Dil De Chuke Sanam','254603483-9',7),(1091,'Older Brother, Younger Sister (Ani imôto)','010350589-X',8),(1092,'Bullet Ballet','725980534-X',10),(1093,'Smart People','821082987-4',47),(1094,'Starcrash (a.k.a. Star Crash)','313889381-3',7),(1095,'24 City (Er shi si cheng ji)','340257983-9',11),(1096,'Public Woman, The (Femme publique, La)','584927461-8',43),(1097,'Player, The','332282916-2',11),(1098,'Una Noche','419227780-8',4),(1099,'Last Days in Vietnam','072738086-9',45),(1100,'Swordfish','488992885-5',4),(1101,'Caine Mutiny, The','087941248-8',3),(1102,'Going All the Way','275479427-1',22),(1103,'Charlie Chan at Monte Carlo','109942300-7',23),(1104,'America\'s Most Haunted Inns','462034053-7',10),(1105,'What Price Glory','175191429-1',6),(1106,'The Fat Spy','350066432-6',39),(1107,'First Target','470607154-2',22),(1108,'Rudolph the Red-Nosed Reindeer: The Movie','325659592-8',4),(1109,'Muddy River','205553452-1',18),(1110,'Here Comes Mr. Jordan','437379321-2',42),(1111,'Wind Chill','564598157-X',23),(1112,'Life is a Bed of Roses (Vie est un roman, La)','701139314-5',18),(1113,'Willow Creek','880073051-5',37),(1114,'Black Pirate, The','077754008-8',3),(1115,'Kawasaki\'s Rose ','233587890-5',46),(1116,'Final Conflict, The (a.k.a. Omen III: The Final Conflict)','947732060-9',45),(1117,'Santa Claus Is a Stinker (Le Père Noël est une ordure)','964118371-0',12),(1118,'Doctor Takes a Wife, The','171448310-X',38),(1119,'Battle of the Warriors','954089217-1',34),(1120,'Eye, The','070351330-3',12),(1121,'Asterix in America (a.k.a Asterix Conquers America) (Astérix et les Indiens)','647252117-4',5),(1122,'Mr. Smith Goes to Washington','312925259-2',7),(1123,'Snitch','397152678-0',4),(1124,'Coup de torchon (Clean Slate)','786273976-0',39),(1125,'Remo Williams: The Adventure Begins','665261715-3',45),(1126,'Summer of \'04 (Sommer \'04)','821407014-7',25),(1127,'Bulletproof Monk','415737911-X',11),(1128,'Zeitgeist: The Movie','965960102-6',40),(1129,'Bart Got a Room','993177814-8',2),(1130,'Number Two (Numéro deux)','501613094-9',45),(1131,'Triage','513370311-2',38),(1132,'Going to Kansas City','018565805-9',24),(1133,'Corto Maltese: Under the Sign of Capricorn (Sous le signe du capricorne)','764633440-5',22),(1134,'Crystal Lake Memories: The Complete History of Friday the 13th','976821017-6',9),(1135,'Mariachi, El','602913012-9',12),(1136,'Other Woman, The','348785127-X',45),(1137,'Pink Cadillac','822510749-7',39),(1138,'Riot on Sunset Strip','008672619-6',27),(1139,'Above Suspicion','428796171-4',27),(1140,'Asylum Blackout','506209258-2',8),(1141,'Long Gray Line, The','668701278-9',1),(1142,'Contract, The','286082115-5',40),(1143,'Roseland','642302357-3',34),(1144,'God\'s Puzzle (Kamisama no pazuru)','398896273-2',1),(1145,'Bride Flight','018388822-7',7),(1146,'Mummy\'s Curse, The','055820614-X',2),(1147,'Robinson Crusoe (Adventures of Robinson Crusoe, The)','480294871-9',9),(1148,'M. Butterfly','665622503-9',26),(1149,'Romeo and Juliet','260788166-8',8),(1150,'Heartbreak Hospital','935927538-7',42),(1151,'Una Noche','698383674-X',40),(1152,'Dust to Glory','750590254-7',22),(1153,'Die Hard','859224681-4',34),(1154,'Arrow, The','912201945-6',37),(1155,'Somewhere','288141954-2',37),(1156,'Hanzo the Razor: Sword of Justice (Goyôkiba)','043004270-1',18),(1157,'Dying Young','576655559-8',40),(1158,'Great Ecstasy of Robert Carmichael, The','721042638-8',27),(1159,'Cornered','857569655-6',13),(1160,'Film Noir: Bringing Darkness to Light','075103841-5',15),(1161,'Renegades','526621820-7',10),(1162,'Road to El Dorado, The','259341255-0',23),(1163,'Sailor Who Fell from Grace with the Sea, The','258823252-3',24),(1164,'Without a Paddle','730058255-9',13),(1165,'Raanjhanaa','641275000-2',2),(1166,'Sign of Four, The','001254573-2',20),(1167,'Tales from the Script','536398851-8',7),(1168,'Ella Enchanted','101327337-0',22),(1169,'Young Bess','117823274-3',34),(1170,'Bed & Board (Domicile conjugal)','741299559-6',1),(1171,'London After Midnight','235949100-8',41),(1172,'Angele','984351630-3',48),(1173,'Place Called Chiapas, A','676063640-6',35),(1174,'To Do List, The','447575531-X',10),(1175,'Cherry','339930359-9',4),(1176,'My Son (Mon fils à moi)','035163292-1',6),(1177,'Subspecies','303752978-4',37),(1178,'Dinner for Schmucks','029568997-8',37),(1179,'Driving Miss Daisy','765527953-5',12),(1180,'Hitcher, The','935669075-8',42),(1181,'Bill Burr: You People Are All the Same','607507577-1',13),(1182,'Haunted Castle, The (Hiroku kaibyô-den)','674423382-3',21),(1183,'Chunhyang','924283588-9',35),(1184,'Gumball Rally, The','099345687-1',39),(1185,'Who the #$&% is Jackson Pollock?','004302175-1',42),(1186,'Murder, Inc.','738223513-0',43),(1187,'Getting Back to Abnormal','639371797-1',27),(1188,'Dogs in Space','312453446-8',22),(1189,'How 2 Build a Rapper','257479087-1',31),(1190,'Maniac Cop 2','024611481-9',38),(1191,'Happy People: A Year in the Taiga','537311313-1',29),(1192,'Ghost World','149343323-7',45),(1193,'Victory','076690868-2',25),(1194,'Babysitters, The','705240180-0',24),(1195,'Touch of Zen, A (Xia nu)','728807768-3',39),(1196,'Deep Rising','844038637-0',26),(1197,'Ice Station Zebra','915651387-9',41),(1198,'Haunting at Silver Falls, A','676058317-5',26),(1199,'Appleseed (Appurushîdo)','163072785-7',30),(1200,'It Runs in the Family (My Summer Story)','083970948-X',15),(1201,'Broadway Damage','278118509-4',5),(1202,'Priest','087996934-2',30),(1203,'Holiday Wishes','382503231-0',14),(1204,'The Beast of the City','020020814-4',38),(1205,'Testament of Dr. Mabuse, The (Das Testament des Dr. Mabuse)','266809037-7',8),(1206,'Carriers','056740163-4',39),(1207,'After the Sunset','679039730-2',45),(1208,'City of Fear','427735273-1',3),(1209,'Truth, The ','682511419-0',28),(1210,'Baron Blood (Orrori del castello di Norimberga, Gli)','740889186-2',33),(1211,'Hairdresser\'s Husband, The (Le mari de la coiffeuse)','654999877-8',14),(1212,'Underworld','589211267-5',41),(1213,'McQ','532008916-3',42),(1214,'Walter Defends Sarajevo (Valter brani Sarajevo)','465598213-6',1),(1215,'Scorchers','542070193-6',1),(1216,'Devil Wears Prada, The','706582058-0',42),(1217,'Complete History of My Sexual Failures, A','414381708-X',19),(1218,'Shadow Boxers','958472033-3',1),(1219,'Footprints on the Moon (Le orme) (Primal Impulse)','145689631-8',13),(1220,'7 Days (Les 7 jours du talion)','653029201-2',44),(1221,'Anna Christie','017798531-3',13),(1222,'Dear Heart','633977099-1',35),(1223,'La liga no es cosa de hombres','413336356-6',47),(1224,'Wild Child','421920287-0',30),(1225,'Reconstituirea (Reconstruction)','310822891-9',3),(1226,'Day at the Races, A','788211833-8',10),(1227,'Touch of Class, A','101568586-2',12),(1228,'Million Dollar Duck, The (a.k.a. $1,000,000 Duck)','268505458-8',32),(1229,'St Trinian\'s 2: The Legend of Fritton\'s Gold','345430779-1',37),(1230,'Scary Movie 4','096346448-5',5),(1231,'Disappearance of Alice Creed, The','950594592-2',39),(1232,'Monitors, The','414055533-5',40),(1233,'In My Father\'s Den','436837726-5',20),(1234,'Joysticks','189690861-6',18),(1235,'7th Floor','805924896-0',37),(1236,'Poor White Trash','059541196-7',45),(1237,'Goodbye Girl, The','445188186-2',42),(1238,'Warrior of the Lost World','535615586-7',44),(1239,'Chastity Bites','136639269-8',44),(1240,'Jane Eyre','659727946-8',40),(1241,'Avventura, L\' (Adventure, The)','973178862-X',31),(1242,'That\'s Entertainment','906729108-0',14),(1243,'Joy Luck Club, The','345156361-4',47),(1244,'Leprechaun: Origins','136662592-7',21),(1245,'Hangin\' with the Homeboys','853732565-1',24),(1246,'Like It Is','267417998-8',8),(1247,'Glenn Miller Story, The','980589577-7',43),(1248,'Conversations with My Gardener (Dialogue avec mon jardinier)','949733830-9',47),(1249,'Sunless (Sans Soleil)','618885129-7',3),(1250,'Kenny Begins','539255104-1',24),(1251,'Shame (Skammen)','389198931-8',14),(1252,'Comedy, The','542642294-X',25),(1253,'Ricky & Barabba','759768923-3',9),(1254,'Horse Boy, The','180153815-8',26),(1255,'Prairie Fever','221346243-7',28),(1256,'Above the Street, Below the Water (Over gaden under vandet)','115310311-7',13),(1257,'Never Play Clever Again (Gendarme et les gendarmettes, Le)','223273592-3',47),(1258,'Kill Your Darlings','823031128-5',19),(1259,'The Gallant Hours','864669692-8',17),(1260,'Mike\'s New Car','816926325-5',31),(1261,'Lost in Space','650492151-2',6),(1262,'Seven Sinners','038661505-5',6),(1263,'One and Only, The (Eneste ene, Den)','268858247-X',38),(1264,'Junior','427252058-X',32),(1265,'Dragon Ball Z: The Return of Cooler (Doragon bôru Z 6: Gekitotsu! Hyakuoku pawâ no senshi)','914751091-9',26),(1266,'Unbearable Lightness of Being, The','436338434-4',32),(1267,'Rob Roy','084764826-5',35),(1268,'Your Friends and Neighbors','325734724-3',45),(1269,'Manrape (Män kan inte våldtas) ','582283536-8',26),(1270,'Last Polka, The','550755234-7',32),(1271,'City of Violence, The (Jjakpae)','910096006-3',44),(1272,'So Normal (Normais, Os)','966382040-3',31),(1273,'Susana (Devil and the Flesh, The)','825035609-8',30),(1274,'A.K.','550720867-0',37),(1275,'Moonlight Serenade','643532483-2',25),(1276,'It Might Get Loud','449401723-X',7),(1277,'Suur Tõll','117493656-8',36),(1278,'Slumber Party Massacre II','012454488-6',26),(1279,'Man with the Iron Fists, The','324374186-6',19),(1280,'It\'s a Wonderful Life','607122162-5',44),(1281,'Cheerleaders, The','258914129-7',28),(1282,'Better Way to Die, A','158861767-X',47),(1283,'Eden of the East the Movie I: The King of Eden (Higashi no Eden Gekijoban)','432782452-6',20),(1284,'Walking with Monsters','236655199-1',10),(1285,'Disturbia','063551500-8',22),(1286,'Heartlands','009352243-6',24),(1287,'Fist of the North Star','096180781-4',5),(1288,'Whisper of the Heart (Mimi wo sumaseba)','445640720-4',16),(1289,'The Chatterley Affair','186519147-7',38),(1290,'Last Time I Saw Archie, The','192707480-0',43),(1291,'Dead of Night','313176896-7',24),(1292,'Even Cowgirls Get the Blues','414710643-9',21),(1293,'And the Band Played On','013448916-0',48),(1294,'Man from Earth, The','386343483-8',23),(1295,'That Day, on the Beach (Hai tan de yi tian)','621327106-6',34),(1296,'Ivan the Terrible, Part Two (Ivan Groznyy II: Boyarsky zagovor)','453599405-6',48),(1297,'Whity','657843672-3',28),(1298,'Carnage','114559341-0',38),(1299,'Link','822388325-2',4),(1300,'Take This Waltz','627467940-5',1),(1301,'Gertrud','875664192-3',45),(1302,'Close My Eyes','610278159-7',2),(1303,'Queen of the Damned','284986349-1',34),(1304,'Partners','029363484-X',25),(1305,'The Nautical Chart','848565157-X',12),(1306,'See This Movie','798246277-4',38),(1307,'My Boyfriends\' Dogs','797393398-0',27),(1308,'Public Eye, The','024849899-1',24),(1309,'Boy (Shônen)','186464128-2',32),(1310,'Caught','395694109-8',35),(1311,'Kitty','708315152-0',33),(1312,'Schizopolis','282586757-8',15),(1313,'That Uncertain Feeling','380634127-3',10),(1314,'The Fuller Brush Man','735169335-8',36),(1315,'Terror, The','246377604-8',42),(1316,'Bad Boys','484724043-X',11),(1317,'Burning Secret','467037378-1',47),(1318,'Entertainer, The','172355425-1',46),(1319,'Hellraiser: Revelations','388928610-0',10),(1320,'Soup to Nuts','630297052-0',46),(1321,'Maniac Cop 2','176194269-7',34),(1322,'Hideaway','243201958-X',47),(1323,'Lilies of the Field','686980879-1',30),(1324,'Thief of Bagdad, The','479720530-X',33),(1325,'Messengers 2: The Scarecrow','649604332-9',21),(1326,'Abouna','345550898-7',12),(1327,'Wit','117943422-6',14),(1328,'Rabid Grannies (Mémés cannibales, Les)','148964479-2',43),(1329,'Driven to Kill','734858462-4',41),(1330,'Girl Who Talked to Dolphins, The','358347332-9',7),(1331,'Funny Games U.S.','768508357-4',8),(1332,'Victory Through Air Power','350071547-8',33),(1333,'Hardball','275966033-8',48),(1334,'Blown Away','751432433-X',41),(1335,'Red Elvis, The (Der rote Elvis)','977780540-3',26),(1336,'Koch','880371794-3',5),(1337,'Riders','912498253-9',12),(1338,'Candles on Bay Street ','560437307-9',47),(1339,'Power Play','634635332-2',45),(1340,'Captain America II: Death Too Soon','473655910-1',1),(1341,'Back to School with Franklin','453731842-2',42),(1342,'Dossier 51 (Dossier 51, Le)','558620191-7',30),(1343,'Come Back, Little Sheba','700471551-5',46),(1344,'Tempest, The','477548886-4',11),(1345,'Batman: Assault on Arkham','269985357-7',32),(1346,'Titanic','627314364-1',15),(1347,'Pruitt-Igoe Myth, The','474615985-8',30),(1348,'Sahara','384113758-X',27),(1349,'Homevideo','331995726-0',22),(1350,'Enchanted Cottage, The','925339766-7',28),(1351,'Dummy','080613008-3',16),(1352,'Shaft','159008615-5',9),(1353,'Zombie Lake (Lac des morts vivants, Le) (Zombies Lake) (Lake of the Living Dead, The)','289757568-9',47),(1354,'Suspended Animation','105528088-X',21),(1355,'Last Holiday','572285654-1',7),(1356,'Kiss the Girls','612165292-6',14),(1357,'Other Voices, Other Rooms','032445706-5',27),(1358,'Manon of the Spring','069577711-4',28),(1359,'Jude','984370878-4',24),(1360,'In the Mouth of Madness','732961882-9',34),(1361,'Christopher Strong','626863791-7',8),(1362,'Bronx Tale, A','188350359-0',39),(1363,'Waxwork','212947015-7',3),(1364,'Black Moon','665754375-1',5),(1365,'Stay Tuned','927663173-9',34),(1366,'Comes a Bright Day','781510205-0',9),(1367,'One-Way Ticket to Mombasa (Menolippu Mombasaan)','673348825-6',5),(1368,'Bride of Re-Animator','342903259-8',22),(1369,'Emma','691274887-2',34),(1370,'Three Wise Men (Kolme viisasta miestä)','166147487-X',14),(1371,'Dinoshark','320760662-8',40),(1372,'Cyrano de Bergerac','862799340-8',38),(1373,'Breathe In','947316307-X',29),(1374,'Exorcist: The Beginning','764395437-2',19),(1375,'Big Picture, The','594974181-1',30),(1376,'Brubaker','236574729-9',8),(1377,'Raisin in the Sun, A','146305368-1',23),(1378,'Invictus','749429941-6',32),(1379,'Boys & Girl from County Clare, The (a.k.a. The Boys from County Clare)','109082509-9',37),(1380,'Chess Players, The (Shatranj Ke Khilari)','845435140-X',24),(1381,'Legend of Lylah Clare, The','274355315-4',19),(1382,'Gate of Heavenly Peace, The','535384707-5',2),(1383,'Eating Raoul','776552052-0',48),(1384,'Run','151741773-2',6),(1385,'Ash Wednesday','061982316-X',25),(1386,'Super','648223931-5',16),(1387,'Closer You Get, The','275480732-2',24),(1388,'Last Man Standing','102722348-6',48),(1389,'In the Soup','621221642-8',41),(1390,'Down to the Cellar (Do pivnice)','303146761-2',8),(1391,'Unholy Three, The','772311623-3',36),(1392,'Summer of \'04 (Sommer \'04)','024346091-0',8),(1393,'Queen of Montreuil','359061883-3',36),(1394,'Fidanzati, I (Fiances, The)','893748512-5',4),(1395,'My Sex Life... or How I Got Into an Argument (Comment je me suis disputé... (ma vie sexuelle))','246001365-5',14),(1396,'Brass Monkey','081184123-5',43),(1397,'Dog Soldiers','252213600-3',22),(1398,'Bring It On: In It To Win It','467786364-4',35),(1399,'Witches of Eastwick, The','292544498-9',6),(1400,'Fast Five (Fast and the Furious 5, The)','672366326-8',46),(1401,'Two Solutions for One Problem (Dow Rahehal Baraye yek Massaleh)','790977576-8',22),(1402,'Pavement: Slow Century','124981609-2',4),(1403,'The Mystery of the Leaping Fish','018432208-1',15),(1404,'Elephant White','001417068-X',22),(1405,'Go Tigers!','330722272-4',7),(1406,'Days of Thunder','532827761-9',4),(1407,'Louise-Michel','936291311-9',40),(1408,'Mentiras y gordas','122397277-1',18),(1409,'Cohen and Tate','695309072-3',20),(1410,'Candy','815498186-6',2),(1411,'Notting Hill','634408559-2',17),(1412,'War of the Dead - Stone\'s War ','657344227-X',7),(1413,'Mourning Forest, The (Mogari no mori)','526083324-4',29),(1414,'Jönssonligan får guldfeber','110439434-0',34),(1415,'Dynamite','709513307-7',34),(1416,'Real McCoy, The','582076051-4',13),(1417,'Wackness, The','252719279-3',19),(1418,'Suddenly, Last Winter (Improvvisamente l\'inverno scorso)','031458203-7',4),(1419,'Not of This Earth','008091705-4',16),(1420,'Rulers of the City','525121323-9',1),(1421,'Archie To Riverdale and Back Again','982821015-0',32),(1422,'Death Race 2000','428781044-9',8),(1423,'So Evil, So Young','768535528-0',39),(1424,'20,000 Years in Sing Sing','316911815-3',14),(1425,'Employees\' Entrance','703234316-3',18),(1426,'Santa Claus Has Blue Eyes (Le père Noël a les yeux bleus)','897299193-7',3),(1427,'Kiss Me (Kyss Mig)','484558890-0',25),(1428,'Moonwalker','541507742-1',7),(1429,'House of Dracula','765304285-6',14),(1430,'Hatchet II','648429441-0',46),(1431,'Made in Britain','516953413-2',21),(1432,'200 M.P.H.','805914044-2',4),(1433,'Little Red Flowers (Kan shang qu hen mei)','071838575-6',45),(1434,'Short Eyes','438953655-9',42),(1435,'Private Parts','202278486-3',41),(1436,'Times of Harvey Milk, The','633537240-1',30),(1437,'JFK: The Smoking Gun','147457281-2',8),(1438,'Tie That Binds, The','414425521-2',23),(1439,'Viva María!','052696960-1',32),(1440,'Finding Normal','301518164-5',38),(1441,'Armour of God (Long xiong hu di)','174192490-1',8),(1442,'Babette Goes to War','428992793-9',24),(1443,'Across the Hall','269308989-1',8),(1444,'Spud','864614063-6',9),(1445,'Fruitvale Station','426928146-4',12),(1446,'End of Love, The','901003094-6',9),(1447,'No Good Deed (a.k.a. The House on Turk Street)','446473598-3',3),(1448,'Great Passage, The (Fune wo amu)','912594755-9',10),(1449,'Five Angles on Murder','484240981-9',38),(1450,'Where Is the Friend\'s Home? (Where Is My Friend\'s House?) (Khane-ye doust kodjast?)','696256951-3',34),(1451,'Invisible War, The','897060985-7',23),(1452,'The Land Before Time XI: Invasion of the Tinysauruses','549002974-9',36),(1453,'Inherit the Wind','820714809-8',46),(1454,'Garden of Eden, The','231076419-1',29),(1455,'Armored','914385269-6',41),(1456,'City Slickers','379139523-8',19),(1457,'Mr. Vampire (Geung si sin sang)','310690919-6',39),(1458,'Man for a Day','906745800-7',30),(1459,'American Tail, An','044468945-1',42),(1460,'Crime on the Highway','160021817-2',25),(1461,'Breathing Room','850435905-0',6),(1462,'Kings of Mykonos, The','329223958-3',14),(1463,'Koi... Mil Gaya','622417929-8',24),(1464,'Waking Ned Devine (a.k.a. Waking Ned)','842155414-X',33),(1465,'Ten Little Indians (Ein Unbekannter rechnet ab) (And Then There Were None)','536021659-X',23),(1466,'Fine Madness, A','573249666-1',21),(1467,'Look Who\'s Talking Too','572511188-1',17),(1468,'Two for the Money','087205386-5',16),(1469,'Summer of Blood','520257817-2',39),(1470,'Moon Is Blue, The','770320462-5',5),(1471,'That Uncertain Feeling','647087682-X',15),(1472,'Snatch','860222288-2',4),(1473,'No Nukes','491838606-7',13),(1474,'Crime and Punishment','867205182-3',30),(1475,'Lovesick','814765514-2',30),(1476,'Off Beat','532376251-9',26),(1477,'Trials of Oscar Wilde, The','678595471-1',28),(1478,'Priest','911110300-0',44),(1479,'World\'s Greatest Lover, The','910333750-2',34),(1480,'Hey Ram','152844189-3',38),(1481,'Society','465042710-X',48),(1482,'Santa\'s Apprentice','662660747-2',17),(1483,'Seven Years Bad Luck','522391934-3',6),(1484,'Ollin oppivuodet','151164594-6',34),(1485,'For Heaven\'s Sake','436256792-5',29),(1486,'Scusa ma ti chiamo amore','818867775-2',39),(1487,'All is Bright','011929876-7',7),(1488,'Suddenly (Tan de Repente)','125534710-4',18),(1489,'Claymation Christmas Celebration, A','362241297-6',17),(1490,'God Said \'Ha!\'','280179883-5',48),(1491,'Super Bitch','162861750-0',15),(1492,'They Call Me Bruce? (a.k.a. A Fistful of Chopsticks)','839860673-8',34),(1493,'About Time','767191036-8',24),(1494,'Three Faces of Eve, The','329620764-3',26),(1495,'Soldier, The','050743837-X',43),(1496,'Little Princess, The','172713757-4',28),(1497,'5th Day of Peace (Dio è con noi)','169063213-5',16),(1498,'The Plague of the Zombies','665427962-X',37),(1499,'Waterland','642462445-7',1),(1500,'Martin & Orloff','373799701-2',29),(1501,'Asylum','805896040-3',43),(1502,'Runaway Jury','620139112-6',43),(1503,'Whatever It Takes','302523755-4',22),(1504,'Mississippi Grind','803097158-3',31),(1505,'Soulless','434756434-1',34),(1506,'On My Way (Elle s\'en va)','778234763-7',8),(1507,'The Dark Knight','241116200-6',7),(1508,'Home for the Holidays','680410986-4',34),(1509,'Honest Liar, An','977105312-4',27),(1510,'Men Without Women','134151206-1',25),(1511,'Beautiful Life, A','035247957-4',43),(1512,'Body, The','984473651-X',5),(1513,'Perfect Fake, A','805723493-8',13),(1514,'Swing','324512974-2',2),(1515,'Small Cuts (Petites coupures)','932045346-2',40),(1516,'Gorky Park','676897895-0',8),(1517,'White Rose, The (Weiße Rose, Die)','960323976-3',15),(1518,'Dreamgirls','992901335-0',3),(1519,'Doctor at Large','769479357-0',29),(1520,'Picnic at Hanging Rock','786375069-5',30),(1521,'See What I\'m Saying: The Deaf Entertainers Documentary','484930214-9',32),(1522,'Mickey\'s Twice Upon a Christmas','481558950-X',19),(1523,'Last Real Men, The (Die letzten Männer)','242286294-2',37),(1524,'Color Wheel, The','497759128-3',22),(1525,'Happy Poet, The','840170380-8',8),(1526,'Downhill','576257957-3',32),(1527,'Tight Spot','515184912-3',47),(1528,'Child\'s Play 2','733796339-4',48),(1529,'Birdwatchers (BirdWatchers - La terra degli uomini rossi)','499722157-0',5),(1530,'The Hobbit: The Battle of the Five Armies','791219409-6',14),(1531,'Amistad','974291531-8',37),(1532,'V. I. Warshawski','588049660-0',19),(1533,'Brute (Bandyta)','830986847-2',25),(1534,'13 Beloved (13 game sayawng)','562517011-8',44),(1535,'The Monkey Hustle','427032317-5',43),(1536,'Sharpay\'s Fabulous Adventure','570414573-6',35),(1537,'Behind Enemy Lines II: Axis of Evil','541011973-8',19),(1538,'When the Bough Breaks','975127111-8',15),(1539,'The Red Inn','373072901-2',41),(1540,'Desert Blue','826506301-6',20),(1541,'Crossover','567559228-8',7),(1542,'Whatever It Takes','279027925-X',44),(1543,'Säg att du älskar mig','516859058-6',32),(1544,'Out to Sea','603745592-9',31),(1545,'Tokyo Chorus (Tôkyô no kôrasu)','765793388-7',2),(1546,'Isle, The (Seom)','596349167-3',33),(1547,'Magadheera','700938412-6',46),(1548,'National Lampoon\'s Lady Killers (National Lampoon\'s Gold Diggers)','505964581-9',27),(1549,'Broken Flowers','687069257-2',8),(1550,'Boys Don\'t Cry (Chlopaki nie placza)','962901258-8',41),(1551,'The Madagascar Penguins in a Christmas Caper','816537829-5',42),(1552,'L: Change the World','973579268-0',9),(1553,'As We Were Dreaming','434381198-0',27),(1554,'Girls Against Boys ','283932155-6',27),(1555,'Heavyweights (Heavy Weights)','552607549-4',6),(1556,'Leprechaun: Origins','456454621-X',17),(1557,'Cabinet of Dr. Ramirez, The','417247429-2',25),(1558,'Gia','869682997-2',45),(1559,'Black Gold','964474009-2',43),(1560,'Gigi','259372170-7',11),(1561,'Dance of Reality, The (Danza de la realidad, La)','687917831-6',38),(1562,'Laughing Policeman, The','494818404-7',3),(1563,'Sallah','039786448-5',38),(1564,'Crime Zone','218857565-2',47),(1565,'Don Jon','881685027-2',37),(1566,'Spiders Part 1: The Golden Lake, The (Die Spinnen, 1. Teil: Der Goldene See)','304047521-5',18),(1567,'Jason Becker: Not Dead Yet','965489474-2',43),(1568,'Separation, The (Séparation, La)','199935303-X',31),(1569,'Tight Spot','366708484-6',13),(1570,'Dream (Bi-mong)','130088590-4',15),(1571,'L.627','075510366-1',9),(1572,'Citizen Ruth','499336653-1',32),(1573,'Secret Life of Walter Mitty, The','833250391-4',27),(1574,'Mrs. Winterbourne','017371544-3',31),(1575,'KM 31: Kilometro 31','681165398-1',29),(1576,'Riki-Oh: The Story of Ricky (Lik Wong)','774299917-X',4),(1577,'Jungle Fighters','694632035-2',5),(1578,'Wondrous Oblivion','183143892-5',1),(1579,'Initiation, The','429982070-3',36),(1580,'Last Resort (National Lampoon\'s Last Resort)','434974500-9',16),(1581,'Eegah','015374509-6',42),(1582,'Mummy\'s Hand, The','890898358-9',1),(1583,'Talking Funny','009119928-X',43),(1584,'Girl Who Leapt Through Time, The (Toki o kakeru shôjo)','357128191-8',6),(1585,'Auschwitz: The Nazis and the \'Final Solution\'','101018637-X',35),(1586,'Hell','499980787-4',12),(1587,'Turin Horse, The (A Torinói ló)','988844513-8',42),(1588,'Heartbreak Kid, The','656782047-0',37),(1589,'Budd Boetticher: A Man Can Do That','058991405-7',7),(1590,'First Man Into Space','589451717-6',40),(1591,'Fairly Odd Movie: Grow Up, Timmy Turner!, A','212656777-X',48),(1592,'My Baby\'s Daddy','915328181-0',38),(1593,'Great Sinner, The','981336184-0',11),(1594,'Beau Geste','334717218-3',46),(1595,'Heart of a Lion (Leijonasydän)','612735652-0',23),(1596,'Informant!, The','735734800-8',34),(1597,'Thirty-Nine Steps, The','660430861-8',9),(1598,'Paper Man','453531021-1',4),(1599,'Muse, The','558779714-7',48),(1600,'Sunshine','695376790-1',41),(1601,'Cool It','470530242-7',26),(1602,'Trigun: Badlands Rumble','722794172-8',42),(1603,'Sherlock Holmes: Dressed to Kill','235557238-0',30),(1604,'Steel Helmet, The','567762999-5',19),(1605,'Four Rooms','769841774-3',32),(1606,'What the #$*! Do We Know!? (a.k.a. What the Bleep Do We Know!?)','760785777-X',23),(1607,'From Beyond','275564080-4',7),(1608,'Il Capitano','326228478-5',46),(1609,'Proxy','220657949-9',27),(1610,'Lock Up','686404030-5',44),(1611,'Baran','906000898-7',2),(1612,'Bush\'s Brain','272714025-8',25),(1613,'Devil\'s Backbone, The (Espinazo del diablo, El)','843689969-5',2),(1614,'Evening with Kevin Smith, An','466656306-7',13),(1615,'Constant Gardener, The','937735103-0',45),(1616,'Mickey, Donald, Goofy: The Three Musketeers','939685907-9',11),(1617,'Bhowani Junction','788866808-9',32),(1618,'St. George Shoots the Dragon (Sveti Georgije ubiva azdahu)','525054488-6',12),(1619,'Lovecraft: Fear of the Unknown','993542450-2',13),(1620,'Princess Protection Program','245471174-5',29),(1621,'Foolproof','742669369-4',6),(1622,'Get Out Your Handkerchiefs (Préparez vos mouchoirs)','214338832-2',11),(1623,'Richard III','613512281-9',33),(1624,'Ulysses\' Gaze (To Vlemma tou Odyssea)','947174791-0',3),(1625,'Whatever Works','169722799-6',2),(1626,'Too Many Girls','582665540-2',26),(1627,'City of Angels','467148007-7',44),(1628,'Pavement: Slow Century','675982689-2',40),(1629,'Bastards of the Party','194686377-7',35),(1630,'Time and Tide (Seunlau Ngaklau)','591773921-8',19),(1631,'Logan\'s War: Bound by Honor','563257539-X',29),(1632,'Critical Care','221137125-6',35),(1633,'Orchestra Wives','278262289-7',16),(1634,'Abandoned, The','762375247-2',23),(1635,'American Ninja','998687454-8',1),(1636,'Horse\'s Mouth, The','036833698-0',7),(1637,'Thumbsucker','208949052-7',46),(1638,'Starsky & Hutch','332941998-9',23),(1639,'Little Bit of Heaven, A','046448867-2',40),(1640,'The 11 Commandments','747712651-7',31),(1641,'Of Freaks and Men (Pro urodov i lyudey)','668563185-6',37),(1642,'Cypher','646103738-1',11),(1643,'How They Get There','822902159-7',6),(1644,'Plutonium Circus','508077058-9',37),(1645,'Ciao Bella','272200178-0',8),(1646,'Hell Ride','899517390-4',35),(1647,'Bopha!','542176819-8',27),(1648,'Slave of Love, A (Raba lyubvi)','004377899-2',35),(1649,'Ugly Duckling and Me!, The','957729775-7',10),(1650,'Man on the Moon','832793212-8',17),(1651,'Kramer vs. Kramer','622624044-X',29),(1652,'I\'m Crazy About Iris Blond','583974990-7',45),(1653,'Christmas Eve','319611309-4',42),(1654,'Street Trash','320640975-6',3),(1655,'Devil\'s Carnival, The','918505775-4',15),(1656,'Immortal Story, The (Histoire immortelle)','368111068-9',19),(1657,'Airheads','577757307-X',44),(1658,'John Q','078457743-9',26),(1659,'Animal House','624977579-X',14),(1660,'Whispering Corridors (Yeogo Goedam)','784713219-2',16),(1661,'Never Say Never Again','829907914-4',11),(1662,'Dr. Jekyll and Ms. Hyde','256799120-4',42),(1663,'Oranges and Sunshine','354407193-2',1),(1664,'Open Grave','716811815-3',13),(1665,'Sleeping with Other People','125748980-1',5),(1666,'In God We Teach','141904984-4',33),(1667,'Ghost Voyage','122943293-0',25),(1668,'Meat the Truth','784711672-3',31),(1669,'Flight of the Red Balloon (Voyage du ballon rouge, Le)','508222865-X',27),(1670,'Winnie the Pooh and a Day for Eeyore','396583769-9',10),(1671,'Filth','983098156-8',32),(1672,'Yes: 9012 Live','553973482-3',21),(1673,'Princess Caraboo','992176040-8',39),(1674,'Resurrected, The','230074312-4',3),(1675,'Mating Season, The','070093918-0',13),(1676,'A Grain of Truth','541138008-1',9),(1677,'Last Resort','736466765-2',45),(1678,'Disneyland Dream','921933232-9',14),(1679,'Brooklyn Bridge','051278814-6',10),(1680,'Nobody\'s Baby','393143709-4',5),(1681,'Prisoner of Zenda, The','910177465-4',23),(1682,'Mad Bastards','383117994-8',45),(1683,'Baggage Claim','344927794-4',23),(1684,'Labyrinth of Lies','626950746-4',35),(1685,'Young Ones','736184736-6',5),(1686,'Slumdog Millionaire','872833454-X',20),(1687,'Brute Force','438689359-8',42),(1688,'Predators','516692340-5',26),(1689,'Gotcha!','276793303-8',16),(1690,'Tarzan, the Ape Man','211804928-5',4),(1691,'News from Home','832480111-1',30),(1692,'Shanks','710195517-7',32),(1693,'Spring in a Small Town (Xiao cheng zhi chun)','266647755-X',36),(1694,'Ellie Parker','739602321-1',34),(1695,'Laramie Project, The','005693818-7',20),(1696,'Bigfoot Lives','114025221-6',2),(1697,'Glimmer Man, The','754785925-9',9),(1698,'City of Hope','222477833-3',7),(1699,'Breaking Point','985996591-9',3),(1700,'Congress, The','548651980-X',7),(1701,'Heights','302083312-4',1),(1702,'Hard Core Logo','605257013-X',24),(1703,'Dunwich Horror, The','965143191-1',34),(1704,'Swades: We, the People (Our Country)','665048166-1',22),(1705,'Hyenas (Hyènes)','564454165-7',12),(1706,'Transcendence','273712777-7',30),(1707,'Tooth Fairy','205343501-1',39),(1708,'Banger Sisters, The','454365239-8',11),(1709,'We Bought a Zoo','316757978-1',7),(1710,'Watercolors','147482020-4',30),(1711,'Pine Flat','581675125-5',41),(1712,'Wyatt Earp','308909910-1',26),(1713,'Arabesque','833920279-0',14),(1714,'100 Girls','071212388-1',17),(1715,'Rendezvous in Paris (Rendez-vous de Paris, Les)','117242859-X',1),(1716,'Jane Eyre','798729996-0',3),(1717,'Tap','327887747-0',14),(1718,'5 Against the House','677999273-9',7),(1719,'Stealth','727932688-9',38),(1720,'Lights Out','399226383-5',7),(1721,'Night Gallery','852349076-0',3),(1722,'Ghost and Mrs. Muir, The','932382144-6',5),(1723,'Laurel Canyon','150741609-1',21),(1724,'King Lear (Korol Lir)','408294456-7',38),(1725,'Burning Bright','354959412-7',18),(1726,'Walker, The','881454452-2',17),(1727,'You\'re Gonna Miss Me','698066398-4',12),(1728,'Welcome to the Space Show (Uchû shô e yôkoso)','105596858-X',2),(1729,'Idolmaker, The','882389665-7',37),(1730,'Babe','169918938-2',46),(1731,'Stricken (Er komt een vrouw bij de dokter)','340726300-7',18),(1732,'Without a Paddle: Nature\'s Calling','137644714-2',22),(1733,'My Kingdom','815756874-9',25),(1734,'Zero Effect','678150035-X',36),(1735,'Thief of Paris, The (Le voleur)','261464145-6',24),(1736,'Crackerjack','870071691-X',26),(1737,'Carrington','712144628-6',41),(1738,'E=mc2','015498552-X',14),(1739,'Men in War','459154316-1',5),(1740,'Interstellar','061161372-7',27),(1741,'Jungle Book of Regulations, A (Nie Ma Rozy Bez Ognia)','573126629-8',1),(1742,'Scene at the Sea, A (Ano natsu, ichiban shizukana umi)','960974951-8',39),(1743,'Bay, The','434522528-0',33),(1744,'Not Another Not Another Movie','244017602-8',28),(1745,'Mansion of Madness, The','948337029-9',9),(1746,'Out 1: Spectre','973127783-8',29),(1747,'Chapman Report, The','784404757-7',4),(1748,'I Am Dina','319696857-X',14),(1749,'Twisted','868430713-5',28),(1750,'Pat and Mike','335143716-1',5),(1751,'State Affairs (Une affaire d\'état)','466776015-X',31),(1752,'Dacii','202762688-3',20),(1753,'Money Talks','181697948-1',32),(1754,'Rains Came, The','769878045-7',13),(1755,'Thunder Soul','618254891-6',12),(1756,'Method, The (Método, El)','471009792-5',5),(1757,'Paradise: Hope (Paradies: Hoffnung)','674032001-2',37),(1758,'Seeking a Friend for the End of the World','681453761-3',42),(1759,'Five Star Final','483301873-X',17),(1760,'Odd Man Out','143641355-9',35),(1761,'Mad Ron\'s Prevues from Hell','770846123-5',9),(1762,'Eye for an Eye','426017597-1',25),(1763,'Atlas Shrugged: Part 1','069619494-5',12),(1764,'Diary for Timothy, A','045163378-4',25),(1765,'Little Nicky','398872283-9',38),(1766,'Some Girls','265942487-X',12),(1767,'Wildest Dream, The','952591797-5',27),(1768,'Werner - Das muss kesseln!!!','551425344-9',48),(1769,'Ponterosa','585629157-3',27),(1770,'Death of a Cyclist (Muerte de un ciclista)','466201694-0',41),(1771,'Me & Isaac Newton','654508648-0',35),(1772,'Mustasukkaisuus','584705804-7',8),(1773,'Any Given Sunday','784754357-5',38),(1774,'Mexican, The','864943226-3',19),(1775,'How I Won the War','587578860-7',47),(1776,'Pancho, the Millionaire Dog','385431028-5',30),(1777,'Reality','712932189-X',25),(1778,'Maleficent','061959859-X',22),(1779,'Predator 2','195278587-1',10),(1780,'Life of Oharu, The (Saikaku ichidai onna)','288498214-0',34),(1781,'Proof','049345474-8',36),(1782,'The (Dead Mothers) Club','680249675-5',33),(1783,'No One Knows About Persian Cats (Kasi az gorbehaye irani khabar nadareh)','977768497-5',29),(1784,'Diverted','885595690-6',12),(1785,'Dragonball Evolution','687655385-X',19),(1786,'Different from You and Me (Anders als du und ich) ','755816025-1',38),(1787,'Monday','227730541-3',13),(1788,'Went to Coney Island on a Mission From God... Be Back by Five','509265483-X',14),(1789,'Secret Admirer','668189192-6',18),(1790,'Sky Captain and the World of Tomorrow','308484566-2',41),(1791,'Brides (Nyfes)','689111689-9',8),(1792,'Aks','847488443-8',24),(1793,'Last Days of Mussolini (Mussolini: Ultimo atto)','647274695-8',22),(1794,'Metallica: Through the Never','310267421-6',39),(1795,'I Are You, You Am Me (Tenkosei)','873324920-2',17),(1796,'Casino Royale','420705421-9',28),(1797,'Cutie and the Boxer','135805750-8',41),(1798,'Black Hand','610732540-9',31),(1799,'Wild Reeds (Les roseaux sauvages)','196530503-2',26),(1800,'Who Wants to Kill Jessie? (Kdo chce zabít Jessii?)','385813944-0',38),(1801,'Killing Zoe','899376637-1',3),(1802,'Kiss of Death','951153689-3',30),(1803,'St. Elmo\'s Fire','380176514-8',25),(1804,'Parents','860275863-4',11),(1805,'Reach the Rock','538046885-3',29),(1806,'Family Guy Presents Stewie Griffin: The Untold Story','586867706-4',30),(1807,'Intruder, The','598506892-7',15),(1808,'Pellet (Bola, El)','429487548-8',43),(1809,'Big Snit, The','688381639-9',14),(1810,'Nothing Sacred','912921893-4',48),(1811,'Blood Games ','954507855-3',40),(1812,'Howling V: The Rebirth','161052244-3',28),(1813,'Stage Struck','683383085-1',24),(1814,'Sexy Beast','078508774-5',14),(1815,'Pancho, the Millionaire Dog','368930568-3',22),(1816,'Madonna of the Seven Moons','723761165-8',42),(1817,'Centenarian Who Climbed Out the Window and Vanished, The (Hundraåringen som klev ut genom fönstret och försvann)','236355655-0',12),(1818,'Scusa ma ti chiamo amore','333341965-3',42),(1819,'Dr. Wai in the Scriptures with No Words (Mao xian wang)','008037738-6',42),(1820,'Kid, The','233923530-8',30),(1821,'Devil in the Flesh','453877677-7',5),(1822,'Delicate Delinquent, The','538340860-6',22),(1823,'Time and Tide (Seunlau Ngaklau)','538111691-8',32),(1824,'Wedding Gift, The','433108246-6',48),(1825,'Dr. Otto and the Riddle of the Gloom Beam','616906901-5',14),(1826,'More American Graffiti','935412057-1',35),(1827,'On the Silver Globe (Na srebrnym globie)','438538883-0',45),(1828,'Slight Case of Murder, A','998527413-X',27),(1829,'Faculty, The','952055603-6',10),(1830,'Rome, Open City (a.k.a. Open City) (Roma, città aperta)','892130761-3',17),(1831,'Eastern Plays','430688726-X',26),(1832,'Skeletons','436067972-6',22),(1833,'Tale of Zatoichi, The (Zatôichi monogatari) (Zatôichi 1)','377941879-7',37),(1834,'Face in the Crowd, A','597047993-4',14),(1835,'What the #$*! Do We Know!? (a.k.a. What the Bleep Do We Know!?)','153040639-0',24),(1836,'3 Blind Mice','423624863-8',16),(1837,'Patsy','625208127-2',7),(1838,'Through the Forest','429713004-1',10),(1839,'Chalk Garden, The','905001702-9',41),(1840,'What\'s Eating Gilbert Grape','936096961-3',29),(1841,'Battle of Los Angeles','365739544-X',46),(1842,'Shining Night: A Portrait of Composer Morten Lauridsen','349480116-9',19),(1843,'Blue Valentine','900968627-2',24),(1844,'City Slickers II: The Legend of Curly\'s Gold','792430269-7',24),(1845,'Sorcerer and the White Snake, The (Bai she chuan shuo)','043507258-7',17),(1846,'Trainspotting','036004211-2',4),(1847,'Memorial Day','403583659-1',30),(1848,'Simple Simon (I rymden finns inga känslor)','005315778-8',7),(1849,'Detective, The (C+ jing taam)','672695889-7',42),(1850,'Pretty Village, Pretty Flame (Lepa sela lepo gore)','520457520-0',3),(1851,'Yonkers Joe','533396206-5',21),(1852,'Graduation Day','379756349-3',17),(1853,'Fugitive, The','944951653-7',47),(1854,'Miracle Mile','339355618-5',1),(1855,'Son of the Sheik, The','688478451-2',21),(1856,'Monkey Trouble','092996837-9',41),(1857,'Fantasia 2000','440195373-8',8),(1858,'Postal','559696363-1',7),(1859,'Sons of the Desert','215000264-7',39),(1860,'[REC]²','821873143-1',8),(1861,'Highly Dangerous','987672567-X',23),(1862,'Goods: Live Hard, Sell Hard, The','686197177-4',19),(1863,'Sea of Grass, The','863869595-0',19),(1864,'Boxing Gym','856397078-X',17),(1865,'Maya Lin: A Strong Clear Vision','505539927-9',13),(1866,'Perez.','595274479-6',30),(1867,'Phffft','914663114-3',19),(1868,'Class of Nuke \'Em High Part II: Subhumanoid Meltdown','745267682-3',40),(1869,'Brainstorm','416766620-0',18),(1870,'Stargate','479168588-1',26),(1871,'Man of the Year, The (O Homem do Ano)','283818687-6',7),(1872,'Vikings, The','270949517-1',25),(1873,'Hori Smoku Sailor Jerry: The Life of Norman K. Collins ','027202267-5',32),(1874,'Topralli','408291069-7',21),(1875,'Brotherhood','082390866-6',20),(1876,'Gigi','922845644-2',47),(1877,'11 Flowers (Wo 11)','188584001-2',40),(1878,'Hold That Ghost','100527026-0',4),(1879,'Simon','094706823-6',21),(1880,'Wanderers','100830327-5',16),(1881,'Cube of Sugar, A (Ye Habe Ghand)','808341646-0',45),(1882,'The Magical Legend of the Leprechauns','577257530-9',1),(1883,'Deewaar','333460280-X',40),(1884,'Birdy','958243795-2',47),(1885,'Fifty Pills','974579626-3',5),(1886,'Anima Mundi','843993989-2',30),(1887,'Raajneeti','265409266-6',2),(1888,'Cactus Flower','791873440-8',36),(1889,'Dead Set','381733410-9',19),(1890,'Father, The (Pedar)','571815667-0',37),(1891,'Wing and the Thigh, The (L\'aile ou la cuisse)','310749947-1',37),(1892,'Lemony Snicket\'s A Series of Unfortunate Events','351562803-7',39),(1893,'Ambush (Mai fu)','956364566-9',7),(1894,'Fighting Prince of Donegal, The','757787602-X',42),(1895,'SpaceCamp','134100892-4',11),(1896,'Star Packer, The','704922515-0',31),(1897,'Kept Husbands','927939612-9',15),(1898,'Lake, A (Un lac)','011663020-5',18),(1899,'Comancheros, The','820242753-3',5),(1900,'Dreamworld','416394948-8',45),(1901,'Class Trip, The (La classe de neige)','895296399-7',27),(1902,'Dark Shadows','705389179-8',45),(1903,'180° South (180 Degrees South) (180° South: Conquerors of the Useless)','028773169-3',23),(1904,'Spider Forest (Geomi sup)','778016056-4',45),(1905,'Double Harness','080984568-7',22),(1906,'Doghouse','176558786-7',18),(1907,'All Things to All Men','865100445-1',33),(1908,'Errand Boy, The','018473398-7',14),(1909,'Spirit Trap','323167814-5',19),(1910,'Late Bloomers','068295408-X',27),(1911,'Medora','767042951-8',45),(1912,'Gospel, The','921959792-6',37),(1913,'Footlight Parade','600583081-3',24),(1914,'Barfly','903965584-7',39),(1915,'Alter Egos','424632653-4',33),(1916,'Last Seduction, The','811690726-3',31),(1917,'Together (Han ni Zai Yiki)','416662696-5',12),(1918,'Ben','733823948-7',6),(1919,'Witches, The (Le streghe)','531985317-3',8),(1920,'Sex and the Single Girl','794296186-9',21),(1921,'Going Places (Valseuses, Les)','532165673-8',19),(1922,'Way Back, The','337220383-6',10),(1923,'Myth of Fingerprints, The','797852976-2',41),(1924,'Kino-Eye (Kinoglaz)','665700853-8',48),(1925,'Three Musketeers, The','499994376-X',13),(1926,'Arena','703741147-7',27),(1927,'May 6th (06/05)','949932226-4',42),(1928,'Not of This Earth','775214421-5',3),(1929,'Zorro','298916767-6',32),(1930,'Star Is Born, A','567113135-9',37),(1931,'Wrestler, The','219173446-4',12),(1932,'Bernice Bobs Her Hair','919788013-2',10),(1933,'Scarlet Street','834784581-6',2),(1934,'Prayer for the Dying, A','922951586-8',38),(1935,'The Noble Family','921647996-5',39),(1936,'Lodger, The','196908446-4',13),(1937,'Guess Who\'s Coming to Dinner','015897945-1',35),(1938,'Red Riding Hood','526905633-X',23),(1939,'Prayer for the Dying, A','224869664-7',34),(1940,'Samsara','703402050-7',1),(1941,'Disco Dancer','139064029-9',16),(1942,'My Amityville Horror','514548618-9',21),(1943,'Promise Me This (Zavet)','118020242-2',12),(1944,'Cheers for Miss Bishop','607751379-2',7),(1945,'Aral, Fishing in an Invisible Sea','170254461-3',40),(1946,'Black Tights (1-2-3-4 ou Les Collants noirs)','688014920-0',21),(1947,'Devil Hunter (El caníbal)','347663138-9',7),(1948,'Arise, My Love','271209998-2',28),(1949,'Surplus: Terrorized Into Being Consumers','723906072-1',21),(1950,'Small Time Crooks','194381289-6',4),(1951,'Red Chapel (Røde kapel)','874442318-7',28),(1952,'Tron','427591432-5',29),(1953,'Sister Act','369221018-3',47),(1954,'Julia and Julia (Giulia e Giulia)','412510860-9',22),(1955,'Sharpe\'s Battle','293390682-1',44),(1956,'Our Man in Havana','374404866-7',9),(1957,'Massacre Canyon','474318626-9',25),(1958,'The Hungover Games','000568912-0',8),(1959,'Apartment, The','089714461-9',31),(1960,'They Call Me Mister Tibbs!','981995442-8',20),(1961,'Imagine That','567016942-5',46),(1962,'Guns at Batasi','392538110-4',41),(1963,'Next Best Thing, The','998036053-4',2),(1964,'Eragon','630537756-1',38),(1965,'Letters to Juliet','574667630-6',31),(1966,'Tank on the Moon','573214214-2',21),(1967,'Charlie Chan in City in Darkness','329582232-8',39),(1968,'Beautiful Dreamer: Brian Wilson and the Story of \'Smile\'','953626068-9',44),(1969,'Bartok the Magnificent','316041762-X',42),(1970,'Fata Morgana','809483885-X',23),(1971,'Service (Serbis)','699732327-8',34),(1972,'Digimon: The Movie','171910170-1',12),(1973,'Rocky','753889856-5',15),(1974,'Sin Retorno','794018810-0',26),(1975,'Hypothesis of the Stolen Painting, The (L\'hypothèse du tableau volé)','607254850-4',29),(1976,'Vice Versa','737008945-2',24),(1977,'Snug as a Bug (U Pana Boga za piecem)','720178486-2',15),(1978,'B.N.B. (Bunty Aur Babli)','242772007-0',31),(1979,'Anthony Zimmer','323989405-X',19),(1980,'Enter Nowhere','744469729-9',34),(1981,'LOL (Laughing Out Loud)','799865999-8',15),(1982,'Playing the Victim (Izobrazhaya zhertvu)','388214426-2',17),(1983,'Big Lift, The','185901398-8',6),(1984,'Man Push Cart','773740922-X',15),(1985,'Last Days Here','718242765-6',21),(1986,'Shaolin Temple, The (Shao Lin Si)','497013006-X',17),(1987,'IMAX: Hubble 3D','758630335-5',42),(1988,'Man from the Future, The (O Homem do Futuro)','904298028-1',10),(1989,'Reincarnation of Peter Proud, The','301593180-6',13),(1990,'Fill the Void (Lemale et ha\'halal)','151052029-5',14),(1991,'Very Social Secretary, A','249855980-9',13),(1992,'I Saw the Sun (Günesi gördüm)','434807406-2',34),(1993,'Berta\'s Motives (Los motivos de Berta: Fantasía de Pubertad)','359388048-2',37),(1994,'Cold Souls','976238530-6',47),(1995,'Envy (Kiskanmak)','046129251-3',38),(1996,'Night at the Museum','422930942-2',42),(1997,'Loss of Sexual Innocence, The','878074953-4',4);
/*!40000 ALTER TABLE `book` ENABLE KEYS */;
UNLOCK TABLES;

--
-- Table structure for table `category`
--

DROP TABLE IF EXISTS `category`;
/*!40101 SET @saved_cs_client     = @@character_set_client */;
/*!40101 SET character_set_client = utf8 */;
CREATE TABLE `category` (
  `id` int(11) NOT NULL AUTO_INCREMENT,
  `code` varchar(10) DEFAULT NULL,
  `label` varchar(100) DEFAULT NULL,
  PRIMARY KEY (`id`)
) ENGINE=InnoDB AUTO_INCREMENT=49 DEFAULT CHARSET=utf8mb4;
/*!40101 SET character_set_client = @saved_cs_client */;

--
-- Dumping data for table `category`
--

LOCK TABLES `category` WRITE;
/*!40000 ALTER TABLE `category` DISABLE KEYS */;
INSERT INTO `category` VALUES (1,'KEOMD','Action and adventure'),(2,'FYGOI','Alternate history'),(3,'VTPAW','Anthology'),(4,'SSUFK','Chick lit'),(5,'ERYTX','Children'),(6,'CEHJT','Comic book'),(7,'QXHIP','Coming-of-age'),(8,'IWXRK','Crime'),(9,'JCUTG','Drama'),(10,'TCWIB','Fairytale'),(11,'TXESD','Fantasy'),(12,'MSUNK','Graphic novel'),(13,'XOSBR','Historical fiction'),(14,'UEFRA','Horror'),(15,'SGXXH','Mystery'),(16,'JTAFV','Paranormal romance'),(17,'KTMGC','Picture book'),(18,'LLOFL','Poetry'),(19,'IPBCP','Political thriller'),(20,'GBQBB','Romance'),(21,'ZDJUB','Satire'),(22,'GZCQU','Science fiction'),(23,'DKSLZ','Short story'),(24,'VXLNH','Suspense'),(25,'YIHBH','Thriller'),(26,'BLUIZ','Young adult'),(27,'AKIYL','Art'),(28,'GNPDE','Autobiography'),(29,'SNMEB','Biography'),(30,'EILCO','Book review'),(31,'VUITB','Cookbook'),(32,'QZYAW','Diary'),(33,'QAQGY','Dictionary'),(34,'JXQIE','Encyclopedia'),(35,'VBVNL','Guide'),(36,'ACJBV','Health'),(37,'AOYIJ','History'),(38,'YKKJW','Journal'),(39,'JXPTY','Math'),(40,'XTZPD','Memoir'),(41,'EFLWL','Prayer'),(42,'KNILP','Religion, spirituality and new age'),(43,'VXFAF','Textbook'),(44,'SDUJR','Review'),(45,'KBEGW','Science'),(46,'CZARY','Self help'),(47,'UEAXN','Travel'),(48,'TWYVC','True crime');
/*!40000 ALTER TABLE `category.yaml` ENABLE KEYS */;
UNLOCK TABLES;

--
-- Table structure for table `copy`
--

DROP TABLE IF EXISTS `copy`;
/*!40101 SET @saved_cs_client     = @@character_set_client */;
/*!40101 SET character_set_client = utf8 */;
CREATE TABLE `copy` (
  `id` int(11) NOT NULL AUTO_INCREMENT,
  `book_id` int(11) DEFAULT NULL,
  `library_id` int(11) DEFAULT NULL,
  PRIMARY KEY (`id`),
  KEY `copy_book_fk` (`book_id`),
  KEY `copy_library_fk` (`library_id`),
  CONSTRAINT `copy_book_fk` FOREIGN KEY (`book_id`) REFERENCES `book` (`id`),
  CONSTRAINT `copy_library_fk` FOREIGN KEY (`library_id`) REFERENCES `library` (`id`)
) ENGINE=InnoDB AUTO_INCREMENT=5001 DEFAULT CHARSET=utf8mb4;
/*!40101 SET character_set_client = @saved_cs_client */;

--
-- Dumping data for table `copy`
--

LOCK TABLES `copy` WRITE;
/*!40000 ALTER TABLE `copy` DISABLE KEYS */;
INSERT INTO `copy` VALUES (1,603,117),(2,752,186),(3,734,100),(4,87,122),(5,1276,6),(6,1773,68),(7,967,122),(8,744,151),(9,1890,32),(10,1709,140),(11,923,70),(12,237,86),(13,897,152),(14,528,33),(15,1595,58),(16,631,121),(17,1297,45),(18,821,69),(19,1040,78),(20,1457,88),(21,62,162),(22,1983,106),(23,1065,98),(24,163,176),(25,1708,47),(26,946,51),(27,1067,158),(28,340,10),(29,1449,148),(30,456,200),(31,1209,142),(32,1787,117),(33,746,152),(34,395,58),(35,1223,162),(36,1058,181),(37,1354,33),(38,109,179),(39,645,84),(40,600,79),(41,949,122),(42,1691,58),(43,76,167),(44,1082,169),(45,1976,115),(46,737,97),(47,1106,145),(48,688,124),(49,288,161),(50,197,152),(51,671,59),(52,1179,121),(53,744,41),(54,1851,134),(55,1674,101),(56,801,71),(57,912,3),(58,697,75),(59,1232,125),(60,1190,27),(61,1836,70),(62,1462,21),(63,20,134),(64,1096,82),(65,1698,6),(66,1572,135),(67,1438,156),(68,757,139),(69,333,89),(70,78,136),(71,1154,146),(72,520,29),(73,1960,147),(74,1594,65),(75,626,62),(76,1859,177),(77,1205,145),(78,1834,58),(79,1994,173),(80,426,46),(81,1724,67),(82,142,25),(83,924,175),(84,1198,16),(85,1754,195),(86,1612,140),(87,1227,174),(88,1316,180),(89,901,155),(90,591,148),(91,809,106),(92,773,36),(93,142,78),(94,752,21),(95,1183,13),(96,290,51),(97,1467,117),(98,1661,35),(99,1355,80),(100,1652,149),(101,444,113),(102,531,53),(103,834,155),(104,1393,99),(105,850,115),(106,1637,48),(107,698,148),(108,77,187),(109,1338,155),(110,305,6),(111,666,163),(112,483,155),(113,195,195),(114,89,55),(115,252,173),(116,1974,136),(117,1472,137),(118,955,39),(119,827,140),(120,617,186),(121,1570,74),(122,1878,62),(123,490,138),(124,905,18),(125,1136,112),(126,1738,46),(127,633,175),(128,279,144),(129,989,1),(130,1242,43),(131,309,95),(132,1191,182),(133,1707,165),(134,6,92),(135,767,171),(136,766,21),(137,1843,95),(138,1609,96),(139,1525,37),(140,1699,86),(141,1432,137),(142,1545,61),(143,1962,146),(144,1863,104),(145,725,101),(146,1860,131),(147,730,139),(148,323,157),(149,416,162),(150,1871,94),(151,1136,157),(152,384,46),(153,913,1),(154,1601,71),(155,394,91),(156,681,24),(157,1320,81),(158,610,28),(159,1552,128),(160,485,83),(161,338,104),(162,1812,55),(163,1735,167),(164,903,81),(165,1443,107),(166,1122,20),(167,1333,134),(168,1406,123),(169,748,53),(170,603,49),(171,852,2),(172,828,72),(173,742,12),(174,707,144),(175,746,6),(176,1128,119),(177,301,103),(178,1242,53),(179,1648,193),(180,1108,63),(181,774,34),(182,1167,182),(183,805,169),(184,322,30),(185,1780,89),(186,1958,77),(187,1443,130),(188,662,179),(189,719,89),(190,724,58),(191,1004,199),(192,1711,197),(193,145,12),(194,49,93),(195,1436,165),(196,120,190),(197,706,172),(198,669,117),(199,377,100),(200,1020,154),(201,1811,121),(202,661,28),(203,759,66),(204,1159,132),(205,994,3),(206,1449,33),(207,1067,189),(208,1870,5),(209,824,18),(210,1022,134),(211,1260,39),(212,694,107),(213,65,40),(214,1637,149),(215,155,198),(216,807,182),(217,116,26),(218,1677,180),(219,27,95),(220,1393,72),(221,1492,68),(222,1834,92),(223,593,37),(224,1189,149),(225,1152,178),(226,133,165),(227,57,109),(228,731,199),(229,1726,83),(230,296,131),(231,1328,63),(232,854,85),(233,1392,13),(234,1630,74),(235,1619,50),(236,1984,165),(237,569,68),(238,1463,10),(239,929,65),(240,840,134),(241,1888,192),(242,1544,119),(243,854,180),(244,1644,36),(245,1061,18),(246,649,189),(247,1946,176),(248,273,154),(249,385,156),(250,1479,150),(251,1001,140),(252,1148,97),(253,1604,61),(254,1795,133),(255,1422,23),(256,531,60),(257,533,84),(258,1660,146),(259,1527,52),(260,1721,56),(261,1921,191),(262,1020,75),(263,609,196),(264,19,42),(265,510,177),(266,1230,127),(267,1772,146),(268,210,157),(269,916,184),(270,1597,16),(271,670,155),(272,130,60),(273,1696,144),(274,863,18),(275,682,99),(276,937,127),(277,1441,111),(278,466,7),(279,52,50),(280,1848,119),(281,1458,89),(282,1148,55),(283,215,60),(284,1770,167),(285,1751,95),(286,1984,38),(287,823,172),(288,374,44),(289,1529,82),(290,1616,63),(291,1028,111),(292,1503,7),(293,1472,68),(294,1482,174),(295,704,94),(296,418,177),(297,507,81),(298,1390,187),(299,182,55),(300,417,186),(301,1924,24),(302,514,76),(303,159,193),(304,495,120),(305,1571,6),(306,1616,195),(307,287,61),(308,687,120),(309,601,119),(310,326,88),(311,312,19),(312,1178,155),(313,1237,121),(314,1495,167),(315,1656,33),(316,1812,53),(317,1076,193),(318,495,120),(319,265,96),(320,746,84),(321,454,23),(322,1658,60),(323,354,181),(324,1940,72),(325,1526,113),(326,721,64),(327,1312,181),(328,108,168),(329,813,141),(330,935,25),(331,1790,141),(332,348,67),(333,185,82),(334,723,102),(335,1586,30),(336,859,164),(337,1280,139),(338,147,112),(339,1190,34),(340,808,171),(341,953,103),(342,69,165),(343,745,154),(344,10,5),(345,1093,46),(346,990,161),(347,388,113),(348,621,180),(349,1516,138),(350,940,143),(351,1727,119),(352,966,176),(353,838,199),(354,684,95),(355,331,121),(356,1519,22),(357,1797,65),(358,449,21),(359,329,165),(360,1580,124),(361,1562,73),(362,1864,66),(363,210,156),(364,1832,88),(365,436,157),(366,845,102),(367,1756,176),(368,1699,125),(369,1408,79),(370,310,71),(371,761,95),(372,741,111),(373,1886,136),(374,272,46),(375,753,130),(376,373,92),(377,370,133),(378,579,78),(379,75,26),(380,1225,54),(381,1767,116),(382,1652,115),(383,354,88),(384,932,66),(385,1558,109),(386,836,123),(387,769,122),(388,720,16),(389,1290,119),(390,1010,120),(391,1480,18),(392,1374,145),(393,1956,193),(394,1278,98),(395,1979,82),(396,792,64),(397,209,52),(398,1318,159),(399,351,42),(400,528,93),(401,1890,5),(402,1692,45),(403,607,40),(404,1200,145),(405,37,6),(406,1668,196),(407,648,190),(408,72,98),(409,1276,194),(410,1841,98),(411,1699,2),(412,1843,82),(413,602,30),(414,1003,22),(415,104,61),(416,686,171),(417,348,37),(418,979,109),(419,1980,89),(420,555,99),(421,780,95),(422,1441,32),(423,76,61),(424,1679,40),(425,19,76),(426,1792,184),(427,598,11),(428,1946,94),(429,1283,167),(430,858,65),(431,358,8),(432,166,23),(433,143,119),(434,184,160),(435,1291,23),(436,422,124),(437,816,189),(438,141,94),(439,440,79),(440,347,130),(441,1093,71),(442,103,129),(443,1414,55),(444,1788,199),(445,1600,88),(446,1645,32),(447,1943,20),(448,1454,178),(449,1343,195),(450,958,32),(451,986,130),(452,51,53),(453,1098,154),(454,199,22),(455,1504,121),(456,1890,199),(457,1018,28),(458,1406,28),(459,1757,20),(460,1002,149),(461,632,2),(462,1985,175),(463,340,66),(464,580,30),(465,431,24),(466,1792,135),(467,1788,48),(468,321,171),(469,878,130),(470,1294,37),(471,456,160),(472,1540,145),(473,101,15),(474,1045,38),(475,382,60),(476,454,199),(477,261,157),(478,1051,143),(479,765,161),(480,120,109),(481,1819,77),(482,1244,39),(483,383,172),(484,1825,121),(485,1061,41),(486,970,144),(487,1785,41),(488,1487,145),(489,55,136),(490,1074,27),(491,1708,147),(492,1519,8),(493,319,7),(494,993,39),(495,508,186),(496,1862,12),(497,469,86),(498,67,125),(499,170,34),(500,1009,161),(501,1160,12),(502,447,195),(503,472,63),(504,788,112),(505,1142,103),(506,1039,105),(507,1271,115),(508,1674,52),(509,352,78),(510,1910,166),(511,973,71),(512,461,139),(513,1127,90),(514,1655,81),(515,756,55),(516,1528,22),(517,1406,16),(518,774,28),(519,822,146),(520,209,130),(521,1764,109),(522,436,47),(523,1254,51),(524,1199,30),(525,1559,112),(526,256,182),(527,1020,109),(528,1749,17),(529,1674,3),(530,1709,28),(531,71,121),(532,1496,139),(533,1305,35),(534,1926,196),(535,856,74),(536,863,59),(537,171,24),(538,1637,4),(539,33,75),(540,1272,157),(541,264,83),(542,204,130),(543,1302,49),(544,1666,14),(545,1053,99),(546,432,51),(547,19,98),(548,623,107),(549,1710,180),(550,1900,3),(551,1165,127),(552,1940,166),(553,491,98),(554,1534,53),(555,413,111),(556,815,3),(557,1714,85),(558,911,111),(559,1360,13),(560,1476,179),(561,1325,144),(562,1967,89),(563,1390,36),(564,326,112),(565,1844,42),(566,1744,154),(567,222,121),(568,1207,140),(569,1732,167),(570,179,116),(571,1468,14),(572,540,111),(573,664,11),(574,145,103),(575,1177,92),(576,1188,70),(577,1843,49),(578,852,144),(579,1642,3),(580,399,143),(581,677,62),(582,539,132),(583,1978,98),(584,900,145),(585,505,110),(586,339,159),(587,1831,153),(588,1133,91),(589,1330,23),(590,1754,91),(591,1811,36),(592,642,84),(593,493,159),(594,898,69),(595,1197,107),(596,1147,32),(597,137,27),(598,174,166),(599,1212,184),(600,1362,176),(601,109,61),(602,1171,86),(603,329,51),(604,103,42),(605,1170,96),(606,792,121),(607,713,42),(608,1805,147),(609,1383,200),(610,1393,44),(611,1014,88),(612,1727,68),(613,534,108),(614,1561,55),(615,1903,79),(616,1066,175),(617,1709,181),(618,1526,54),(619,741,89),(620,240,137),(621,1269,59),(622,1094,85),(623,52,98),(624,502,173),(625,307,148),(626,1231,121),(627,1870,138),(628,1501,84),(629,1458,22),(630,1713,136),(631,1458,41),(632,190,10),(633,591,193),(634,444,153),(635,565,54),(636,1807,47),(637,103,72),(638,1290,104),(639,1824,21),(640,890,34),(641,1675,101),(642,1738,121),(643,1291,174),(644,1628,19),(645,1430,49),(646,1772,100),(647,398,138),(648,1979,39),(649,1211,38),(650,24,96),(651,279,192),(652,712,86),(653,1944,137),(654,1273,167),(655,838,56),(656,966,78),(657,293,8),(658,1903,149),(659,1191,71),(660,1561,149),(661,1941,112),(662,1657,59),(663,1750,147),(664,1839,113),(665,1439,113),(666,908,101),(667,1650,122),(668,1813,178),(669,1518,94),(670,1554,10),(671,320,82),(672,193,1),(673,455,71),(674,1389,197),(675,739,86),(676,1085,70),(677,1091,55),(678,1102,141),(679,1931,65),(680,1145,45),(681,791,21),(682,39,189),(683,1725,87),(684,1888,72),(685,442,77),(686,249,32),(687,1179,75),(688,149,133),(689,1278,9),(690,1872,3),(691,1949,24),(692,1269,12),(693,597,101),(694,1906,21),(695,1456,95),(696,1355,41),(697,178,75),(698,1238,112),(699,302,156),(700,1916,36),(702,408,71),(703,1913,113),(704,386,114),(705,973,63),(706,16,14),(707,653,101),(708,568,141),(709,872,85),(710,300,77),(711,1093,155),(712,1455,175),(713,1536,48),(714,632,90),(715,1744,6),(716,1806,104),(717,1921,47),(718,587,28),(719,616,168),(720,1073,171),(721,1175,74),(722,1547,90),(723,1013,91),(724,250,198),(725,663,74),(726,1126,79),(727,270,184),(728,914,120),(729,1644,60),(730,158,79),(731,835,199),(732,365,64),(733,1722,32),(734,1102,165),(735,257,22),(736,60,145),(737,650,152),(738,128,152),(739,1357,23),(740,653,161),(741,1760,56),(742,1906,167),(743,579,19),(744,313,147),(745,440,37),(746,1043,166),(747,521,92),(748,1382,37),(749,1521,51),(750,1171,9),(751,1816,192),(752,827,98),(753,516,182),(754,1499,14),(755,1347,29),(756,1996,159),(757,386,65),(758,354,183),(759,408,152),(760,1548,155),(761,436,135),(762,614,77),(763,1773,49),(764,197,18),(765,67,65),(766,1672,161),(767,530,29),(768,1151,45),(769,580,1),(770,1517,128),(771,158,21),(772,200,14),(773,868,60),(774,34,55),(775,22,27),(776,1198,177),(777,1267,105),(778,112,126),(779,1925,1),(780,1415,182),(781,14,159),(782,477,113),(783,965,147),(784,1270,34),(785,1356,21),(786,1270,173),(787,703,41),(788,1631,117),(789,1395,159),(790,250,12),(791,674,4),(792,1594,66),(793,675,185),(794,988,53),(795,1838,59),(796,1652,178),(797,1482,65),(798,682,110),(799,1504,80),(800,1665,169),(801,1362,52),(802,501,198),(803,20,147),(804,785,139),(805,994,195),(806,1712,186),(807,1056,160),(808,871,73),(809,1471,91),(810,449,36),(811,149,157),(812,287,129),(813,840,106),(814,244,130),(815,865,80),(816,1631,167),(817,769,189),(818,98,24),(819,1358,170),(820,194,47),(822,296,109),(823,1446,15),(824,692,15),(825,1987,109),(826,1115,199),(827,394,51),(828,587,185),(829,1139,65),(830,265,50),(831,1262,126),(832,1329,80),(833,1154,87),(834,1728,62),(835,1221,161),(836,931,12),(837,21,191),(838,754,187),(839,1154,174),(840,1052,166),(841,472,118),(842,345,88),(843,736,165),(844,1291,128),(845,816,66),(846,718,153),(847,811,158),(848,1315,188),(849,1284,106),(850,1979,158),(851,1687,65),(852,1115,166),(853,1660,113),(854,1428,155),(855,895,79),(856,1034,61),(857,1800,103),(858,84,122),(859,259,41),(860,917,138),(861,192,3),(862,1411,58),(863,1848,187),(864,1859,117),(865,44,90),(866,339,94),(867,1471,100),(868,379,99),(869,1071,43),(870,1750,24),(871,1636,123),(872,1810,69),(873,710,50),(874,1168,171),(875,1511,116),(876,296,36),(877,1439,101),(878,334,110),(879,732,102),(880,95,123),(881,720,146),(882,1709,144),(883,1211,60),(884,1719,61),(885,104,165),(886,60,31),(887,1091,120),(888,535,95),(889,211,81),(890,153,5),(891,83,88),(892,105,111),(893,1175,81),(894,1956,170),(895,525,140),(896,1253,132),(897,1699,36),(898,1835,79),(899,256,178),(900,345,26),(901,1939,80),(902,646,11),(903,983,94),(904,547,80),(905,1630,118),(906,963,114),(907,1569,142),(908,1145,74),(909,1926,98),(910,1031,125),(911,598,156),(912,1399,155),(913,1973,140),(914,1207,173),(915,1902,97),(916,482,197),(917,612,16),(918,90,152),(919,955,67),(920,897,144),(921,1831,137),(922,397,45),(923,1217,162),(924,693,113),(925,9,33),(926,1092,3),(927,1698,194),(928,1653,157),(929,559,169),(930,1185,21),(931,78,107),(932,1231,38),(933,1072,18),(934,690,93),(935,806,92),(936,1440,107),(937,1001,170),(938,1240,193),(939,790,160),(940,1773,76),(941,509,29),(942,1032,62),(943,445,131),(944,1428,3),(945,1756,13),(946,1893,70),(947,272,19),(948,1303,93),(949,497,100),(950,111,195),(951,1139,61),(952,1663,130),(953,1634,121),(954,1070,97),(955,1283,128),(956,1471,156),(957,981,62),(958,1315,179),(959,862,109),(960,1225,60),(961,127,99),(962,730,138),(963,394,142),(964,1143,29),(965,1041,21),(966,1058,70),(967,884,23),(968,280,166),(969,340,43),(970,625,141),(971,838,178),(972,1829,167),(973,585,129),(974,912,200),(975,793,55),(976,224,111),(977,277,72),(978,565,98),(979,992,22),(980,354,180),(981,277,125),(982,847,108),(983,371,54),(984,1007,112),(985,1830,136),(986,711,137),(987,713,189),(988,80,130),(989,1730,68),(990,971,8),(991,1517,133),(992,220,73),(993,1172,44),(994,504,23),(995,1839,34),(996,1214,90),(997,1038,98),(998,1395,85),(999,1587,48),(1000,2,63),(1001,378,184),(1002,1743,70),(1003,1862,51),(1004,878,120),(1005,1943,99),(1006,1699,94),(1007,496,123),(1008,205,192),(1009,1365,38),(1010,1946,80),(1011,668,41),(1012,35,131),(1013,1572,173),(1014,1486,155),(1015,439,99),(1016,1009,179),(1017,1582,119),(1018,1261,43),(1019,700,146),(1020,1289,126),(1021,1742,150),(1022,1506,164),(1023,1929,73),(1024,673,199),(1025,1288,41),(1026,241,90),(1027,918,84),(1028,532,200),(1029,1744,164),(1030,1232,9),(1031,1836,34),(1032,210,117),(1033,1789,114),(1034,98,35),(1035,1185,91),(1036,1067,122),(1037,473,46),(1038,1623,103),(1039,1579,174),(1040,1763,32),(1041,1751,157),(1042,517,107),(1043,1815,114),(1044,1803,125),(1045,245,100),(1046,883,121),(1047,700,73),(1048,1781,30),(1049,163,50),(1050,1698,2),(1051,1753,147),(1052,1471,157),(1053,1070,45),(1054,534,90),(1055,1069,98),(1056,1206,95),(1057,1257,126),(1058,283,6),(1059,787,32),(1060,854,1),(1061,1368,104),(1062,1908,100),(1063,1335,78),(1064,856,45),(1065,119,106),(1066,403,71),(1067,1794,37),(1068,169,186),(1069,1,33),(1070,1905,149),(1071,1991,173),(1072,985,189),(1073,1248,24),(1074,894,91),(1075,551,82),(1076,503,99),(1077,1248,114),(1078,108,103),(1079,382,135),(1080,794,17),(1081,1355,47),(1082,1485,168),(1083,95,132),(1084,1569,188),(1085,357,178),(1086,303,137),(1087,540,193),(1088,1392,30),(1089,1268,52),(1090,246,10),(1091,383,47),(1092,1385,19),(1093,1686,170),(1094,1077,178),(1095,1609,101),(1096,662,180),(1097,1857,23),(1098,667,184),(1099,1418,5),(1100,505,121),(1101,599,5),(1102,1607,176),(1103,1140,172),(1104,1234,81),(1105,851,168),(1106,92,61),(1107,1698,112),(1108,208,61),(1109,1521,91),(1110,1861,107),(1111,179,181),(1112,1122,112),(1113,1483,37),(1114,1268,168),(1115,145,83),(1116,1050,127),(1117,1825,79),(1118,1397,102),(1119,1280,15),(1120,244,170),(1121,325,98),(1122,1244,90),(1123,1060,92),(1124,897,69),(1125,1712,90),(1126,914,191),(1127,254,192),(1128,665,198),(1129,53,137),(1130,10,188),(1131,1801,10),(1132,65,113),(1133,1545,130),(1134,21,68),(1135,1425,92),(1136,1780,141),(1137,1813,175),(1138,1118,105),(1139,1461,138),(1140,794,42),(1141,340,131),(1142,1445,146),(1143,1011,166),(1144,568,92),(1145,983,150),(1146,1184,90),(1147,875,134),(1148,1658,156),(1149,1743,52),(1150,87,30),(1151,1816,166),(1152,1886,111),(1153,43,189),(1154,780,116),(1155,52,126),(1156,1420,134),(1157,1172,73),(1158,1202,1),(1159,1621,50),(1160,1858,84),(1161,128,59),(1162,643,10),(1163,1370,91),(1164,11,138),(1165,612,44),(1166,1376,143),(1167,811,132),(1168,1016,5),(1169,910,42),(1170,1598,86),(1171,136,18),(1172,1934,59),(1173,508,5),(1174,650,124),(1175,255,138),(1176,1967,109),(1177,1852,195),(1178,868,63),(1179,742,125),(1180,405,167),(1181,482,133),(1182,523,26),(1183,1315,13),(1184,263,120),(1185,1476,17),(1186,787,188),(1187,170,199),(1188,788,33),(1189,1347,135),(1190,423,176),(1191,732,130),(1192,573,167),(1193,1177,153),(1194,881,187),(1195,238,200),(1196,690,27),(1197,518,187),(1198,726,113),(1199,957,2),(1200,1467,149),(1201,1419,72),(1202,44,36),(1203,1832,20),(1204,643,130),(1205,1175,193),(1206,1605,69),(1207,1302,132),(1208,1582,95),(1209,1010,178),(1210,1371,176),(1211,1993,140),(1212,912,98),(1213,1650,7),(1214,1866,58),(1215,657,191),(1216,1385,128),(1217,237,184),(1218,937,22),(1219,491,200),(1220,1526,56),(1221,1650,11),(1222,1732,8),(1223,695,63),(1224,588,166),(1225,116,106),(1226,1353,195),(1227,1064,100),(1228,1503,152),(1229,956,153),(1230,1111,151),(1231,139,110),(1232,365,6),(1233,1370,29),(1234,262,158),(1235,817,146),(1236,394,174),(1237,1241,55),(1238,1724,105),(1239,1318,152),(1240,1413,175),(1241,1132,68),(1242,1765,79),(1243,729,125),(1244,1680,176),(1245,1804,74),(1246,113,153),(1247,419,11),(1248,377,68),(1249,1130,146),(1250,1451,117),(1251,1186,151),(1252,474,81),(1253,189,145),(1254,1797,72),(1255,955,96),(1256,270,9),(1257,1113,11),(1258,671,198),(1259,852,195),(1260,1372,11),(1261,1899,127),(1262,29,185),(1263,213,189),(1264,481,198),(1265,53,60),(1266,1578,107),(1267,1265,11),(1268,654,73),(1269,222,68),(1270,887,78),(1271,380,194),(1272,900,19),(1273,1609,14),(1274,642,189),(1275,971,117),(1276,1360,65),(1277,1008,66),(1278,1927,41),(1279,988,115),(1280,1501,118),(1281,1527,152),(1282,8,199),(1283,1916,136),(1284,15,119),(1285,1984,174),(1286,705,105),(1287,1424,44),(1288,240,157),(1289,693,11),(1290,1515,21),(1291,972,112),(1292,1082,75),(1293,199,147),(1294,1085,155),(1295,717,27),(1296,665,153),(1297,1788,134),(1298,1562,52),(1299,951,51),(1300,277,120),(1301,190,18),(1302,1189,193),(1303,423,105),(1304,687,68),(1305,121,40),(1306,134,20),(1307,1090,173),(1308,1984,171),(1309,1352,6),(1310,1962,90),(1311,1374,150),(1312,575,102),(1313,975,36),(1314,401,96),(1315,1166,72),(1316,1147,2),(1317,709,162),(1318,232,8),(1319,873,162),(1320,990,131),(1321,1085,150),(1322,1363,163),(1323,822,139),(1324,663,158),(1325,425,153),(1326,1499,198),(1327,1875,100),(1328,88,150),(1329,1330,136),(1330,1271,143),(1331,682,8),(1332,1351,7),(1333,919,92),(1334,1321,34),(1335,698,171),(1336,1892,186),(1337,661,145),(1338,1844,162),(1339,426,46),(1340,1718,139),(1341,1130,25),(1342,1750,73),(1343,1059,101),(1344,16,155),(1345,1200,52),(1346,385,136),(1347,1649,13),(1348,1867,14),(1349,173,45),(1350,308,108),(1351,1579,177),(1352,1330,189),(1353,1723,43),(1354,1854,200),(1355,856,151),(1356,1877,187),(1357,1931,174),(1358,361,118),(1359,764,18),(1360,922,87),(1361,1717,166),(1362,231,151),(1363,1432,37),(1364,882,67),(1365,79,181),(1366,1205,66),(1367,1218,12),(1368,1349,126),(1369,242,3),(1370,351,187),(1371,613,26),(1372,755,130),(1373,851,141),(1374,1265,52),(1375,654,147),(1376,721,48),(1377,1764,41),(1378,852,3),(1379,359,132),(1380,1952,124),(1381,1165,5),(1382,480,113),(1383,890,162),(1384,950,1),(1385,925,17),(1386,103,49),(1387,1592,17),(1388,379,160),(1389,1878,154),(1390,865,108),(1391,1581,55),(1392,1322,85),(1393,304,69),(1394,582,136),(1395,531,186),(1396,214,39),(1397,993,127),(1398,1946,118),(1399,76,127),(1400,1910,36),(1401,1718,176),(1402,1959,121),(1403,368,162),(1404,434,18),(1405,590,106),(1406,1003,61),(1407,351,63),(1408,1264,137),(1409,1792,109),(1410,941,7),(1411,1087,199),(1412,612,129),(1413,1459,140),(1414,1773,150),(1415,192,135),(1416,237,60),(1417,1650,171),(1418,787,11),(1419,686,125),(1420,793,115),(1421,831,137),(1422,1633,17),(1423,1747,137),(1424,552,31),(1425,375,194),(1426,492,56),(1427,166,113),(1428,1790,61),(1429,867,165),(1430,498,98),(1431,1160,107),(1432,49,115),(1433,766,53),(1434,1493,81),(1435,1378,59),(1436,662,108),(1437,1281,43),(1438,1400,105),(1439,1444,46),(1440,59,88),(1441,274,16),(1442,905,90),(1443,583,31),(1444,407,16),(1445,1482,101),(1446,562,200),(1447,480,21),(1448,114,161),(1449,1153,187),(1450,564,183),(1451,485,20),(1452,1587,77),(1453,880,199),(1454,1342,48),(1455,1424,85),(1456,1384,6),(1457,719,90),(1458,1681,182),(1459,1471,157),(1460,324,122),(1461,376,91),(1462,1798,94),(1463,75,156),(1464,865,166),(1465,1808,31),(1466,216,166),(1467,966,94),(1468,1748,124),(1469,327,10),(1470,1069,12),(1471,983,33),(1472,1035,177),(1473,676,92),(1474,798,168),(1475,193,177),(1476,763,60),(1477,1420,9),(1478,264,64),(1479,1102,146),(1480,171,141),(1481,1674,13),(1482,161,190),(1483,1160,74),(1484,504,34),(1485,44,89),(1486,534,57),(1487,1745,144),(1488,1980,31),(1489,382,11),(1490,521,144),(1491,1085,12),(1492,1660,26),(1493,1085,94),(1494,79,125),(1495,1031,104),(1496,503,153),(1497,1,118),(1498,964,124),(1499,1994,129),(1500,47,131),(1501,573,159),(1502,1798,199),(1503,902,19),(1504,391,4),(1505,724,150),(1506,1720,174),(1507,665,162),(1508,462,80),(1509,872,113),(1510,519,23),(1511,1789,173),(1512,1436,113),(1513,903,27),(1514,1018,198),(1515,333,127),(1516,1662,64),(1517,1029,114),(1518,1565,124),(1519,988,105),(1520,1342,79),(1521,242,177),(1522,71,41),(1523,756,185),(1524,1494,117),(1525,1910,38),(1526,620,168),(1527,34,9),(1528,1368,171),(1529,192,94),(1530,343,86),(1531,264,190),(1532,295,22),(1533,1514,113),(1534,488,113),(1535,2,32),(1536,619,100),(1537,1956,111),(1538,1969,131),(1539,890,186),(1540,319,99),(1541,1400,30),(1542,1012,53),(1543,667,100),(1545,1753,182),(1546,1761,23),(1547,1433,14),(1548,577,160),(1549,820,129),(1550,908,88),(1551,1304,160),(1552,745,48),(1553,1880,102),(1554,72,184),(1555,635,195),(1556,604,187),(1557,531,102),(1558,259,173),(1559,1784,161),(1560,1827,40),(1561,1288,68),(1562,1517,70),(1563,172,141),(1564,1362,63),(1565,719,131),(1566,344,17),(1567,711,145),(1568,1555,94),(1569,1457,161),(1570,1573,131),(1571,1545,176),(1572,1927,92),(1573,1273,63),(1574,975,158),(1575,1785,28),(1576,1931,97),(1577,77,184),(1578,1186,47),(1579,45,21),(1580,1326,94),(1581,950,186),(1582,484,14),(1583,587,160),(1584,829,166),(1585,340,182),(1586,1159,149),(1587,1931,198),(1588,1713,98),(1589,1178,131),(1590,1070,123),(1591,723,71),(1592,577,190),(1593,1815,32),(1594,1596,20),(1595,827,148),(1596,435,137),(1597,91,138),(1598,1845,45),(1599,487,168),(1600,1250,174),(1601,547,166),(1602,1871,75),(1603,1341,37),(1604,537,120),(1605,1947,45),(1606,967,13),(1607,438,200),(1608,1247,189),(1609,249,10),(1610,414,124),(1611,1339,184),(1612,1543,20),(1613,1354,61),(1614,1395,124),(1615,846,168),(1616,541,69),(1617,1484,109),(1618,685,71),(1619,1274,57),(1620,1243,55),(1621,1018,35),(1622,711,111),(1623,1649,186),(1624,1489,98),(1625,1150,60),(1626,631,14),(1627,1322,163),(1628,180,162),(1629,1806,35),(1630,916,95),(1631,537,116),(1632,343,64),(1633,160,114),(1634,257,100),(1635,1220,157),(1636,615,141),(1637,442,88),(1638,339,132),(1639,1424,83),(1640,1516,16),(1641,1911,77),(1642,1290,12),(1643,1499,82),(1644,1991,131),(1645,301,193),(1646,1700,165),(1647,1348,193),(1648,1851,132),(1649,671,155),(1650,969,73),(1651,598,150),(1652,1912,9),(1653,1265,5),(1654,1073,52),(1655,491,3),(1656,1622,136),(1657,496,188),(1658,723,135),(1659,86,22),(1660,952,129),(1661,432,38),(1662,1703,146),(1663,52,123),(1664,1673,54),(1665,984,51),(1666,424,87),(1667,1081,126),(1668,39,129),(1669,116,1),(1670,1912,114),(1671,1064,85),(1672,1790,51),(1673,254,38),(1674,392,200),(1675,639,118),(1676,963,120),(1677,796,78),(1678,8,118),(1679,334,73),(1680,834,136),(1681,1113,56),(1682,683,76),(1683,959,55),(1684,1042,74),(1685,1742,70),(1686,270,66),(1687,1887,67),(1688,1601,17),(1689,149,89),(1690,1101,91),(1691,853,55),(1692,511,148),(1693,1747,197),(1694,703,102),(1695,578,152),(1696,648,22),(1697,1239,78),(1698,522,71),(1699,3,66),(1700,1889,93),(1701,1100,91),(1702,642,28),(1703,269,53),(1704,831,109),(1705,1558,110),(1706,1080,102),(1707,469,121),(1708,669,175),(1709,52,123),(1710,520,113),(1711,759,62),(1712,1669,36),(1713,1307,64),(1714,63,128),(1715,1893,66),(1716,855,50),(1717,3,155),(1718,1978,131),(1719,1685,184),(1720,863,156),(1721,392,165),(1722,1672,33),(1723,1016,90),(1724,1683,77),(1725,662,159),(1726,718,2),(1727,1012,95),(1728,676,32),(1729,510,106),(1730,359,158),(1731,1440,72),(1732,323,100),(1733,507,162),(1734,447,4),(1735,1707,19),(1736,532,139),(1737,1388,158),(1738,284,165),(1739,891,53),(1740,32,54),(1741,1068,149),(1742,866,93),(1743,567,9),(1744,922,96),(1745,398,89),(1746,1530,34),(1747,1384,19),(1748,659,15),(1749,1926,64),(1750,28,171),(1751,722,116),(1752,172,100),(1753,1513,77),(1754,1379,18),(1755,946,115),(1756,1097,69),(1757,334,100),(1758,91,143),(1759,1969,49),(1760,927,94),(1761,1219,194),(1762,1180,110),(1763,3,98),(1764,1441,149),(1765,160,17),(1766,1257,65),(1767,107,95),(1768,1448,199),(1769,1762,1),(1770,498,9),(1771,43,21),(1772,1855,49),(1773,868,35),(1774,1610,194),(1775,1514,44),(1776,1648,1),(1777,731,46),(1778,16,70),(1779,1212,119),(1780,1902,190),(1781,1155,135),(1782,1251,171),(1783,1682,28),(1784,571,105),(1785,1333,186),(1786,1866,198),(1787,1140,156),(1788,447,170),(1789,1467,16),(1790,333,76),(1791,1624,77),(1792,432,158),(1793,61,174),(1794,1358,83),(1795,1704,9),(1796,600,134),(1797,212,34),(1798,1776,2),(1799,1943,85),(1800,511,30),(1801,1001,70),(1802,926,169),(1803,1926,51),(1804,102,3),(1805,1627,48),(1806,1867,67),(1807,95,181),(1808,222,196),(1809,1011,55),(1810,1253,74),(1811,1626,184),(1812,1807,122),(1813,1949,155),(1814,1636,194),(1815,1685,111),(1816,680,171),(1817,857,159),(1818,1448,190),(1819,1129,52),(1820,460,144),(1821,1474,185),(1822,1189,193),(1823,1140,109),(1824,1528,140),(1825,1750,45),(1826,1436,94),(1827,374,169),(1828,1599,34),(1829,1891,92),(1830,1704,158),(1831,270,98),(1832,1474,7),(1833,1955,175),(1834,1581,2),(1835,1567,198),(1836,1242,126),(1837,1692,145),(1838,863,125),(1839,450,131),(1840,641,58),(1841,1131,143),(1842,1127,157),(1843,1682,185),(1844,1546,22),(1845,1097,144),(1846,82,41),(1847,1040,117),(1848,1064,29),(1849,295,186),(1850,170,105),(1851,1105,180),(1852,28,9),(1853,1555,159),(1854,1739,116),(1855,1880,112),(1856,59,124),(1857,1012,49),(1858,1388,67),(1859,1147,47),(1860,1305,174),(1861,431,127),(1862,1568,139),(1863,104,18),(1864,676,142),(1865,380,50),(1866,568,7),(1867,1137,36),(1868,818,168),(1869,1005,72),(1870,870,194),(1871,153,177),(1872,1591,38),(1873,1452,122),(1874,670,199),(1875,1581,31),(1876,570,75),(1877,850,200),(1878,146,12),(1879,945,86),(1880,1563,7),(1881,1616,57),(1882,1069,66),(1883,888,81),(1884,1008,148),(1885,1507,124),(1886,1479,129),(1887,678,183),(1888,1319,19),(1889,598,144),(1890,1833,178),(1891,1504,198),(1892,1117,44),(1893,544,184),(1894,637,155),(1895,1656,101),(1896,136,112),(1897,217,34),(1898,1456,43),(1899,450,107),(1900,1988,104),(1901,87,96),(1902,642,156),(1903,1115,81),(1904,561,7),(1905,1737,149),(1906,873,26),(1907,1725,126),(1908,919,90),(1909,1507,164),(1910,1942,86),(1911,1686,198),(1912,1945,200),(1913,722,153),(1914,930,170),(1915,1639,7),(1916,1077,155),(1917,831,128),(1918,826,148),(1919,1575,59),(1920,722,11),(1921,788,112),(1922,408,182),(1923,688,200),(1924,943,54),(1925,456,146),(1926,60,29),(1927,1300,125),(1928,1945,103),(1929,1358,138),(1930,1657,65),(1931,469,63),(1932,915,5),(1933,1410,32),(1934,325,93),(1935,574,141),(1936,231,90),(1937,874,98),(1938,950,14),(1939,995,189),(1940,113,48),(1941,139,28),(1942,858,33),(1943,232,134),(1944,1318,122),(1945,1157,152),(1946,1227,150),(1947,1316,147),(1948,562,99),(1949,886,195),(1950,890,147),(1951,1095,188),(1952,1409,112),(1953,1453,33),(1954,489,117),(1955,1076,153),(1956,1922,119),(1957,585,108),(1958,655,84),(1959,291,20),(1960,1215,117),(1961,542,21),(1962,1765,147),(1963,1845,55),(1964,1619,129),(1965,104,50),(1966,1633,18),(1967,859,175),(1968,1664,184),(1969,1877,17),(1970,1095,116),(1971,669,191),(1972,1124,56),(1973,290,81),(1974,1012,123),(1975,490,154),(1976,786,118),(1977,1656,178),(1978,752,44),(1979,1502,120),(1980,120,157),(1981,1360,9),(1982,980,55),(1983,549,165),(1984,1574,131),(1985,878,86),(1986,1350,45),(1987,244,60),(1988,1239,174),(1989,595,37),(1990,996,39),(1991,814,61),(1992,518,139),(1993,1646,23),(1994,1991,152),(1995,71,32),(1996,1349,71),(1997,1596,64),(1998,152,55),(1999,142,146),(2000,1981,76),(2001,1290,199),(2002,103,178),(2003,1954,52),(2004,825,46),(2005,1843,3),(2006,896,110),(2007,1613,71),(2008,1982,184),(2009,301,162),(2010,644,197),(2011,865,136),(2012,289,112),(2013,989,77),(2014,104,200),(2015,221,104),(2016,1508,191),(2017,959,123),(2018,1121,131),(2019,1342,47),(2020,705,186),(2021,1108,152),(2022,1661,76),(2023,1176,10),(2024,342,193),(2025,1443,8),(2026,915,188),(2027,212,157),(2028,1226,15),(2029,118,2),(2030,801,101),(2031,32,16),(2032,430,171),(2033,19,108),(2034,1439,82),(2035,394,172),(2036,1318,74),(2037,1872,33),(2038,1071,187),(2039,1903,37),(2040,1709,97),(2041,1700,6),(2042,1045,109),(2043,770,5),(2044,1606,145),(2045,699,138),(2046,1627,174),(2047,818,143),(2048,1281,190),(2049,390,130),(2050,1584,82),(2051,963,25),(2052,480,140),(2053,1579,47),(2054,1829,187),(2055,425,131),(2056,215,42),(2057,1548,37),(2058,891,176),(2059,820,163),(2060,1908,26),(2061,1759,11),(2062,637,200),(2063,489,18),(2064,856,109),(2065,1889,41),(2066,699,90),(2067,52,95),(2068,224,17),(2069,1393,160),(2070,1681,128),(2071,1603,175),(2072,1692,54),(2073,28,97),(2074,1063,189),(2075,1662,30),(2076,1410,24),(2077,697,125),(2078,1561,126),(2079,127,27),(2080,630,7),(2081,1564,40),(2082,1300,10),(2083,576,172),(2084,241,189),(2085,1933,55),(2086,794,184),(2087,1830,37),(2088,1863,184),(2089,374,139),(2090,194,128),(2091,1439,61),(2092,10,2),(2093,1619,111),(2094,865,12),(2095,1476,43),(2096,1583,97),(2097,1731,128),(2098,952,190),(2099,1709,94),(2100,1688,54),(2101,1629,17),(2102,909,130),(2103,1779,64),(2104,1033,9),(2105,203,107),(2106,499,150),(2107,1416,113),(2108,536,27),(2109,1571,90),(2110,913,57),(2111,1859,128),(2112,851,198),(2113,1645,24),(2114,334,69),(2115,1902,97),(2116,1644,33),(2117,1645,74),(2118,40,150),(2119,1063,25),(2120,431,35),(2121,241,156),(2122,376,54),(2123,1261,31),(2124,1190,36),(2125,1659,68),(2126,1557,134),(2127,35,113),(2128,70,163),(2129,645,137),(2130,290,61),(2131,1196,55),(2132,1383,12),(2133,866,30),(2134,322,198),(2135,1544,8),(2136,1522,12),(2137,1788,176),(2138,1826,155),(2139,584,154),(2140,113,129),(2141,596,153),(2142,463,188),(2143,568,11),(2144,1300,51),(2145,613,68),(2146,999,14),(2147,450,116),(2148,385,179),(2149,1411,190),(2150,502,195),(2151,643,145),(2152,941,21),(2153,815,92),(2154,1909,21),(2155,759,74),(2156,1912,117),(2157,1353,72),(2158,1882,43),(2159,410,114),(2160,1552,45),(2161,689,45),(2162,436,197),(2163,145,147),(2164,1325,97),(2165,1886,87),(2166,865,157),(2167,1306,29),(2168,702,94),(2169,1024,14),(2170,246,124),(2171,1641,101),(2172,1403,16),(2173,448,162),(2174,1470,61),(2175,1281,100),(2176,851,92),(2177,1393,2),(2178,307,12),(2179,1665,124),(2180,572,63),(2181,1619,53),(2182,45,43),(2183,1795,153),(2184,1348,70),(2185,1131,145),(2186,876,56),(2187,1013,169),(2188,1116,138),(2189,687,90),(2190,1768,8),(2191,531,159),(2192,1677,180),(2193,1265,127),(2194,812,22),(2195,1920,54),(2196,1286,90),(2197,1852,45),(2198,91,88),(2199,1831,17),(2200,472,101),(2201,66,142),(2202,1851,179),(2203,1144,129),(2204,1150,124),(2205,1473,106),(2206,118,154),(2207,891,184),(2208,1732,6),(2209,690,50),(2210,1917,56),(2211,531,13),(2212,1421,72),(2213,1758,191),(2214,1255,103),(2215,433,21),(2216,1065,24),(2217,1827,148),(2218,1084,194),(2219,901,195),(2220,590,116),(2221,1736,81),(2222,370,35),(2223,1386,29),(2224,1194,76),(2225,236,61),(2226,147,91),(2227,751,166),(2228,926,196),(2229,913,67),(2230,1997,135),(2231,1624,52),(2232,1790,86),(2233,927,200),(2234,1358,185),(2235,449,159),(2236,928,104),(2237,1145,172),(2238,1236,16),(2239,1975,160),(2240,939,167),(2241,954,27),(2242,1155,109),(2243,699,22),(2244,286,200),(2245,1144,130),(2246,1341,157),(2247,305,5),(2248,448,75),(2249,1574,88),(2250,897,123),(2251,1232,199),(2252,405,174),(2253,1070,112),(2254,1221,96),(2255,529,200),(2256,1662,182),(2257,674,58),(2258,918,183),(2259,1068,159),(2260,74,120),(2261,376,100),(2262,883,45),(2263,1512,71),(2264,1824,77),(2265,170,14),(2266,1540,145),(2267,510,133),(2268,634,20),(2269,1087,124),(2270,157,159),(2271,1129,110),(2272,1919,178),(2273,423,127),(2274,893,9),(2275,895,181),(2276,139,183),(2277,1748,86),(2278,1017,74),(2279,1458,19),(2280,881,84),(2281,252,51),(2282,17,51),(2283,1516,77),(2284,1013,165),(2285,1066,29),(2286,434,149),(2287,365,38),(2288,374,23),(2289,1589,121),(2290,1160,36),(2291,1871,27),(2292,259,3),(2293,412,135),(2294,1079,126),(2295,274,198),(2296,683,130),(2297,3,46),(2298,973,130),(2299,716,184),(2300,343,125),(2301,463,174),(2302,214,42),(2303,612,91),(2304,1574,179),(2305,1949,73),(2306,1142,53),(2307,387,134),(2308,1412,35),(2309,199,123),(2310,1752,86),(2311,704,156),(2312,792,154),(2313,208,53),(2314,52,128),(2315,1274,35),(2316,1670,100),(2317,1319,29),(2318,1828,192),(2319,209,173),(2320,851,95),(2321,685,31),(2322,855,173),(2323,1199,80),(2324,220,199),(2325,1788,159),(2326,1084,51),(2327,811,21),(2328,732,183),(2329,974,180),(2330,342,96),(2331,568,156),(2332,822,150),(2333,1707,32),(2334,924,135),(2335,1780,186),(2336,922,137),(2337,154,124),(2338,1719,175),(2339,1052,76),(2340,1446,71),(2341,1520,15),(2342,1806,86),(2343,217,6),(2344,274,69),(2345,621,123),(2346,1805,200),(2347,700,77),(2348,1769,6),(2349,157,180),(2350,1686,26),(2351,1548,175),(2352,1075,64),(2353,1985,118),(2354,1624,151),(2355,260,24),(2356,1619,44),(2357,174,167),(2358,1146,156),(2359,549,142),(2360,204,39),(2361,309,8),(2362,1191,165),(2363,1910,159),(2364,1020,127),(2365,1969,172),(2366,756,54),(2367,554,126),(2368,648,187),(2369,1796,132),(2370,1814,157),(2371,560,158),(2372,608,112),(2373,1239,165),(2374,1333,89),(2375,379,157),(2376,1013,135),(2377,677,168),(2378,996,47),(2379,1686,90),(2380,225,26),(2381,1994,199),(2382,1707,75),(2383,75,165),(2384,686,108),(2385,1272,185),(2386,1669,194),(2387,264,38),(2388,392,143),(2389,1227,131),(2390,1895,107),(2391,514,68),(2392,698,21),(2393,1507,71),(2394,1267,125),(2395,1548,129),(2396,1,119),(2397,1478,57),(2398,333,28),(2399,473,69),(2400,1505,25),(2401,1098,1),(2402,310,161),(2403,1120,102),(2404,1091,1),(2405,481,54),(2406,941,74),(2407,770,112),(2408,569,78),(2409,776,26),(2410,1448,73),(2411,762,129),(2412,696,80),(2413,1362,3),(2414,1357,89),(2415,1846,197),(2416,535,32),(2417,279,51),(2418,1220,87),(2419,1360,12),(2420,952,6),(2421,1106,20),(2422,1885,18),(2423,72,97),(2424,762,83),(2425,1833,167),(2426,1764,191),(2427,577,48),(2428,1232,52),(2429,696,133),(2430,167,16),(2431,368,21),(2432,1041,18),(2433,868,187),(2434,374,172),(2435,1916,136),(2436,431,100),(2437,897,118),(2438,825,146),(2439,175,16),(2440,738,199),(2441,1938,27),(2442,1814,103),(2443,436,72),(2444,19,113),(2445,755,142),(2446,1682,73),(2447,1653,59),(2448,1170,52),(2449,675,167),(2450,1095,188),(2451,1430,159),(2452,499,53),(2453,448,101),(2454,1034,172),(2455,787,32),(2456,176,128),(2457,716,97),(2458,1067,10),(2459,1603,167),(2460,648,152),(2461,1432,1),(2462,757,84),(2463,1950,200),(2464,109,82),(2465,1438,67),(2466,878,54),(2467,1699,5),(2468,247,159),(2469,1986,36),(2470,958,81),(2471,1721,124),(2472,504,55),(2473,157,20),(2474,201,180),(2475,1642,92),(2476,623,154),(2477,1930,136),(2478,1506,119),(2479,513,10),(2480,1185,111),(2481,288,52),(2482,1540,135),(2483,1592,21),(2484,107,182),(2485,1319,111),(2486,888,104),(2487,1276,11),(2488,1271,134),(2489,1732,108),(2490,1264,166),(2491,1431,134),(2492,276,111),(2493,1511,31),(2494,1188,68),(2495,1248,50),(2496,1246,169),(2497,238,107),(2498,533,98),(2499,537,3),(2500,1658,188),(2501,1673,63),(2502,768,1),(2503,1306,29),(2504,1429,91),(2505,496,184),(2506,126,124),(2507,62,6),(2508,157,187),(2509,1838,135),(2510,650,136),(2511,335,108),(2512,708,9),(2513,187,56),(2514,1529,170),(2515,769,49),(2516,1085,16),(2517,1185,128),(2518,134,84),(2519,1059,86),(2520,216,14),(2521,1075,14),(2522,51,67),(2523,158,90),(2524,1602,39),(2525,1007,45),(2526,1303,63),(2527,65,80),(2528,1836,6),(2529,1861,126),(2530,1960,153),(2531,1857,163),(2532,750,184),(2533,478,18),(2534,1952,62),(2535,1862,176),(2536,143,178),(2537,695,188),(2538,1226,134),(2539,251,159),(2540,243,145),(2541,1440,108),(2542,144,35),(2543,1279,109),(2544,406,146),(2545,68,198),(2546,1213,83),(2547,1061,107),(2548,1377,72),(2549,1854,151),(2550,575,123),(2551,1754,149),(2552,785,180),(2553,44,6),(2554,167,31),(2555,1500,100),(2556,175,105),(2557,1844,164),(2558,393,64),(2559,175,68),(2560,733,138),(2561,1816,90),(2562,779,154),(2563,214,78),(2564,1514,147),(2565,1626,62),(2566,624,50),(2567,449,54),(2568,860,98),(2569,96,184),(2570,817,70),(2571,597,168),(2572,473,3),(2573,1061,192),(2574,340,38),(2575,262,39),(2576,487,166),(2577,434,71),(2578,969,176),(2579,1917,66),(2580,1665,140),(2581,810,188),(2582,335,106),(2583,1660,165),(2584,615,90),(2585,1090,147),(2586,94,181),(2587,691,36),(2588,1705,85),(2589,1705,89),(2590,1280,67),(2591,545,59),(2592,1714,48),(2593,384,39),(2594,1878,59),(2595,265,84),(2596,499,185),(2597,779,140),(2598,135,3),(2599,1896,190),(2600,1568,37),(2601,314,192),(2602,33,71),(2603,908,99),(2604,1872,141),(2605,945,60),(2606,1454,193),(2607,1968,145),(2608,411,172),(2609,899,80),(2610,75,193),(2611,6,165),(2612,1555,43),(2613,700,62),(2614,849,162),(2615,681,44),(2616,588,163),(2617,1668,130),(2618,1310,24),(2619,982,152),(2620,825,37),(2621,1966,195),(2622,870,82),(2623,540,178),(2624,1833,135),(2625,1500,84),(2626,394,157),(2627,1486,98),(2628,363,168),(2629,1214,59),(2630,1774,1),(2631,93,130),(2632,426,187),(2633,1666,153),(2634,332,184),(2635,1284,170),(2636,649,132),(2637,134,100),(2638,743,52),(2639,472,42),(2640,1158,88),(2641,87,16),(2642,842,184),(2643,802,132),(2644,1666,125),(2645,609,105),(2646,649,35),(2647,1223,126),(2648,1885,163),(2649,574,189),(2650,708,63),(2651,1304,85),(2652,1958,182),(2653,152,161),(2654,100,21),(2655,1237,45),(2656,123,189),(2657,1482,19),(2658,1740,29),(2659,863,20),(2660,1345,137),(2661,1526,191),(2662,47,99),(2663,1913,40),(2664,1247,73),(2665,826,14),(2666,1669,115),(2667,1396,62),(2668,1542,65),(2669,1395,55),(2670,173,136),(2671,150,101),(2672,1199,65),(2673,1335,159),(2674,78,7),(2675,1952,187),(2676,492,168),(2677,289,127),(2678,1771,181),(2679,786,186),(2680,684,104),(2681,258,186),(2682,635,181),(2683,908,123),(2684,351,134),(2685,1664,18),(2686,1128,174),(2687,910,26),(2688,385,41),(2689,1078,62),(2690,245,68),(2691,1032,186),(2692,1533,93),(2693,1757,14),(2694,1093,101),(2695,373,193),(2696,1648,57),(2697,1138,200),(2698,38,137),(2699,311,54),(2700,1657,166),(2701,1186,6),(2702,116,81),(2703,779,4),(2704,905,161),(2705,184,29),(2706,1616,86),(2707,123,62),(2708,179,188),(2709,1192,191),(2710,180,116),(2711,67,50),(2712,1001,165),(2713,36,96),(2714,1430,118),(2715,737,146),(2716,723,79),(2717,1845,191),(2718,1439,161),(2719,1170,43),(2720,1420,157),(2721,984,193),(2722,36,27),(2723,306,123),(2724,872,116),(2725,1097,81),(2726,1988,133),(2727,1992,128),(2728,69,100),(2729,1835,18),(2730,1545,170),(2731,1283,113),(2732,157,82),(2733,1340,98),(2734,52,45),(2735,1572,116),(2736,1542,127),(2737,1268,52),(2738,1143,54),(2739,1046,200),(2740,1611,77),(2741,830,72),(2742,1855,83),(2743,753,24),(2744,1190,181),(2745,135,159),(2746,111,196),(2747,1352,148),(2748,574,195),(2749,503,91),(2750,1222,163),(2751,1062,20),(2752,1175,9),(2753,1338,40),(2754,1653,63),(2755,1350,43),(2756,616,5),(2757,1529,50),(2758,458,46),(2759,908,99),(2760,920,59),(2761,976,69),(2762,359,117),(2763,1952,151),(2764,356,79),(2765,1425,49),(2766,487,31),(2767,590,42),(2768,1603,124),(2769,1852,99),(2770,870,77),(2771,692,45),(2772,1478,162),(2773,1412,9),(2774,1201,140),(2775,1271,28),(2776,1818,75),(2777,319,185),(2778,1425,8),(2779,588,192),(2780,726,86),(2781,1120,183),(2782,1032,94),(2783,848,129),(2784,457,97),(2785,738,190),(2786,55,56),(2787,303,18),(2788,1373,174),(2789,855,133),(2790,919,114),(2791,1569,142),(2792,274,114),(2793,570,191),(2794,901,180),(2795,1429,130),(2796,1570,194),(2797,585,181),(2798,380,68),(2799,840,143),(2800,1915,5),(2801,77,166),(2802,1010,196),(2803,58,173),(2804,862,69),(2805,689,147),(2806,718,165),(2807,1342,77),(2808,894,192),(2809,1011,45),(2810,673,178),(2811,1921,100),(2812,1750,164),(2813,1670,115),(2814,1771,97),(2815,1732,95),(2816,677,135),(2817,1451,53),(2818,969,157),(2819,1809,185),(2820,1556,1),(2821,1080,141),(2822,1038,182),(2823,192,160),(2824,1409,81),(2825,1926,60),(2826,156,68),(2827,822,94),(2828,1876,161),(2829,686,45),(2830,140,168),(2831,1932,149),(2832,648,92),(2833,545,119),(2834,755,114),(2835,705,52),(2836,1814,96),(2837,1140,1),(2838,702,57),(2839,254,140),(2840,626,156),(2841,1417,109),(2842,913,88),(2843,48,57),(2844,646,24),(2845,660,32),(2846,6,154),(2847,1239,75),(2848,1996,79),(2849,1761,57),(2850,964,153),(2851,661,86),(2852,1376,117),(2853,838,63),(2854,703,165),(2855,116,183),(2856,795,149),(2857,1689,114),(2858,1548,180),(2859,414,107),(2860,1083,93),(2861,1592,128),(2862,1201,93),(2863,978,87),(2864,1042,14),(2865,774,200),(2866,220,200),(2867,1995,60),(2868,1453,22),(2869,1111,70),(2870,1663,14),(2871,1505,196),(2872,235,75),(2873,98,77),(2874,1037,188),(2875,934,177),(2876,858,58),(2877,1660,160),(2878,1838,100),(2879,1727,179),(2880,1740,149),(2881,137,29),(2882,179,98),(2883,968,10),(2884,435,97),(2885,1089,70),(2886,481,193),(2887,973,92),(2888,917,111),(2889,120,193),(2890,72,188),(2891,17,73),(2892,1201,98),(2893,793,72),(2894,1964,46),(2895,191,183),(2896,986,162),(2897,902,36),(2898,1885,100),(2899,1875,63),(2900,938,18),(2901,1918,147),(2902,511,64),(2903,645,176),(2904,1888,66),(2905,1442,189),(2906,1383,80),(2907,11,98),(2908,1473,44),(2909,186,11),(2910,1613,82),(2911,552,79),(2912,172,87),(2913,1354,19),(2914,1671,5),(2915,755,197),(2916,1269,142),(2917,559,39),(2918,222,121),(2919,1279,11),(2920,488,46),(2921,1104,135),(2922,1306,114),(2923,492,104),(2924,1671,6),(2925,1180,74),(2926,254,188),(2927,1775,130),(2928,343,190),(2929,432,42),(2930,138,151),(2931,1893,165),(2932,1249,108),(2933,1418,2),(2934,1163,21),(2935,1367,65),(2936,1924,34),(2937,912,125),(2938,1119,193),(2939,1871,45),(2940,1014,181),(2941,1882,15),(2942,838,91),(2943,1458,87),(2944,1469,136),(2945,1994,172),(2946,1590,161),(2947,204,3),(2948,885,147),(2949,1703,14),(2950,628,157),(2951,1149,157),(2952,576,130),(2953,1167,123),(2954,1827,119),(2955,678,3),(2956,787,154),(2957,1138,177),(2958,1615,24),(2959,1348,68),(2960,15,72),(2961,649,153),(2962,660,190),(2963,433,97),(2964,70,41),(2965,859,191),(2966,956,58),(2967,1969,142),(2968,1597,187),(2969,1322,101),(2970,1245,21),(2971,127,40),(2972,1029,194),(2973,859,56),(2974,1908,60),(2975,695,61),(2976,1396,6),(2977,1493,118),(2978,1053,48),(2979,1537,136),(2980,1036,185),(2981,497,117),(2982,1823,41),(2983,372,137),(2984,735,73),(2985,1,197),(2986,328,4),(2987,1683,129),(2988,1454,25),(2989,896,104),(2990,656,179),(2991,1357,69),(2992,1819,84),(2993,1456,101),(2994,89,77),(2995,252,49),(2996,1299,82),(2997,1223,121),(2998,1112,182),(2999,1386,48),(3000,1786,137),(3001,1398,168),(3002,1296,144),(3003,391,168),(3004,1048,147),(3005,1801,17),(3006,1296,81),(3007,303,193),(3008,601,94),(3009,269,87),(3010,867,183),(3011,68,101),(3012,872,108),(3013,64,187),(3014,1853,118),(3015,850,188),(3016,875,43),(3017,1418,127),(3018,274,144),(3019,223,187),(3020,1586,198),(3021,426,42),(3022,524,29),(3023,562,183),(3024,128,195),(3025,1815,200),(3026,1019,42),(3027,1064,6),(3028,173,115),(3029,168,185),(3030,625,102),(3031,1368,186),(3032,1272,15),(3033,1891,41),(3034,1343,62),(3035,1365,103),(3036,1646,174),(3037,502,109),(3038,723,9),(3039,223,133),(3040,748,167),(3041,1330,4),(3042,384,92),(3043,1238,200),(3044,1747,113),(3045,781,76),(3046,1799,21),(3047,468,29),(3048,1862,20),(3049,1519,139),(3050,1782,3),(3051,1475,199),(3052,840,151),(3053,786,8),(3054,158,142),(3055,300,18),(3056,788,82),(3057,162,147),(3058,435,40),(3059,228,9),(3060,45,53),(3061,1867,33),(3062,797,187),(3063,1033,16),(3064,943,176),(3065,1894,168),(3066,450,61),(3067,649,149),(3068,412,84),(3069,342,19),(3070,1830,34),(3071,554,69),(3072,1820,109),(3073,580,146),(3074,1996,20),(3075,123,138),(3076,113,58),(3077,1395,16),(3078,1407,48),(3079,1787,149),(3080,902,126),(3081,306,113),(3082,709,159),(3083,1996,76),(3084,377,37),(3085,1361,95),(3086,1914,21),(3087,92,32),(3088,1980,7),(3089,821,86),(3090,167,186),(3091,512,54),(3092,1406,180),(3093,808,115),(3094,1033,70),(3095,973,16),(3096,972,88),(3097,1477,114),(3098,192,188),(3099,1183,160),(3100,875,50),(3101,930,136),(3102,259,70),(3103,1594,142),(3104,1606,180),(3105,1517,5),(3106,1227,91),(3107,1738,149),(3108,428,109),(3109,639,20),(3110,1839,47),(3111,1354,7),(3112,1051,126),(3113,1811,71),(3114,1898,92),(3115,164,50),(3116,1852,74),(3117,1568,148),(3118,1388,71),(3119,459,157),(3120,1303,88),(3121,992,34),(3122,726,155),(3123,700,166),(3124,1664,95),(3125,1730,132),(3126,1171,78),(3127,1028,19),(3128,1792,189),(3129,1525,90),(3130,143,137),(3131,1687,6),(3132,74,8),(3133,1411,162),(3134,298,150),(3135,1904,48),(3136,182,4),(3137,44,92),(3138,1238,104),(3139,543,5),(3140,107,5),(3141,1827,31),(3142,1761,152),(3143,183,103),(3144,1093,87),(3145,1413,130),(3146,260,131),(3147,482,110),(3148,931,67),(3149,1314,141),(3150,1251,113),(3151,1604,64),(3152,1981,28),(3153,408,75),(3154,437,70),(3155,1865,199),(3156,233,41),(3157,1448,169),(3158,1939,170),(3159,1507,171),(3160,983,192),(3161,1076,137),(3162,204,81),(3163,223,38),(3164,1566,26),(3165,1906,52),(3166,1887,26),(3167,626,174),(3168,670,24),(3169,1855,74),(3170,264,68),(3171,1351,70),(3172,320,64),(3173,271,135),(3174,1578,83),(3175,943,25),(3176,1665,16),(3177,16,33),(3178,1117,193),(3179,181,27),(3180,218,100),(3181,176,47),(3182,539,35),(3183,823,84),(3184,395,49),(3185,1463,157),(3186,226,151),(3187,1627,86),(3188,1773,74),(3189,108,128),(3190,120,179),(3191,949,87),(3192,1845,83),(3193,891,120),(3194,1197,38),(3195,1332,45),(3196,356,165),(3197,311,142),(3198,1559,34),(3199,1188,171),(3200,184,8),(3201,1444,131),(3202,1240,71),(3203,1285,86),(3204,209,20),(3205,1376,146),(3206,1114,198),(3207,149,126),(3208,250,150),(3209,544,69),(3210,1637,121),(3211,98,136),(3212,394,139),(3213,630,34),(3214,801,81),(3215,187,33),(3216,1522,185),(3217,557,99),(3218,737,122),(3219,1088,14),(3220,1751,141),(3221,446,134),(3222,221,195),(3223,1420,53),(3224,1907,197),(3225,1137,41),(3226,736,30),(3227,235,66),(3228,344,38),(3229,607,12),(3230,1905,70),(3231,208,141),(3232,1739,28),(3233,1061,5),(3234,1996,158),(3235,415,41),(3236,1324,168),(3237,1972,137),(3238,1703,20),(3239,157,6),(3240,1163,35),(3241,1055,6),(3242,1245,40),(3243,832,84),(3244,1865,190),(3245,1451,102),(3246,1531,1),(3247,1859,152),(3248,542,45),(3249,289,187),(3250,870,169),(3251,1497,165),(3252,140,185),(3253,142,121),(3254,1560,42),(3255,43,61),(3256,1294,59),(3257,1321,46),(3258,795,69),(3259,142,112),(3260,1012,118),(3261,429,149),(3262,1046,80),(3263,566,64),(3264,1057,73),(3265,51,32),(3266,462,6),(3267,75,124),(3268,1654,40),(3269,1169,143),(3270,1660,2),(3271,570,102),(3272,375,50),(3273,670,129),(3274,1856,9),(3275,46,7),(3276,388,119),(3277,166,183),(3278,912,187),(3279,1236,123),(3280,1979,47),(3281,845,94),(3282,1775,66),(3283,385,60),(3284,1486,179),(3285,1025,146),(3286,937,197),(3287,1528,177),(3288,357,160),(3289,309,124),(3290,1218,199),(3291,521,40),(3292,316,3),(3293,1910,2),(3294,1351,170),(3295,548,86),(3296,50,112),(3297,1963,194),(3298,577,96),(3299,1106,10),(3300,255,87),(3301,1189,19),(3302,159,82),(3303,1316,24),(3304,851,28),(3305,1014,13),(3306,547,180),(3307,829,156),(3308,1473,25),(3309,150,39),(3310,1518,116),(3311,1675,142),(3312,1884,166),(3313,597,35),(3314,1196,13),(3315,1485,74),(3316,899,2),(3317,240,187),(3318,870,4),(3319,1857,49),(3320,383,107),(3321,228,19),(3322,1919,156),(3323,1499,81),(3324,757,175),(3325,1571,23),(3326,855,85),(3327,521,83),(3328,1146,68),(3329,839,26),(3330,1726,169),(3331,448,172),(3332,939,163),(3333,282,127),(3334,1843,18),(3335,821,77),(3336,439,93),(3337,219,189),(3338,882,105),(3339,845,1),(3340,783,14),(3341,12,88),(3342,1024,71),(3343,789,51),(3344,1877,148),(3345,1911,158),(3346,538,171),(3347,1533,188),(3348,1945,184),(3349,837,135),(3350,562,99),(3351,249,57),(3352,887,192),(3353,351,106),(3354,678,184),(3355,531,177),(3356,710,60),(3357,1833,147),(3358,1859,177),(3359,179,20),(3360,927,177),(3361,1750,95),(3362,103,88),(3363,540,31),(3364,1630,10),(3365,1304,103),(3366,43,139),(3367,1253,43),(3368,1100,7),(3369,1947,180),(3370,416,15),(3371,1518,49),(3372,1955,54),(3373,1513,40),(3374,1109,58),(3375,966,106),(3377,957,161),(3378,652,171),(3379,146,199),(3380,497,18),(3381,1369,60),(3382,1023,60),(3383,1307,49),(3384,197,42),(3385,1588,179),(3386,342,126),(3387,570,47),(3388,1,92),(3389,142,62),(3390,1723,14),(3391,610,5),(3392,280,70),(3393,1440,29),(3394,15,78),(3395,502,185),(3396,1842,152),(3397,977,5),(3398,1192,190),(3399,728,94),(3400,1255,5),(3401,592,116),(3402,1261,5),(3403,926,81),(3404,267,157),(3405,1248,177),(3406,978,141),(3407,1931,195),(3408,227,81),(3409,552,67),(3410,478,104),(3411,958,163),(3412,1320,103),(3413,560,6),(3414,591,130),(3415,1549,9),(3416,1216,126),(3417,496,104),(3418,322,164),(3419,498,176),(3420,865,25),(3421,257,72),(3422,800,176),(3423,1972,162),(3424,1533,147),(3425,436,33),(3426,672,51),(3427,1661,195),(3428,1518,34),(3429,1542,181),(3430,127,66),(3431,966,188),(3432,253,107),(3433,1699,138),(3434,1621,65),(3435,1520,191),(3436,1651,135),(3437,682,89),(3438,1204,30),(3439,1476,15),(3440,1078,181),(3441,1458,52),(3442,1521,16),(3443,822,31),(3444,1452,134),(3445,1604,41),(3446,1168,71),(3447,1997,190),(3448,1325,95),(3449,1106,21),(3450,539,110),(3451,1832,125),(3452,1667,107),(3453,860,120),(3454,561,116),(3455,865,125),(3456,1347,104),(3457,1245,90),(3458,1521,48),(3459,1745,67),(3460,382,4),(3461,312,36),(3462,1931,155),(3463,1360,34),(3464,1498,124),(3465,1943,3),(3466,1940,161),(3467,269,52),(3468,1608,86),(3469,260,75),(3470,1714,141),(3471,1595,173),(3472,1177,12),(3473,523,87),(3474,1381,182),(3475,1941,167),(3476,327,145),(3477,1863,157),(3478,940,136),(3479,1706,136),(3480,1008,142),(3481,1943,71),(3482,719,183),(3483,1621,139),(3484,1950,181),(3485,1696,140),(3486,555,108),(3487,1412,21),(3488,1758,167),(3489,114,142),(3490,4,171),(3491,941,192),(3492,1172,111),(3493,641,137),(3494,1425,145),(3495,1259,12),(3496,8,188),(3497,787,31),(3498,1011,68),(3499,474,97),(3500,33,185),(3501,1625,164),(3502,402,77),(3503,1501,40),(3504,944,150),(3505,1022,103),(3506,1351,124),(3507,1814,62),(3508,1631,186),(3509,888,70),(3510,1575,48),(3511,1613,42),(3512,792,94),(3513,1820,118),(3514,1692,168),(3515,642,186),(3516,862,92),(3517,42,39),(3518,992,64),(3519,923,130),(3520,1597,178),(3521,1452,127),(3522,133,111),(3523,1187,114),(3524,1572,104),(3525,1628,12),(3526,662,140),(3527,31,82),(3528,399,104),(3529,748,138),(3530,975,67),(3531,1504,116),(3532,1896,108),(3533,570,17),(3534,24,22),(3535,497,180),(3536,813,12),(3537,1152,1),(3538,1670,192),(3539,1532,104),(3540,1157,73),(3541,699,83),(3542,1784,193),(3543,1607,117),(3544,1271,10),(3545,721,127),(3546,183,101),(3547,373,59),(3548,1318,65),(3549,465,30),(3550,1486,171),(3551,1069,183),(3552,731,33),(3553,497,66),(3554,835,41),(3555,362,65),(3556,1743,96),(3557,1082,67),(3558,93,47),(3559,1665,71),(3560,528,162),(3561,1215,6),(3562,129,148),(3563,507,147),(3564,1378,121),(3565,1830,171),(3566,1275,164),(3567,661,94),(3568,1604,91),(3569,235,192),(3570,515,104),(3571,197,120),(3572,445,52),(3573,1689,64),(3574,1078,68),(3575,3,145),(3576,1217,35),(3577,509,104),(3578,1004,66),(3579,172,40),(3580,847,70),(3581,1566,53),(3582,1156,65),(3583,356,47),(3584,1848,102),(3585,114,27),(3586,994,107),(3587,830,42),(3588,1788,54),(3589,121,192),(3590,932,28),(3591,1039,121),(3592,1933,172),(3593,1067,107),(3594,581,148),(3595,1724,176),(3596,340,3),(3597,1130,165),(3598,545,33),(3599,292,90),(3600,241,9),(3601,117,144),(3602,317,109),(3603,222,155),(3604,1255,27),(3605,1886,45),(3606,603,155),(3607,239,154),(3608,170,106),(3609,1339,108),(3610,1040,10),(3611,1964,54),(3612,774,23),(3613,822,90),(3614,416,163),(3615,1085,123),(3616,1265,5),(3617,1000,41),(3618,424,106),(3619,1786,149),(3620,250,2),(3621,583,89),(3622,390,176),(3623,1648,91),(3624,379,21),(3625,749,122),(3626,1047,176),(3627,81,93),(3628,173,116),(3629,1555,96),(3630,722,115),(3631,1784,110),(3632,1572,186),(3633,434,175),(3634,337,120),(3635,1179,133),(3636,541,164),(3637,1548,43),(3638,1889,75),(3639,677,41),(3640,1637,14),(3641,1432,32),(3642,888,90),(3643,1615,89),(3644,1876,188),(3645,705,109),(3646,1320,50),(3647,29,163),(3648,981,77),(3649,120,99),(3650,276,149),(3651,938,114),(3652,1812,69),(3653,405,199),(3654,1573,102),(3655,1181,139),(3656,1404,36),(3657,179,166),(3658,548,106),(3659,1295,28),(3660,1298,128),(3661,99,60),(3662,1949,83),(3663,1790,50),(3664,1275,28),(3665,813,120),(3666,938,150),(3667,1850,57),(3668,633,112),(3669,1856,47),(3670,1613,2),(3671,1200,117),(3672,541,159),(3673,90,108),(3674,1864,144),(3675,1920,183),(3676,1123,161),(3677,1828,129),(3678,1895,43),(3679,677,40),(3680,1957,45),(3681,869,93),(3682,1962,54),(3683,849,171),(3684,98,86),(3685,1447,73),(3686,297,48),(3687,860,29),(3688,1415,51),(3689,1640,174),(3690,1269,8),(3691,1673,196),(3692,1299,32),(3693,976,27),(3694,952,110),(3695,1780,61),(3696,977,155),(3697,1482,29),(3698,1679,175),(3699,1364,172),(3700,1940,148),(3701,213,154),(3702,864,102),(3703,809,29),(3704,1404,2),(3705,1578,84),(3706,1815,138),(3707,1600,19),(3708,1962,190),(3709,822,98),(3710,1406,54),(3711,1785,22),(3712,733,88),(3713,768,73),(3714,501,114),(3715,692,187),(3716,1401,114),(3717,1340,81),(3718,835,40),(3719,1174,60),(3720,1360,196),(3721,415,99),(3722,588,186),(3723,933,124),(3724,1814,40),(3725,1840,61),(3726,997,182),(3727,1140,193),(3728,1069,120),(3729,53,93),(3730,202,38),(3731,17,184),(3732,132,20),(3733,339,125),(3734,474,153),(3735,1002,167),(3736,463,187),(3737,705,37),(3738,932,100),(3739,1595,32),(3740,618,109),(3741,1842,156),(3742,1225,23),(3743,1463,71),(3744,446,132),(3745,262,83),(3746,1458,103),(3747,167,62),(3748,674,5),(3749,511,120),(3750,1191,179),(3751,406,105),(3752,1687,100),(3753,785,131),(3754,553,58),(3755,1026,24),(3756,1909,19),(3757,495,74),(3758,266,11),(3759,928,178),(3760,898,133),(3761,334,105),(3762,1796,109),(3763,1675,77),(3764,1752,63),(3765,1213,97),(3766,348,42),(3767,193,39),(3768,1963,137),(3769,1479,180),(3770,1848,105),(3771,1303,13),(3772,646,135),(3773,9,39),(3774,1115,175),(3775,322,130),(3776,1386,147),(3777,1966,150),(3778,773,156),(3779,678,121),(3780,1884,46),(3781,949,28),(3782,822,9),(3783,526,87),(3784,210,122),(3785,317,172),(3786,1131,71),(3787,284,153),(3788,879,111),(3789,1389,101),(3790,1727,73),(3791,1982,139),(3792,311,1),(3793,957,54),(3794,1888,190),(3795,85,52),(3796,784,74),(3797,1065,59),(3798,785,48),(3799,1371,125),(3800,1574,34),(3801,1148,51),(3802,553,164),(3803,581,184),(3804,1266,8),(3805,1983,74),(3806,1875,183),(3807,522,64),(3808,70,63),(3809,1133,67),(3810,1996,73),(3811,228,24),(3812,205,101),(3813,1951,76),(3814,1247,168),(3815,1419,10),(3816,1245,3),(3817,1158,174),(3818,1176,54),(3819,1625,107),(3820,566,39),(3821,537,95),(3822,943,171),(3823,621,126),(3824,1850,159),(3825,1150,119),(3826,1996,172),(3827,1264,35),(3828,798,38),(3829,751,58),(3830,613,42),(3831,1035,29),(3832,1536,58),(3833,1145,33),(3834,1612,136),(3835,911,153),(3836,522,1),(3837,1367,39),(3838,171,44),(3839,1315,75),(3840,726,57),(3841,1807,28),(3842,1213,61),(3843,1332,112),(3844,368,72),(3845,1316,166),(3846,1863,44),(3847,332,128),(3848,1601,1),(3849,619,4),(3850,756,199),(3851,792,74),(3852,698,149),(3853,1375,146),(3854,760,176),(3855,1354,58),(3856,1313,122),(3857,1010,29),(3858,1259,25),(3859,1615,118),(3860,1460,68),(3861,70,38),(3862,191,47),(3863,1707,108),(3864,1032,146),(3865,1957,85),(3866,261,193),(3867,1162,149),(3868,926,69),(3869,430,117),(3870,1650,113),(3871,1885,35),(3872,442,91),(3873,931,5),(3874,980,83),(3875,709,170),(3876,1020,11),(3877,19,129),(3878,1684,64),(3879,289,84),(3880,1452,141),(3881,241,182),(3882,1180,90),(3883,592,29),(3884,1827,181),(3885,389,164),(3886,1874,156),(3887,962,188),(3888,640,11),(3889,783,123),(3890,262,157),(3891,815,180),(3892,1885,194),(3893,1334,62),(3894,1348,50),(3895,905,96),(3896,558,24),(3897,328,75),(3898,1185,200),(3899,1756,34),(3900,316,91),(3901,491,89),(3902,520,166),(3903,1831,27),(3904,397,178),(3905,1093,178),(3906,1685,191),(3907,673,157),(3908,306,194),(3909,128,83),(3910,390,99),(3911,1714,79),(3912,1083,171),(3913,1655,196),(3914,1276,117),(3915,215,48),(3916,677,159),(3917,1377,80),(3918,1976,70),(3919,36,157),(3920,1134,195),(3921,30,80),(3922,114,94),(3923,1676,36),(3924,1034,68),(3925,1136,89),(3926,1750,199),(3927,1978,90),(3928,1410,24),(3929,421,107),(3930,757,37),(3931,1427,75),(3932,1689,88),(3933,779,1),(3934,881,136),(3936,1594,98),(3937,1423,42),(3938,88,75),(3939,983,97),(3940,145,28),(3941,19,159),(3942,643,198),(3943,670,160),(3944,1505,115),(3945,1486,200),(3946,1551,95),(3947,1105,92),(3948,742,159),(3949,1333,17),(3950,1823,63),(3951,636,58),(3952,1193,88),(3953,240,165),(3954,1631,156),(3955,408,21),(3956,1969,139),(3957,383,8),(3958,1178,172),(3959,772,148),(3960,595,139),(3961,1371,9),(3962,568,59),(3963,1317,131),(3964,479,156),(3965,1186,198),(3966,1103,101),(3967,1363,158),(3968,374,107),(3969,1354,121),(3970,1264,7),(3971,1025,113),(3972,939,114),(3973,1789,154),(3974,663,152),(3975,1226,116),(3976,738,82),(3977,675,131),(3978,1504,80),(3979,584,130),(3980,209,78),(3981,999,98),(3982,1038,16),(3983,1812,102),(3984,1742,63),(3985,247,111),(3986,1937,19),(3987,587,38),(3988,235,115),(3989,1398,20),(3990,981,51),(3991,1437,186),(3992,301,96),(3993,1997,127),(3994,1509,150),(3995,1548,59),(3996,919,21),(3997,159,27),(3998,1418,109),(3999,1891,186),(4000,1126,10),(4001,143,186),(4002,1787,153),(4003,1384,40),(4004,306,149),(4005,620,93),(4006,1945,87),(4007,121,112),(4008,987,50),(4009,1172,18),(4010,1366,17),(4011,1152,126),(4012,1600,129),(4013,410,154),(4014,134,173),(4015,855,56),(4016,1296,87),(4017,666,47),(4018,376,68),(4019,1312,43),(4020,1473,21),(4021,1796,22),(4022,1754,145),(4023,1582,158),(4024,527,122),(4025,1930,153),(4026,1553,17),(4027,995,82),(4028,136,69),(4029,1060,145),(4030,767,150),(4031,112,79),(4032,1921,123),(4033,408,133),(4034,1049,128),(4035,1906,113),(4036,986,163),(4037,284,157),(4038,514,100),(4039,682,2),(4040,36,69),(4041,812,195),(4042,466,166),(4043,809,102),(4044,566,147),(4045,1661,68),(4046,1327,99),(4047,1537,62),(4048,835,117),(4049,1203,187),(4050,1191,34),(4051,1020,166),(4052,654,99),(4053,426,77),(4054,1437,87),(4055,607,175),(4056,1044,96),(4057,857,44),(4058,641,163),(4059,817,64),(4060,1897,200),(4061,1857,168),(4062,606,189),(4063,1310,117),(4064,1243,134),(4065,1541,158),(4066,467,83),(4067,1196,163),(4068,644,73),(4069,275,123),(4070,1301,33),(4071,908,54),(4072,1608,8),(4073,1450,154),(4074,764,198),(4075,1833,148),(4076,1108,187),(4077,1119,179),(4078,649,184),(4079,1983,70),(4080,1989,16),(4081,1059,133),(4082,902,157),(4083,265,135),(4084,1891,178),(4085,707,15),(4086,720,15),(4087,720,171),(4088,1020,88),(4089,1608,52),(4090,1594,158),(4091,144,126),(4092,1374,28),(4093,1885,119),(4094,1651,108),(4095,1350,103),(4096,335,40),(4097,480,197),(4098,1460,115),(4099,940,88),(4100,805,196),(4101,1182,192),(4102,1708,107),(4103,1968,140),(4104,149,166),(4105,1510,127),(4106,1433,131),(4107,1584,2),(4108,648,139),(4109,348,10),(4110,1890,172),(4111,1312,137),(4112,805,91),(4113,1201,142),(4114,207,11),(4115,855,66),(4116,198,137),(4117,728,1),(4118,1930,168),(4119,452,104),(4120,1637,50),(4121,1004,64),(4122,960,73),(4123,215,132),(4124,456,60),(4125,1533,58),(4126,121,12),(4127,809,199),(4128,849,104),(4129,293,121),(4130,1759,98),(4131,1512,82),(4132,935,185),(4133,1037,43),(4134,290,187),(4135,127,29),(4136,1021,171),(4137,459,143),(4138,1370,73),(4139,1412,104),(4140,900,122),(4141,273,20),(4142,964,96),(4143,1829,63),(4144,609,192),(4145,986,162),(4146,1248,60),(4147,1913,60),(4148,1070,121),(4149,748,57),(4150,886,76),(4151,1376,67),(4152,1511,41),(4153,1758,128),(4154,1121,3),(4155,1439,134),(4156,252,1),(4157,1713,24),(4158,209,1),(4159,123,103),(4160,192,174),(4161,391,36),(4162,1715,14),(4163,764,164),(4164,1369,75),(4165,183,154),(4166,1136,193),(4167,1874,70),(4168,342,32),(4169,1064,185),(4170,533,105),(4171,100,50),(4172,288,69),(4173,1726,19),(4174,358,70),(4175,811,163),(4176,1534,23),(4177,1565,171),(4178,1577,113),(4179,913,44),(4180,1448,104),(4181,1800,90),(4182,1448,160),(4183,45,45),(4184,567,197),(4185,1458,152),(4186,1534,171),(4187,771,124),(4188,1346,161),(4189,1353,96),(4190,1244,16),(4191,241,7),(4192,1732,19),(4193,1382,174),(4194,838,157),(4195,1909,57),(4196,1283,91),(4197,63,93),(4198,391,57),(4199,1987,168),(4200,941,66),(4201,584,139),(4202,1174,84),(4203,1092,22),(4204,470,182),(4205,1330,44),(4206,858,152),(4207,134,135),(4208,794,121),(4209,801,62),(4210,1667,158),(4211,433,30),(4212,1769,90),(4213,1394,187),(4214,1769,63),(4215,110,195),(4216,533,40),(4217,1150,77),(4218,1139,59),(4219,1757,110),(4220,1189,139),(4221,1346,7),(4222,1125,134),(4223,241,103),(4224,1356,101),(4225,325,89),(4226,1907,152),(4227,1927,33),(4228,396,148),(4229,247,110),(4230,1021,125),(4231,449,39),(4232,1226,117),(4233,1186,22),(4234,1723,157),(4235,1682,127),(4236,407,30),(4237,1129,42),(4238,21,65),(4239,342,141),(4240,1861,118),(4241,1300,156),(4242,404,107),(4243,973,172),(4244,1075,73),(4245,454,67),(4246,496,83),(4247,49,126),(4248,1599,113),(4249,1157,155),(4250,1979,88),(4251,161,163),(4252,1650,45),(4253,320,9),(4254,1292,94),(4255,210,183),(4256,1674,177),(4257,1602,166),(4258,333,160),(4259,801,120),(4260,1202,41),(4261,1820,21),(4262,616,77),(4263,226,152),(4264,957,101),(4265,799,76),(4266,1235,4),(4267,1029,107),(4268,992,27),(4269,1938,83),(4270,1392,6),(4271,986,146),(4272,803,129),(4273,948,155),(4274,1277,78),(4275,1900,64),(4276,1016,108),(4277,373,4),(4278,716,133),(4279,410,180),(4280,1927,62),(4281,743,117),(4282,857,73),(4283,1411,108),(4284,746,109),(4285,652,63),(4286,209,133),(4287,1222,61),(4288,345,69),(4289,88,61),(4290,1525,148),(4291,218,33),(4292,1009,7),(4293,5,145),(4294,545,90),(4295,966,150),(4296,1720,51),(4297,1462,71),(4298,1025,120),(4299,562,70),(4300,1768,83),(4301,352,8),(4302,699,161),(4303,1556,95),(4304,832,24),(4305,970,12),(4306,1323,112),(4307,271,162),(4308,1253,94),(4309,333,194),(4310,9,170),(4311,1901,33),(4312,1018,22),(4313,277,84),(4314,742,71),(4315,575,94),(4316,19,130),(4317,1797,87),(4318,1313,116),(4319,30,15),(4320,511,109),(4321,407,43),(4322,288,163),(4323,1338,4),(4324,1946,106),(4325,1214,131),(4326,1461,168),(4327,972,95),(4328,949,131),(4329,337,164),(4330,700,193),(4331,1072,50),(4332,847,88),(4333,713,171),(4334,1941,35),(4335,575,152),(4336,1294,61),(4337,15,111),(4338,1550,15),(4339,829,152),(4340,528,18),(4341,888,129),(4342,1588,102),(4343,923,64),(4344,880,157),(4345,1058,106),(4346,117,122),(4347,1451,66),(4348,1297,129),(4349,1002,7),(4350,1387,184),(4351,727,13),(4352,447,32),(4353,428,185),(4354,811,41),(4355,85,111),(4356,743,128),(4357,1372,124),(4358,337,140),(4359,1747,197),(4360,211,157),(4361,1367,133),(4362,885,139),(4363,252,21),(4364,417,137),(4365,1441,171),(4366,325,27),(4367,1527,106),(4368,743,197),(4369,308,27),(4370,1170,189),(4371,1867,112),(4372,1443,53),(4373,195,157),(4374,838,151),(4375,1817,91),(4376,1323,164),(4377,393,100),(4378,729,45),(4379,1689,167),(4380,72,142),(4381,1587,185),(4382,1728,127),(4383,1201,87),(4384,1185,115),(4385,727,140),(4386,1901,22),(4387,895,57),(4388,462,104),(4389,877,199),(4390,1870,157),(4391,1567,36),(4392,1445,91),(4393,453,104),(4394,455,141),(4395,522,130),(4396,1549,64),(4397,770,171),(4398,539,140),(4399,589,132),(4400,1666,92),(4401,1234,85),(4402,998,174),(4403,28,65),(4404,546,32),(4405,572,114),(4406,956,7),(4407,1529,79),(4408,497,115),(4409,1106,169),(4410,265,143),(4411,1373,171),(4412,907,72),(4413,1312,101),(4414,1883,192),(4415,1512,122),(4416,1763,28),(4417,1690,63),(4418,686,196),(4419,364,29),(4420,513,69),(4421,972,58),(4422,84,159),(4423,1625,159),(4424,772,80),(4425,508,94),(4426,1288,37),(4427,1757,38),(4428,1075,59),(4429,1879,160),(4430,949,131),(4431,121,122),(4432,317,79),(4433,1899,41),(4434,80,76),(4435,308,5),(4436,1660,120),(4437,1564,20),(4438,86,171),(4439,1535,24),(4440,1125,185),(4441,424,29),(4442,1132,64),(4443,97,80),(4444,1328,17),(4445,170,162),(4446,1007,38),(4447,34,171),(4448,545,192),(4449,127,127),(4450,973,174),(4451,1302,99),(4452,822,136),(4453,13,198),(4454,1522,7),(4455,918,76),(4456,7,175),(4457,634,122),(4458,1433,6),(4459,1361,137),(4460,1218,164),(4461,1772,200),(4462,657,8),(4463,602,152),(4464,1412,158),(4465,1765,101),(4466,295,1),(4467,95,116),(4468,349,6),(4469,1562,25),(4470,104,98),(4471,340,194),(4472,539,150),(4473,1856,186),(4474,219,196),(4475,190,168),(4476,518,90),(4477,1270,59),(4478,340,32),(4479,1649,59),(4480,1860,28),(4481,964,146),(4482,1777,17),(4483,12,124),(4484,413,152),(4485,891,200),(4486,1701,182),(4487,1901,49),(4488,1297,131),(4489,1896,149),(4490,408,92),(4491,1042,28),(4492,1738,191),(4493,1234,79),(4494,1013,76),(4495,673,118),(4496,1947,126),(4497,137,120),(4498,785,100),(4499,537,190),(4500,1034,91),(4501,318,132),(4502,1532,82),(4503,1482,6),(4504,1683,60),(4505,816,19),(4506,1625,107),(4507,1818,158),(4508,1538,89),(4509,672,125),(4510,1599,78),(4511,334,51),(4512,846,135),(4513,534,113),(4514,1121,151),(4515,1003,54),(4516,476,175),(4517,1689,193),(4518,292,131),(4519,916,192),(4520,957,21),(4521,386,115),(4522,925,4),(4523,887,66),(4524,1354,9),(4525,1109,154),(4526,1257,113),(4527,553,182),(4528,1089,148),(4529,968,24),(4530,1985,105),(4531,770,81),(4532,1063,129),(4533,750,193),(4534,913,190),(4535,556,137),(4536,637,197),(4537,1136,114),(4538,1847,62),(4539,1911,199),(4540,772,47),(4541,1267,105),(4542,1987,161),(4543,889,70),(4544,1072,42),(4545,393,152),(4546,1249,54),(4547,125,79),(4548,1706,157),(4549,1045,191),(4550,1431,90),(4551,1310,150),(4552,1399,56),(4553,1975,125),(4554,41,118),(4555,1214,122),(4556,977,57),(4557,388,7),(4558,1135,76),(4559,71,38),(4560,1910,76),(4561,1741,151),(4562,1401,177),(4563,1700,34),(4564,1847,196),(4565,165,24),(4566,863,91),(4567,1322,1),(4568,1279,125),(4569,1899,137),(4570,937,87),(4571,355,47),(4572,206,86),(4573,1546,49),(4574,80,136),(4575,1731,107),(4576,1264,12),(4577,1868,100),(4578,267,53),(4579,1732,79),(4580,1878,73),(4581,438,10),(4582,888,61),(4583,1451,94),(4584,1423,200),(4585,1932,128),(4586,120,148),(4587,1579,31),(4588,647,50),(4589,1066,62),(4590,1204,199),(4591,1503,125),(4592,1257,126),(4593,1954,31),(4594,1513,4),(4595,626,132),(4596,1305,191),(4597,1962,88),(4598,1397,81),(4599,830,130),(4600,74,43),(4601,454,93),(4602,1200,14),(4603,78,61),(4604,1941,65),(4606,1129,79),(4607,953,164),(4608,1268,154),(4609,676,28),(4610,976,159),(4611,1798,179),(4612,646,145),(4613,1528,95),(4614,1295,108),(4615,1981,120),(4616,1050,103),(4617,260,71),(4618,1165,114),(4619,286,8),(4620,1761,164),(4621,1310,46),(4622,1347,15),(4623,734,130),(4624,30,64),(4625,5,67),(4626,922,1),(4627,1479,61),(4628,843,32),(4629,158,55),(4630,1637,41),(4631,1819,38),(4632,1450,94),(4633,1308,107),(4634,1249,96),(4635,23,25),(4636,517,135),(4637,347,198),(4638,1670,115),(4639,134,110),(4640,495,96),(4641,1375,139),(4642,252,142),(4643,5,89),(4644,1294,25),(4645,754,15),(4646,482,42),(4647,1268,171),(4648,1232,71),(4649,19,189),(4650,221,58),(4651,889,170),(4652,1857,99),(4653,617,123),(4654,1344,122),(4655,604,101),(4656,497,167),(4657,1565,83),(4658,797,92),(4659,807,21),(4660,1628,39),(4661,162,13),(4662,1902,23),(4663,239,36),(4664,811,34),(4665,758,173),(4666,621,198),(4667,785,6),(4668,635,105),(4669,1303,166),(4670,290,86),(4671,703,119),(4672,924,186),(4673,362,196),(4674,1184,180),(4675,1411,156),(4676,238,28),(4677,1537,45),(4678,1035,182),(4679,1407,114),(4681,1538,97),(4682,877,178),(4683,732,86),(4684,1671,188),(4685,1056,99),(4686,801,6),(4687,572,71),(4688,1346,69),(4689,1201,39),(4690,1911,98),(4691,1461,153),(4692,116,90),(4693,725,113),(4694,211,17),(4695,41,168),(4696,413,183),(4697,1243,145),(4698,1826,120),(4699,1813,94),(4700,107,12),(4701,1145,26),(4702,300,51),(4703,623,190),(4704,1349,16),(4705,1613,94),(4706,1514,36),(4707,811,83),(4708,817,173),(4709,1670,192),(4710,62,123),(4711,1154,59),(4712,1413,165),(4713,1561,179),(4714,1141,44),(4715,567,62),(4716,1118,2),(4717,546,154),(4718,1166,129),(4719,114,45),(4720,1844,50),(4721,1865,83),(4722,967,35),(4723,1178,172),(4724,1756,73),(4725,825,152),(4726,380,136),(4727,1523,129),(4728,1280,161),(4729,1076,80),(4730,741,130),(4731,1408,163),(4732,1293,134),(4733,280,118),(4734,1248,111),(4735,602,34),(4736,573,153),(4737,1735,149),(4738,757,81),(4739,1316,13),(4740,1938,60),(4741,1615,119),(4742,618,105),(4743,1408,126),(4744,1911,32),(4745,125,136),(4746,613,173),(4747,947,175),(4748,687,49),(4749,1456,41),(4750,682,74),(4751,1741,107),(4752,82,4),(4753,1589,141),(4754,1739,114),(4755,357,105),(4756,1978,12),(4757,1280,121),(4758,993,38),(4759,1172,34),(4760,341,59),(4761,871,102),(4762,1787,58),(4763,1753,151),(4764,1763,60),(4765,1771,108),(4766,1904,54),(4767,337,93),(4768,1844,74),(4769,942,134),(4770,1766,58),(4771,1980,50),(4772,660,92),(4773,1995,177),(4774,1730,133),(4775,1402,121),(4776,1599,108),(4777,1197,154),(4778,1406,196),(4779,1224,178),(4780,185,122),(4781,1186,147),(4782,907,195),(4783,1037,159),(4784,981,30),(4785,1037,54),(4786,614,133),(4787,1894,26),(4788,1496,58),(4789,152,62),(4790,967,133),(4791,1660,153),(4792,811,129),(4793,1071,118),(4794,92,88),(4795,58,165),(4796,543,63),(4797,1845,103),(4798,1334,32),(4799,1306,126),(4800,1647,174),(4801,1086,156),(4802,1093,135),(4803,1546,162),(4804,1141,90),(4805,976,85),(4806,434,187),(4807,180,16),(4808,634,138),(4809,1942,27),(4810,357,59),(4811,940,138),(4812,976,77),(4813,39,16),(4814,741,30),(4815,493,19),(4816,96,61),(4817,246,125),(4818,1831,69),(4819,901,77),(4820,465,46),(4821,156,164),(4822,1173,26),(4823,710,90),(4824,1796,166),(4825,1201,108),(4826,674,45),(4827,685,107),(4828,1753,180),(4829,1283,34),(4830,1905,172),(4831,1050,123),(4832,1607,80),(4833,1668,134),(4834,1357,131),(4835,979,9),(4836,825,70),(4837,68,89),(4838,1314,56),(4839,726,49),(4840,148,13),(4841,523,143),(4842,1001,192),(4843,1527,72),(4844,1412,45),(4845,691,175),(4846,1283,180),(4847,52,18),(4848,1137,57),(4849,1951,182),(4850,1094,160),(4851,1959,44),(4852,932,133),(4853,544,99),(4854,1070,87),(4855,1928,84),(4856,64,94),(4857,1723,3),(4858,1191,146),(4859,770,154),(4860,749,27),(4861,1738,47),(4862,1631,38),(4863,381,18),(4864,1290,137),(4865,1777,12),(4866,545,146),(4867,1084,28),(4868,935,56),(4869,1200,101),(4870,702,2),(4871,1485,57),(4872,1827,44),(4873,1925,86),(4874,1801,83),(4875,479,11),(4876,295,48),(4877,1366,111),(4878,1393,152),(4879,1397,55),(4880,1109,176),(4881,1051,44),(4882,1791,63),(4883,1766,10),(4884,1725,193),(4885,757,119),(4886,1069,41),(4887,467,131),(4888,1365,14),(4889,989,198),(4890,1437,63),(4891,882,60),(4892,44,139),(4893,927,148),(4894,1849,17),(4895,1139,44),(4896,1651,163),(4897,1165,63),(4898,1347,31),(4899,579,178),(4900,1466,190),(4901,1724,59),(4902,409,131),(4903,47,178),(4904,1676,171),(4905,238,56),(4906,1545,134),(4907,1175,56),(4908,1847,142),(4909,1138,102),(4910,1864,144),(4911,1685,197),(4912,1307,176),(4913,525,131),(4914,721,153),(4915,765,42),(4916,985,79),(4917,430,109),(4918,1624,43),(4919,1290,145),(4920,301,112),(4921,248,81),(4922,37,147),(4923,693,135),(4924,565,37),(4925,1647,9),(4926,877,147),(4927,1231,163),(4928,953,69),(4929,1227,107),(4930,779,195),(4931,511,4),(4932,1712,199),(4933,1876,110),(4934,669,57),(4935,1941,94),(4936,1419,26),(4937,1776,12),(4938,516,187),(4939,1948,169),(4940,514,182),(4941,1144,148),(4942,612,155),(4943,1644,90),(4944,1111,6),(4945,86,78),(4946,703,17),(4947,866,88),(4948,825,112),(4949,1843,76),(4950,883,96),(4951,811,107),(4952,1330,163),(4953,677,59),(4954,1527,170),(4955,206,91),(4956,1812,1),(4957,1557,191),(4958,1300,14),(4959,1311,46),(4960,1905,155),(4961,464,69),(4962,573,183),(4963,706,158),(4964,927,120),(4965,171,136),(4966,1745,28),(4967,1233,1),(4968,1028,81),(4969,600,18),(4970,1955,195),(4971,1465,101),(4972,1509,40),(4973,843,111),(4974,579,142),(4975,61,128),(4976,1607,197),(4977,1108,58),(4978,135,144),(4979,1912,87),(4980,272,121),(4981,1994,68),(4982,278,6),(4983,552,175),(4984,1075,29),(4985,1529,186),(4986,1114,31),(4987,1791,104),(4988,90,183),(4989,1974,162),(4990,383,17),(4991,101,86),(4992,1145,9),(4993,1588,116),(4994,1471,40),(4995,879,26),(4996,1898,197),(4997,174,46),(4998,1087,177),(4999,674,57),(5000,1969,13);
/*!40000 ALTER TABLE `copy` ENABLE KEYS */;
UNLOCK TABLES;

--
-- Table structure for table `lending`
--

DROP TABLE IF EXISTS `lending`;
/*!40101 SET @saved_cs_client     = @@character_set_client */;
/*!40101 SET character_set_client = utf8 */;
CREATE TABLE `lending` (
  `id` int(11) NOT NULL AUTO_INCREMENT,
  `copy_id` int(11) DEFAULT NULL,
  `reader_id` int(11) DEFAULT NULL,
  `start_date` date DEFAULT NULL,
  `end_date` date DEFAULT NULL,
  PRIMARY KEY (`id`),
  KEY `lending_copy__fk` (`copy_id`),
  KEY `lending_user_fk` (`reader_id`),
  CONSTRAINT `lending_copy__fk` FOREIGN KEY (`copy_id`) REFERENCES `copy` (`id`),
  CONSTRAINT `lending_user_fk` FOREIGN KEY (`reader_id`) REFERENCES `reader` (`id`)
) ENGINE=InnoDB AUTO_INCREMENT=8061 DEFAULT CHARSET=utf8mb4 ;
/*!40101 SET character_set_client = @saved_cs_client */;

--
-- Dumping data for table `lending`
--

LOCK TABLES `lending` WRITE;
/*!40000 ALTER TABLE `lending` DISABLE KEYS */;
INSERT INTO `lending` VALUES (1,175,105,'2015-11-07','2018-08-01'),(3,1036,681,'2009-01-21','2012-01-26'),(9,1449,347,'2015-03-22','2019-06-25'),(11,85,814,'2005-03-01','2008-06-10'),(12,1954,615,'2005-07-03','2018-07-19'),(13,1138,351,'2006-06-01','2011-12-03'),(14,694,38,'2005-05-28','2010-07-02'),(16,2056,38,'2013-11-10','2016-03-10'),(18,4949,253,'2007-03-27','2016-10-08'),(19,3886,860,'2009-03-13','2013-08-16'),(21,4221,928,'2013-02-27','2018-03-01'),(23,2687,12,'2008-02-09','2015-09-06'),(25,1623,22,'2006-11-27','2012-07-11'),(28,636,170,'2006-05-15','2013-06-27'),(31,1250,380,'2015-04-27','2018-03-05'),(34,1511,24,'2011-10-03','2012-05-28'),(37,2256,51,'2007-03-30','2019-02-15'),(38,274,487,'2011-12-14','2019-02-09'),(40,2637,720,'2008-12-20','2010-05-20'),(42,3564,535,'2007-03-30','2017-01-11'),(43,1645,141,'2006-01-01','2017-03-25'),(44,2249,52,'2015-07-21','2016-08-19'),(48,3012,670,'2014-10-08','2015-03-29'),(49,4258,987,'2008-05-15','2018-04-27'),(50,263,921,'2008-03-22','2012-02-05'),(52,1750,473,'2007-02-27','2019-10-05'),(53,3235,299,'2005-12-18','2013-04-14'),(54,465,329,'2007-11-17','2012-11-26'),(55,1722,984,'2008-08-20','2009-06-15'),(57,2282,822,'2005-11-15','2006-07-11'),(58,2513,472,'2007-12-07','2018-11-26'),(60,144,35,'2014-06-19',NULL),(62,1933,810,'2005-09-16','2014-11-01'),(64,3690,430,'2006-08-05','2016-03-16'),(67,960,782,'2012-12-27','2017-08-24'),(68,2198,719,'2011-05-27','2013-02-13'),(71,2953,96,'2005-12-15','2008-01-25'),(72,449,305,'2006-10-08','2007-10-13'),(74,78,399,'2010-09-16','2011-03-12'),(75,1916,349,'2012-08-26','2019-10-25'),(76,2580,712,'2007-11-19','2011-07-22'),(77,687,260,'2014-03-17','2019-11-24'),(80,3090,732,'2009-03-22','2009-06-30'),(81,3628,948,'2011-08-06','2013-11-29'),(85,2657,105,'2010-12-26','2017-06-26'),(87,888,737,'2013-01-03','2014-12-09'),(88,3249,371,'2016-02-20','2019-10-20'),(89,848,188,'2010-06-16','2019-10-19'),(92,4381,500,'2011-04-24','2015-07-10'),(93,4396,236,'2018-10-21',NULL),(95,2141,725,'2010-08-01','2014-08-28'),(96,4430,417,'2016-01-21','2016-07-25'),(97,642,33,'2008-05-04','2016-06-06'),(100,2572,584,'2005-12-03','2006-11-03'),(103,971,234,'2010-02-23','2014-10-20'),(106,2948,290,'2007-12-13','2016-06-29'),(110,2970,434,'2015-10-23','2019-11-27'),(111,1827,161,'2005-03-22','2017-04-14'),(112,4931,106,'2013-01-28','2013-06-08'),(113,723,35,'2007-07-22','2017-05-14'),(114,1211,379,'2012-01-16','2019-05-19'),(115,2483,693,'2014-09-18','2019-10-06'),(118,1210,643,'2005-03-24','2007-06-21'),(122,4585,976,'2008-06-20','2013-04-16'),(123,2457,798,'2006-01-11','2017-12-25'),(124,3554,933,'2017-05-14','2018-11-29'),(125,4008,650,'2013-10-12','2016-09-23'),(126,3071,559,'2008-09-18','2012-04-10'),(127,2133,425,'2008-11-15','2012-01-27'),(129,2546,819,'2008-09-17','2010-09-26'),(134,2758,568,'2006-10-10','2013-07-29'),(135,2062,115,'2012-03-14','2018-03-09'),(136,3487,25,'2013-09-27',NULL),(137,1974,278,'2008-04-16','2012-03-21'),(138,3053,201,'2011-01-24','2017-06-22'),(139,1380,691,'2014-02-16','2016-08-21'),(143,868,188,'2005-11-29','2011-06-22'),(144,3800,670,'2014-05-24','2017-05-24'),(145,4860,233,'2014-09-07','2015-07-11'),(146,1165,103,'2005-03-04','2016-05-05'),(147,288,53,'2012-07-12','2018-04-13'),(148,453,943,'2012-06-28','2013-12-22'),(150,675,217,'2011-06-21','2013-12-27'),(151,728,529,'2013-06-18','2015-07-06'),(152,2591,349,'2011-07-13','2014-08-07'),(153,1982,48,'2019-03-23','2019-11-29'),(154,3916,898,'2015-06-27','2019-01-13'),(155,217,184,'2016-01-02','2017-03-23'),(160,883,546,'2007-08-01','2008-06-16'),(161,4171,19,'2011-05-29','2017-12-04'),(162,506,157,'2018-08-13','2018-12-19'),(163,1624,274,'2007-05-11','2011-03-06'),(164,2695,676,'2011-03-17','2019-01-14'),(166,4072,126,'2005-11-01','2006-03-03'),(167,3525,454,'2006-09-15','2009-04-11'),(168,926,786,'2016-02-22','2018-10-19'),(172,1033,848,'2007-06-20','2018-03-13'),(173,4564,531,'2007-07-18','2009-03-10'),(175,4388,650,'2015-04-17','2019-09-10'),(176,3034,697,'2007-06-29','2007-07-28'),(177,2821,939,'2013-07-05','2016-01-31'),(178,1269,460,'2010-09-04','2018-10-17'),(179,125,829,'2006-06-14','2014-07-03'),(181,4671,67,'2007-01-26','2010-04-16'),(182,4706,845,'2006-03-14','2011-07-15'),(185,4996,429,'2008-11-16','2015-01-09'),(187,616,351,'2011-05-30','2015-05-24'),(188,290,71,'2013-07-31','2017-03-08'),(191,4726,314,'2005-06-11','2009-11-19'),(193,4768,131,'2010-02-20','2017-10-03'),(195,151,559,'2013-11-14','2014-03-04'),(196,134,985,'2012-01-22','2012-04-03'),(199,1240,499,'2007-05-15','2013-06-29'),(200,811,869,'2005-02-12','2016-05-28'),(205,3663,378,'2005-05-28','2005-12-08'),(206,4806,661,'2013-05-02','2019-05-23'),(207,3099,488,'2019-10-06','2019-10-28'),(214,982,666,'2019-08-23','2019-10-03'),(217,2438,653,'2014-02-12','2017-09-27'),(218,677,283,'2008-11-05','2012-02-20'),(219,3184,425,'2014-07-16','2017-05-25'),(222,3083,166,'2012-10-15','2017-11-29'),(224,4015,401,'2007-09-26','2012-02-09'),(227,2681,650,'2007-09-05','2017-03-10'),(228,951,541,'2009-10-03','2013-01-04'),(229,3327,620,'2017-07-12','2018-02-10'),(231,1334,884,'2005-07-15','2006-11-24'),(236,1700,280,'2013-01-27','2019-08-26'),(237,4356,979,'2005-01-26','2008-08-10'),(238,2997,405,'2008-01-13','2009-04-19'),(240,4281,132,'2009-12-09','2012-03-08'),(241,3965,91,'2006-03-28','2010-12-10'),(242,584,276,'2005-08-11','2011-11-01'),(244,3449,433,'2007-08-05','2009-05-03'),(247,1216,725,'2005-01-25','2009-02-28'),(253,436,148,'2015-12-24','2016-05-30'),(258,615,417,'2006-05-31','2011-07-01'),(259,2870,487,'2014-08-15','2017-04-17'),(260,2595,433,'2014-11-19','2018-03-19'),(261,2355,666,'2005-05-22','2012-05-01'),(263,3962,487,'2008-11-22','2017-10-09'),(264,3534,500,'2013-03-03','2015-08-26'),(271,3059,721,'2005-03-15','2013-03-07'),(274,307,911,'2007-11-26','2018-06-07'),(276,3204,1,'2014-08-09','2015-04-28'),(280,2678,336,'2008-07-01','2010-07-30'),(282,1626,18,'2007-01-22','2017-02-27'),(284,3593,549,'2008-08-21','2009-03-11'),(286,2996,308,'2011-02-24','2013-12-09'),(287,4778,738,'2009-10-25','2012-11-27'),(288,116,518,'2013-10-14','2018-04-11'),(289,2469,625,'2009-10-14','2017-03-27'),(291,1285,142,'2013-10-12','2017-07-08'),(293,2176,846,'2018-01-11','2018-01-20'),(299,3366,461,'2005-11-03','2018-02-19'),(300,2327,511,'2007-06-28','2009-09-28'),(307,3348,470,'2016-09-16',NULL),(309,1849,910,'2005-06-30','2007-06-28'),(310,2318,107,'2008-11-25','2017-04-28'),(314,1728,220,'2011-05-31','2014-03-07'),(315,3199,477,'2005-04-09','2018-09-07'),(318,3307,931,'2008-05-13',NULL),(322,3913,576,'2005-05-11','2016-10-15'),(323,2637,402,'2006-06-06','2007-01-05'),(324,3876,677,'2011-01-24','2015-09-23'),(326,2428,359,'2005-12-05','2008-02-21'),(328,2354,44,'2015-10-14','2018-07-09'),(329,655,424,'2008-10-24','2017-04-10'),(330,1301,29,'2009-11-04','2010-07-18'),(331,862,518,'2014-04-11','2015-02-01'),(334,3468,804,'2007-06-21','2009-06-26'),(335,4584,586,'2014-08-16','2015-05-19'),(337,2422,384,'2012-05-19','2015-10-04'),(338,2626,337,'2008-08-27','2018-03-03'),(341,4235,425,'2013-03-07','2018-03-08'),(342,1212,421,'2012-09-03','2018-10-27'),(343,756,806,'2016-01-10','2018-03-15'),(344,1779,851,'2005-05-13','2010-07-21'),(345,4883,441,'2010-03-06','2019-12-15'),(348,1233,130,'2006-10-05','2018-08-30'),(349,217,693,'2007-02-06','2016-05-28'),(356,2721,376,'2009-08-16','2011-10-29'),(358,1923,827,'2006-10-27','2013-04-11'),(361,2309,406,'2010-12-05','2015-05-05'),(362,319,779,'2007-10-06','2010-08-10'),(363,2150,92,'2005-06-15','2017-07-22'),(366,550,141,'2006-07-26','2013-05-02'),(369,4347,989,'2006-06-02','2016-02-23'),(371,387,851,'2015-07-11','2018-06-27'),(373,3354,808,'2012-11-15','2015-07-16'),(374,252,12,'2006-07-07','2006-07-14'),(376,4566,226,'2011-03-09','2015-06-11'),(377,1487,914,'2012-01-12','2016-10-29'),(378,4183,985,'2013-02-11','2018-12-27'),(382,1070,966,'2011-07-28','2017-10-24'),(383,64,979,'2006-12-25','2008-04-24'),(384,394,400,'2013-07-23','2018-03-22'),(386,908,753,'2008-02-20','2010-01-03'),(388,4003,275,'2007-03-18','2009-05-29'),(389,2416,94,'2011-01-25','2011-11-14'),(393,4051,80,'2006-11-10','2009-12-12'),(394,4386,230,'2008-09-06',NULL),(396,669,861,'2006-06-08','2008-12-13'),(399,579,745,'2005-02-01','2008-05-18'),(400,4750,318,'2007-12-28','2017-11-06'),(401,1163,156,'2009-06-11','2012-03-03'),(402,1168,817,'2007-05-25','2011-11-04'),(410,2864,71,'2015-07-07','2016-03-28'),(411,2003,272,'2013-05-30','2019-08-26'),(413,320,57,'2014-12-06','2015-08-09'),(414,1844,836,'2010-09-15','2014-06-01'),(416,939,733,'2010-12-23','2013-05-03'),(417,3248,684,'2005-10-10','2018-06-27'),(418,618,608,'2008-03-17','2019-07-20'),(424,4820,946,'2009-08-09','2011-09-15'),(426,3659,772,'2011-09-27','2014-05-04'),(427,3708,251,'2011-06-04','2015-10-30'),(428,752,179,'2009-01-08','2018-02-06'),(429,92,978,'2005-08-04','2015-01-17'),(436,1802,90,'2008-07-01','2010-10-20'),(438,41,768,'2005-03-03','2008-12-16'),(440,4443,588,'2006-07-19','2016-08-03'),(441,2260,26,'2015-01-18','2018-01-20'),(443,352,718,'2006-02-13','2018-05-26'),(444,930,547,'2005-06-06','2009-10-01'),(447,544,440,'2014-11-29','2016-08-19'),(448,3111,458,'2008-07-15','2014-11-01'),(450,1127,421,'2010-11-28','2018-03-13'),(454,2020,730,'2007-03-02','2019-05-04'),(455,329,866,'2015-05-20','2017-12-31'),(459,4814,33,'2012-06-28','2016-06-19'),(460,1207,813,'2006-06-01','2017-06-27'),(462,4771,713,'2008-01-18','2013-01-01'),(465,442,506,'2009-01-05','2009-01-07'),(466,2147,190,'2009-05-29','2016-11-25'),(468,1232,803,'2006-12-26','2010-01-06'),(470,3656,37,'2006-02-12','2017-05-03'),(471,1338,926,'2008-10-20','2016-06-19'),(473,4146,417,'2006-09-15','2018-11-23'),(475,129,902,'2005-09-05','2017-08-18'),(476,4632,742,'2010-06-04','2017-03-10'),(478,1351,839,'2015-08-10','2018-06-10'),(480,4383,515,'2016-03-17','2019-01-26'),(481,661,242,'2012-06-26','2018-03-03'),(482,1163,63,'2006-07-01','2012-05-23'),(483,21,546,'2013-07-27','2016-09-23'),(485,875,576,'2011-05-22','2019-12-04'),(486,4437,861,'2012-01-16','2016-12-04'),(489,1148,89,'2016-01-13',NULL),(490,1705,764,'2005-08-06','2006-08-25'),(491,422,402,'2012-03-21','2015-01-21'),(492,297,23,'2007-04-16','2018-05-09'),(493,2487,63,'2011-09-29','2019-08-07'),(494,4410,791,'2008-01-13','2014-09-06'),(496,1272,209,'2014-06-07','2015-08-20'),(499,2061,315,'2012-05-09','2014-03-16'),(504,1275,262,'2011-12-18','2018-01-01'),(505,2219,272,'2014-04-06','2014-10-17'),(506,3609,922,'2011-05-08','2012-05-04'),(508,4693,496,'2005-11-04','2014-02-19'),(509,4865,55,'2010-04-18','2014-01-07'),(511,3435,905,'2014-01-12','2018-07-01'),(514,915,356,'2010-03-19','2013-09-26'),(516,1723,465,'2007-03-26','2015-10-11'),(517,1310,29,'2007-06-25','2015-10-05'),(518,146,467,'2007-04-10','2016-07-28'),(519,1226,918,'2009-02-20','2011-11-29'),(520,1454,616,'2018-11-22',NULL),(522,662,746,'2005-02-14','2014-07-03'),(524,1626,101,'2007-01-15','2015-08-07'),(526,2916,344,'2009-06-12','2011-05-02'),(527,341,806,'2013-07-12',NULL),(530,3925,15,'2010-05-16','2017-10-16'),(531,4407,199,'2010-11-14','2015-02-20'),(532,2300,564,'2009-11-10','2011-04-12'),(534,705,159,'2011-10-04','2013-09-27'),(535,1800,551,'2011-04-25','2013-05-08'),(538,3869,908,'2008-05-30','2009-01-07'),(539,4828,142,'2007-02-04','2011-05-26'),(543,432,508,'2018-06-21','2019-11-13'),(546,517,451,'2015-05-04','2019-08-25'),(547,1122,30,'2009-05-29','2013-02-12'),(548,3211,701,'2006-11-04','2009-06-07'),(552,1532,678,'2006-02-01','2009-01-01'),(554,3023,184,'2005-05-30','2010-02-26'),(559,1712,318,'2006-12-30','2010-08-05'),(562,758,395,'2008-05-26','2011-08-11'),(564,329,995,'2011-12-14',NULL),(565,4500,549,'2014-08-03','2017-05-20'),(566,3432,624,'2007-04-22','2011-05-16'),(568,4399,392,'2006-09-22','2010-09-14'),(569,699,673,'2009-11-25','2016-07-23'),(572,3980,238,'2011-03-24','2017-11-23'),(575,931,317,'2009-08-06','2014-08-23'),(576,1114,171,'2014-09-27','2016-10-11'),(578,1679,276,'2014-09-29','2015-02-18'),(581,340,459,'2006-03-24','2014-02-01'),(583,3543,402,'2016-07-24','2017-07-27'),(585,1302,902,'2010-03-31','2017-10-02'),(594,1373,509,'2006-10-19','2011-12-30'),(595,1967,152,'2005-06-16','2012-06-13'),(596,2887,396,'2011-10-28','2014-11-19'),(599,647,309,'2012-04-15','2018-06-13'),(600,3802,944,'2005-07-31',NULL),(601,1250,69,'2006-06-19','2016-11-20'),(602,4184,454,'2016-01-31','2019-01-03'),(604,3225,528,'2009-08-26','2018-01-30'),(605,2180,208,'2008-12-14','2015-11-04'),(608,3885,405,'2010-12-03','2011-01-14'),(610,165,134,'2017-06-02',NULL),(616,4023,414,'2009-07-27',NULL),(618,1259,208,'2011-10-17',NULL),(619,2504,976,'2011-07-13','2017-03-24'),(620,4252,389,'2006-03-18','2009-10-08'),(621,3344,562,'2008-11-20','2019-10-10'),(623,1003,381,'2011-06-20','2015-08-10'),(625,2079,277,'2007-04-27','2012-04-21'),(629,782,704,'2014-10-23','2019-03-29'),(631,640,199,'2011-07-27','2016-08-03'),(632,1197,936,'2013-03-18','2015-10-03'),(636,2854,645,'2013-04-24','2014-12-15'),(637,4779,225,'2012-07-02','2012-12-10'),(640,587,940,'2005-11-09','2019-02-08'),(641,4566,561,'2015-10-11',NULL),(645,3739,316,'2010-08-05','2018-02-01'),(646,4832,756,'2006-01-03','2015-01-31'),(649,3996,154,'2008-07-13','2013-03-25'),(650,1548,960,'2019-01-28','2019-04-30'),(652,2009,501,'2017-10-09','2018-01-08'),(653,4416,976,'2007-04-23','2016-04-12'),(654,2182,996,'2007-02-11','2018-10-30'),(657,176,671,'2006-01-03','2008-04-28'),(658,4537,83,'2015-02-25',NULL),(659,2739,179,'2008-07-03','2016-11-14'),(661,4257,339,'2010-06-07','2011-10-30'),(662,4091,249,'2005-09-09','2012-12-22'),(663,209,148,'2006-03-22','2008-02-04'),(664,2726,915,'2008-12-22','2012-01-26'),(666,3040,457,'2013-11-21','2019-01-22'),(667,4569,313,'2015-06-20','2018-06-05'),(669,4602,29,'2018-09-07','2019-10-14'),(670,4776,912,'2019-03-12','2019-10-09'),(671,1600,374,'2013-06-25',NULL),(674,1291,589,'2011-08-25','2019-08-12'),(675,3642,846,'2008-07-20','2011-09-29'),(676,3600,23,'2014-09-30','2017-11-22'),(677,4655,111,'2008-09-14','2013-12-25'),(678,4075,395,'2013-01-07','2018-11-07'),(680,258,902,'2005-05-15','2017-03-09'),(682,370,983,'2005-03-17','2014-04-18'),(684,4039,789,'2011-06-18','2016-05-29'),(685,2289,695,'2005-05-05','2009-06-20'),(686,4133,598,'2013-01-05','2014-03-23'),(688,4609,952,'2008-11-24','2014-09-29'),(690,3433,557,'2010-09-04','2011-12-24'),(692,3747,944,'2010-05-20','2017-01-06'),(693,580,863,'2010-12-30',NULL),(694,1043,86,'2010-07-22','2019-02-27'),(696,659,235,'2011-09-28','2014-01-31'),(697,176,163,'2006-02-08','2006-07-28'),(699,1949,973,'2010-12-12','2018-06-03'),(701,4262,985,'2016-12-14','2018-02-16'),(708,1918,846,'2007-07-14','2015-12-02'),(710,2771,439,'2011-06-05','2016-08-06'),(711,4087,81,'2006-12-11','2011-02-05'),(712,3914,319,'2007-06-24','2016-01-13'),(715,1636,490,'2011-07-09','2017-10-09'),(716,4101,26,'2006-05-17','2010-06-29'),(719,2327,966,'2011-07-03','2013-01-15'),(724,345,41,'2014-06-17','2016-11-27'),(725,4077,976,'2006-05-05','2018-11-16'),(726,4527,584,'2014-06-23','2018-08-16'),(727,3938,569,'2005-07-23',NULL),(729,51,214,'2012-09-28','2017-09-09'),(732,2806,179,'2006-10-20','2009-04-13'),(734,3459,64,'2010-05-19','2018-01-27'),(736,882,398,'2008-08-07','2019-08-07'),(737,2294,395,'2012-04-04','2018-06-26'),(738,3325,714,'2006-06-08','2017-05-25'),(743,4297,259,'2013-03-17','2018-07-08'),(744,2561,461,'2006-08-16','2018-11-02'),(745,1029,730,'2007-10-04','2012-03-09'),(747,4026,887,'2012-10-11','2013-10-30'),(748,2399,458,'2007-11-02','2017-09-14'),(749,1536,61,'2007-07-05','2009-02-04'),(750,873,577,'2009-05-10','2010-03-21'),(752,2056,912,'2016-12-31','2019-01-10'),(753,2943,111,'2010-06-01','2018-07-04'),(754,1922,903,'2006-12-15','2010-05-22'),(761,1670,773,'2005-04-08','2015-04-07'),(763,3539,261,'2010-07-10','2013-09-08'),(764,2126,503,'2014-09-15','2019-03-22'),(765,57,263,'2015-09-21','2019-05-06'),(773,4067,882,'2012-12-13','2017-01-27'),(774,2748,342,'2006-10-02','2010-08-26'),(775,991,590,'2015-03-06',NULL),(778,631,847,'2006-01-10','2017-03-30'),(781,4764,521,'2008-02-03','2019-03-19'),(782,974,392,'2006-11-24','2008-05-21'),(785,3557,930,'2011-02-26','2017-03-23'),(787,4287,723,'2018-09-20',NULL),(788,2255,404,'2016-07-07','2016-09-06'),(789,38,163,'2005-07-12','2017-04-20'),(791,1099,96,'2009-03-09','2012-07-30'),(792,2787,681,'2011-07-21','2019-10-20'),(798,4102,715,'2008-09-15','2018-03-11'),(799,3911,362,'2011-08-06','2014-05-15'),(801,3784,13,'2014-02-15','2014-03-26'),(802,3874,512,'2016-08-17','2018-06-07'),(808,2700,834,'2009-09-30','2012-03-20'),(809,2172,513,'2008-09-24','2008-10-01'),(810,1014,415,'2012-09-24','2017-02-24'),(811,266,816,'2007-03-17','2009-10-17'),(814,2150,352,'2005-09-19','2014-05-14'),(816,1533,277,'2009-04-09','2019-12-18'),(820,3240,553,'2010-04-17','2015-06-12'),(821,979,881,'2011-11-14','2016-01-25'),(824,1516,990,'2011-05-09','2011-11-07'),(826,4072,526,'2005-07-19','2008-12-21'),(829,4902,303,'2009-06-30','2010-03-22'),(837,1537,698,'2008-04-12','2012-06-05'),(838,1913,96,'2005-10-26','2008-10-04'),(839,2328,55,'2008-09-15','2019-01-28'),(841,1545,285,'2007-09-24','2008-08-15'),(842,2134,845,'2007-08-22','2009-01-28'),(844,1961,925,'2008-06-19','2019-12-05'),(845,34,940,'2014-12-19','2015-03-08'),(852,702,687,'2007-08-21','2019-06-07'),(854,3532,680,'2018-03-24','2018-10-12'),(856,225,796,'2009-09-21','2015-01-22'),(857,1735,497,'2010-09-17','2019-05-07'),(859,397,623,'2005-11-13','2006-09-28'),(863,250,273,'2013-07-17','2019-04-14'),(864,2677,778,'2010-05-17','2012-02-18'),(868,5,162,'2010-08-26','2018-12-18'),(870,2928,574,'2015-04-29','2019-05-14'),(871,213,242,'2010-05-01','2012-06-14'),(872,4489,738,'2014-05-26','2018-03-06'),(874,36,75,'2005-08-15','2013-06-23'),(875,1968,83,'2015-02-02','2015-10-24'),(876,2329,162,'2011-01-20',NULL),(877,4316,956,'2011-09-04','2014-12-07'),(884,3025,414,'2009-11-15','2019-08-02'),(886,1410,25,'2008-02-19','2017-09-11'),(887,38,366,'2012-01-02','2016-08-26'),(888,2404,255,'2014-07-02','2018-01-08'),(890,4645,910,'2007-08-10','2016-12-24'),(891,2661,514,'2007-09-04','2015-05-17'),(894,1341,734,'2011-10-17','2014-06-11'),(896,1873,992,'2016-09-14','2017-05-25'),(897,4019,601,'2009-05-07','2015-10-19'),(899,3792,855,'2019-05-18','2019-09-10'),(900,393,441,'2007-06-06','2007-06-17'),(902,2933,208,'2006-05-09','2017-07-07'),(906,1748,856,'2018-05-11','2019-02-09'),(907,4362,861,'2013-04-26','2016-09-25'),(908,2707,242,'2012-01-01','2014-05-09'),(917,153,671,'2013-01-29','2015-12-10'),(918,610,269,'2008-04-05','2018-01-08'),(920,4364,152,'2007-02-05','2012-04-24'),(922,3171,86,'2006-08-05','2012-02-18'),(923,3257,795,'2017-03-30','2019-06-05'),(924,1343,497,'2011-12-17','2018-01-15'),(925,1721,456,'2007-12-20','2012-06-16'),(927,124,50,'2005-08-30','2018-09-09'),(929,2930,702,'2017-11-24','2018-10-28'),(930,2148,143,'2005-09-22','2016-06-30'),(933,40,495,'2006-11-06','2014-01-03'),(936,3109,931,'2012-03-15','2014-07-03'),(938,1858,657,'2005-05-29','2005-06-10'),(939,2283,168,'2012-02-12','2018-06-09'),(942,1372,613,'2007-02-08','2007-09-05'),(943,1022,192,'2008-03-04','2014-12-16'),(945,2750,482,'2013-02-07','2019-11-25'),(947,3969,577,'2016-05-17','2019-04-22'),(948,1331,178,'2006-07-18','2017-04-11'),(950,3992,60,'2010-10-05','2018-05-20'),(952,3046,566,'2017-12-06','2019-07-13'),(956,2629,21,'2010-12-31',NULL),(957,22,996,'2006-04-11','2019-10-20'),(959,4846,877,'2011-02-10','2013-11-13'),(960,4684,671,'2006-11-03','2016-12-30'),(962,3650,648,'2005-04-20','2019-06-15'),(963,603,150,'2008-07-24','2017-09-05'),(967,2250,891,'2017-07-08','2019-02-20'),(968,114,485,'2016-01-12','2018-12-25'),(969,1688,254,'2008-10-16','2013-06-12'),(970,159,919,'2010-08-18','2019-02-02'),(972,1844,575,'2011-08-01','2014-04-27'),(974,1118,487,'2010-08-01','2012-04-20'),(975,2496,734,'2011-04-03','2013-06-24'),(976,4269,873,'2007-02-14',NULL),(977,4783,291,'2008-08-23','2013-08-04'),(979,4425,890,'2005-01-05','2006-10-26'),(984,4862,929,'2010-07-29','2014-02-06'),(986,3696,968,'2006-06-10','2012-06-17'),(988,4640,377,'2008-07-30','2015-10-11'),(989,4556,784,'2014-11-28','2017-05-13'),(991,945,845,'2007-04-06','2015-05-15'),(992,1328,845,'2010-12-11','2014-07-05'),(993,1076,662,'2014-06-01','2019-08-19'),(994,295,553,'2009-08-30','2015-10-26'),(997,3288,346,'2013-03-03','2017-08-20'),(999,4806,818,'2012-07-06','2015-08-03'),(1000,4001,712,'2014-06-27','2019-03-02'),(1001,1792,630,'2007-05-20','2009-08-10'),(1004,2377,823,'2005-12-08','2010-08-27'),(1005,1651,969,'2008-10-28','2011-06-22'),(1006,4035,653,'2011-02-21','2013-07-21'),(1007,3202,777,'2009-11-14','2013-01-24'),(1009,4442,258,'2011-11-25','2016-02-13'),(1010,4108,12,'2008-04-11','2019-07-21'),(1011,3671,51,'2009-05-26','2011-05-15'),(1012,40,616,'2015-12-07','2016-12-03'),(1014,1974,750,'2012-02-25','2019-07-08'),(1016,1237,425,'2008-04-02','2019-03-01'),(1026,4955,912,'2009-04-05','2017-11-08'),(1028,1708,242,'2015-07-23','2018-11-12'),(1029,1183,67,'2012-03-06','2014-12-11'),(1030,3220,250,'2012-04-17','2019-04-29'),(1032,4855,77,'2008-04-16','2014-08-17'),(1033,2709,878,'2014-10-31','2017-03-07'),(1034,3662,69,'2008-06-03','2013-05-14'),(1035,4359,271,'2016-01-18','2019-03-18'),(1036,2721,741,'2008-03-30','2015-03-08'),(1040,4642,369,'2007-06-08','2019-02-02'),(1041,2563,492,'2006-08-05','2008-10-05'),(1043,1790,592,'2012-04-09','2019-01-30'),(1044,3551,498,'2009-11-30','2018-05-07'),(1045,766,398,'2011-02-13',NULL),(1046,1450,716,'2010-06-24','2012-10-23'),(1047,2753,221,'2009-07-18','2017-03-03'),(1050,2571,945,'2006-02-01','2011-09-27'),(1053,3542,341,'2012-06-05','2014-09-12'),(1056,1472,13,'2007-06-20',NULL),(1057,4747,985,'2008-05-08','2011-07-15'),(1058,2069,138,'2007-05-05','2013-01-30'),(1059,4631,765,'2010-08-23','2011-04-12'),(1060,3635,781,'2009-09-09','2019-10-06'),(1062,3943,338,'2007-12-27','2013-04-23'),(1063,2083,109,'2005-02-03','2013-08-14'),(1064,2317,826,'2008-05-21','2019-02-05'),(1066,3233,195,'2005-02-26','2012-09-08'),(1068,2604,862,'2005-03-20',NULL),(1069,922,443,'2015-09-30','2017-01-10'),(1072,1713,508,'2012-04-28','2014-08-25'),(1073,2274,387,'2012-07-23','2013-08-14'),(1075,4579,445,'2019-08-10','2019-09-23'),(1077,2564,675,'2008-02-21','2008-12-08'),(1080,2940,617,'2013-04-23','2016-03-04'),(1086,1398,364,'2011-09-18','2014-07-09'),(1087,4981,865,'2014-09-21','2016-11-09'),(1090,2933,421,'2014-12-27','2016-04-22'),(1092,1748,560,'2012-02-17','2018-08-07'),(1094,1425,764,'2007-12-17','2010-09-07'),(1098,4522,141,'2011-10-20','2016-10-21'),(1100,4804,82,'2006-10-17','2013-07-26'),(1106,1478,304,'2013-05-29','2017-12-22'),(1107,2177,184,'2006-01-13','2013-02-28'),(1109,1582,694,'2011-03-11','2016-09-02'),(1111,1452,407,'2016-01-20',NULL),(1112,4549,384,'2014-11-26','2015-02-03'),(1113,2708,272,'2011-06-15','2012-10-07'),(1115,4053,578,'2010-06-10','2018-06-02'),(1116,562,915,'2009-04-22','2010-12-02'),(1117,1042,760,'2012-11-06','2012-12-17'),(1119,573,91,'2006-06-20','2009-01-09'),(1121,1688,424,'2005-06-29','2015-09-29'),(1122,1599,811,'2016-09-08','2017-09-28'),(1124,1920,524,'2012-07-06','2013-03-12'),(1125,4735,596,'2007-07-03','2017-03-23'),(1128,302,783,'2014-02-19','2015-04-04'),(1129,216,497,'2010-04-04','2018-02-24'),(1131,3270,723,'2006-08-09','2018-05-18'),(1135,2198,435,'2010-06-10','2013-03-28'),(1136,4303,439,'2014-03-07','2015-04-22'),(1137,703,856,'2005-02-09','2006-11-22'),(1140,4027,340,'2005-02-03','2012-12-01'),(1141,1667,191,'2009-10-26','2015-08-26'),(1142,610,32,'2013-07-19','2015-04-21'),(1143,1934,427,'2010-07-22','2017-11-17'),(1144,4162,337,'2017-02-07','2019-06-07'),(1146,4928,545,'2017-03-06','2017-12-12'),(1147,4434,600,'2009-03-04','2014-10-09'),(1148,3683,430,'2007-08-15','2014-06-02'),(1150,4638,422,'2014-05-25','2018-11-20'),(1153,4167,176,'2011-07-30','2013-10-17'),(1154,2454,275,'2012-11-01','2019-01-20'),(1155,4544,983,'2008-04-24','2009-01-30'),(1157,3786,473,'2007-01-24','2015-09-11'),(1159,838,841,'2009-04-14','2012-03-22'),(1162,1146,589,'2005-03-31',NULL),(1163,3889,107,'2012-01-06','2019-06-17'),(1165,757,125,'2011-06-03','2016-08-28'),(1168,225,622,'2006-02-15','2018-11-29'),(1169,47,975,'2005-09-20','2018-10-03'),(1173,1506,674,'2012-12-13','2019-07-16'),(1174,52,430,'2008-08-31','2011-01-06'),(1175,690,698,'2007-05-26','2016-03-11'),(1178,1787,492,'2014-01-04','2018-06-04'),(1179,4570,712,'2006-09-10','2010-04-29'),(1181,1307,447,'2008-05-26','2008-10-14'),(1182,2865,120,'2011-04-05','2019-02-16'),(1184,2754,263,'2012-04-14','2016-03-17'),(1187,3650,873,'2006-01-09','2011-12-11'),(1192,3137,415,'2011-03-25','2015-08-22'),(1193,4294,226,'2009-08-26',NULL),(1195,410,666,'2009-04-29','2017-05-12'),(1196,3932,695,'2012-12-26','2014-11-09'),(1199,4324,117,'2005-10-16','2012-05-10'),(1203,2851,921,'2013-04-29','2017-01-09'),(1204,1971,482,'2007-04-10','2019-08-24'),(1205,414,931,'2015-03-07','2017-11-06'),(1206,55,755,'2017-06-25','2018-12-16'),(1207,708,736,'2011-07-12','2014-08-17'),(1210,4325,534,'2006-02-13','2012-10-22'),(1211,1752,126,'2015-01-06','2015-05-11'),(1213,1153,670,'2013-03-27','2014-08-18'),(1215,4869,541,'2014-09-14','2017-03-01'),(1216,2442,427,'2013-02-19','2014-02-15'),(1218,3383,450,'2012-07-07','2019-02-19'),(1219,883,757,'2006-10-15','2018-01-07'),(1223,2547,919,'2007-10-14','2010-08-31'),(1225,1462,774,'2014-02-10','2015-07-14'),(1227,2369,203,'2008-06-30','2014-04-03'),(1229,4487,572,'2005-12-03','2011-03-04'),(1233,3899,445,'2010-07-22','2016-01-31'),(1234,1167,234,'2012-03-12','2019-10-28'),(1237,4419,807,'2005-03-22','2010-04-07'),(1238,2950,904,'2006-09-19','2019-05-24'),(1240,1681,522,'2007-08-22','2012-11-03'),(1242,3302,615,'2005-12-12','2017-03-16'),(1244,2149,609,'2011-01-21','2012-04-08'),(1247,3101,258,'2006-09-15','2016-04-11'),(1248,4371,407,'2007-06-30','2007-08-11'),(1250,2816,774,'2014-11-25','2018-03-21'),(1253,4403,47,'2006-07-16','2019-02-05'),(1254,2716,519,'2010-02-07','2010-07-30'),(1255,2106,218,'2015-05-30',NULL),(1257,1147,91,'2005-10-07','2018-09-03'),(1260,1977,899,'2006-08-21','2017-03-06'),(1262,1991,50,'2010-06-09','2014-01-31'),(1263,1993,922,'2009-06-08','2013-05-18'),(1264,4985,739,'2007-06-25','2009-11-07'),(1268,3500,474,'2008-02-19','2010-10-02'),(1269,526,275,'2016-01-04','2016-08-29'),(1270,71,910,'2005-11-30','2017-03-09'),(1271,2591,73,'2005-11-17','2016-01-04'),(1273,1041,161,'2005-09-20','2018-09-08'),(1274,2570,993,'2014-06-18','2019-07-27'),(1275,3201,708,'2006-12-19','2013-04-02'),(1280,3724,656,'2013-06-06','2015-03-24'),(1281,3306,698,'2006-05-30','2012-06-17'),(1282,2377,75,'2005-01-10','2010-12-25'),(1283,4716,175,'2007-12-13','2012-01-28'),(1285,4266,289,'2012-02-20','2013-12-29'),(1288,2609,284,'2010-03-25','2012-01-20'),(1289,2608,647,'2007-08-28','2014-05-27'),(1290,2660,250,'2013-01-15','2014-08-12'),(1293,2194,383,'2008-06-06','2019-12-10'),(1294,857,508,'2012-04-07','2014-06-27'),(1295,4145,576,'2015-02-23','2018-08-28'),(1296,3314,492,'2005-03-13','2017-03-05'),(1299,2940,539,'2005-01-17','2015-08-15'),(1300,3166,95,'2009-04-12','2019-08-03'),(1301,3906,965,'2007-10-02','2011-12-30'),(1302,2257,189,'2011-07-24','2014-08-01'),(1305,320,300,'2017-04-26','2017-09-24'),(1306,2647,757,'2007-06-10','2012-09-13'),(1311,4777,905,'2007-04-28','2011-08-27'),(1312,577,440,'2018-12-31',NULL),(1313,2773,345,'2005-05-26','2008-01-13'),(1314,4375,374,'2013-01-24','2019-11-12'),(1315,1555,201,'2010-10-21','2011-07-17'),(1316,1882,56,'2005-07-16','2005-09-12'),(1318,4448,886,'2014-06-11','2017-07-15'),(1319,2161,90,'2009-05-11','2015-07-18'),(1321,3336,982,'2007-10-21','2014-05-16'),(1323,4145,56,'2008-11-29','2017-11-27'),(1324,1281,404,'2006-02-23','2012-03-23'),(1325,4862,293,'2006-06-04','2019-10-23'),(1327,1633,140,'2006-05-19','2019-11-12'),(1329,1061,947,'2006-11-23','2015-10-24'),(1331,1532,590,'2012-02-01','2019-11-04'),(1332,2,491,'2012-08-01','2016-02-15'),(1333,4416,520,'2011-02-19','2016-12-25'),(1335,4376,784,'2013-10-13','2016-08-10'),(1339,1895,603,'2005-03-17','2010-08-21'),(1340,3241,646,'2014-02-01','2017-08-19'),(1341,1669,139,'2007-08-17','2018-10-07'),(1342,2044,519,'2012-11-21','2014-02-20'),(1343,1336,638,'2005-06-11',NULL),(1344,4035,417,'2011-06-13','2019-02-12'),(1346,2558,731,'2007-04-10','2007-06-12'),(1347,957,285,'2018-02-02','2018-07-11'),(1350,1939,172,'2009-12-27','2012-05-08'),(1352,898,506,'2007-06-14','2016-09-22'),(1353,2718,774,'2011-04-25','2016-06-07'),(1354,4604,303,'2008-07-31','2010-07-03'),(1356,2178,352,'2008-02-19','2010-05-26'),(1358,1384,506,'2013-09-03','2019-06-13'),(1359,1420,528,'2017-10-29','2019-09-04'),(1361,1008,626,'2010-09-30','2011-12-20'),(1362,203,872,'2006-12-14','2007-11-15'),(1366,4745,935,'2013-05-10','2015-09-18'),(1370,175,327,'2006-10-10','2016-02-23'),(1373,4965,476,'2012-11-11','2013-06-21'),(1375,325,522,'2005-02-02','2009-12-22'),(1379,2577,49,'2007-01-23','2014-07-30'),(1381,2399,431,'2005-02-03','2014-10-27'),(1383,3826,885,'2009-11-08','2017-11-28'),(1384,3711,924,'2012-12-09','2016-09-24'),(1385,738,954,'2017-09-25','2018-12-02'),(1387,3461,784,'2013-11-22','2014-03-25'),(1388,3795,537,'2018-02-07','2019-04-10'),(1389,958,976,'2011-10-12','2017-12-03'),(1390,493,597,'2005-09-04','2019-09-20'),(1392,794,417,'2005-10-17','2014-01-22'),(1394,2460,297,'2017-01-07',NULL),(1395,2976,517,'2014-04-25','2014-08-24'),(1396,4306,997,'2010-04-15','2016-05-12'),(1397,2484,440,'2014-04-17','2015-08-25'),(1399,3471,293,'2007-12-03','2010-07-30'),(1401,4512,71,'2010-07-21','2017-07-18'),(1404,3939,463,'2006-05-13','2009-09-16'),(1407,1547,539,'2010-03-03','2016-03-30'),(1412,1510,78,'2005-12-09','2009-07-27'),(1413,3209,245,'2015-03-02','2016-05-11'),(1414,3595,241,'2005-06-20','2011-11-18'),(1418,3945,89,'2013-07-02','2014-02-19'),(1420,899,689,'2005-10-21',NULL),(1422,2415,960,'2011-02-14','2014-06-10'),(1423,1502,115,'2006-12-24','2007-08-24'),(1424,2581,991,'2014-02-15','2017-09-05'),(1427,4861,975,'2013-01-08','2019-07-07'),(1428,3880,572,'2014-12-03','2015-02-22'),(1433,3421,14,'2016-02-25','2016-08-11'),(1436,4969,98,'2019-09-05',NULL),(1439,2510,21,'2010-05-06','2014-10-17'),(1440,1158,890,'2006-04-24','2011-02-07'),(1441,337,762,'2008-02-27','2017-11-16'),(1443,1490,622,'2016-11-01','2018-07-15'),(1446,4020,347,'2008-02-06','2010-12-02'),(1447,222,585,'2012-12-03','2013-08-05'),(1448,1552,946,'2013-02-11','2018-01-26'),(1450,3849,92,'2005-01-28','2008-03-22'),(1454,3457,282,'2011-01-22','2015-02-06'),(1456,2175,440,'2006-12-26','2009-04-05'),(1457,4770,715,'2007-02-19','2018-09-02'),(1462,2457,794,'2010-12-31','2011-07-28'),(1463,3627,212,'2018-02-13','2019-11-28'),(1466,4244,895,'2008-05-26','2009-09-02'),(1467,4452,992,'2011-08-04','2017-12-02'),(1468,4332,56,'2006-11-27','2019-05-19'),(1469,3528,564,'2013-08-24','2015-07-11'),(1470,1648,24,'2016-11-26','2018-03-24'),(1473,4277,977,'2005-08-06','2016-01-21'),(1475,2420,95,'2006-05-05','2012-01-01'),(1476,4886,40,'2013-10-03','2019-06-11'),(1478,3882,52,'2005-01-24','2010-03-06'),(1480,2812,847,'2009-07-01','2013-01-21'),(1482,4329,923,'2007-08-26','2011-05-25'),(1483,4686,745,'2011-11-11','2019-09-14'),(1485,254,936,'2008-06-04','2009-02-24'),(1491,607,731,'2005-10-20','2016-08-12'),(1493,2784,507,'2008-02-23','2014-07-18'),(1494,2262,529,'2008-08-22','2010-11-01'),(1496,2284,304,'2006-04-12','2019-06-04'),(1498,1441,61,'2006-11-26','2007-03-18'),(1499,1557,13,'2009-08-27','2018-12-15'),(1501,3066,811,'2006-07-20','2009-05-30'),(1503,3869,309,'2010-09-27','2015-02-18'),(1505,3840,846,'2009-11-27','2013-01-15'),(1508,1657,495,'2007-07-16','2010-09-20'),(1509,3679,986,'2005-04-07','2012-10-24'),(1510,1173,914,'2013-01-19','2017-05-11'),(1511,861,102,'2018-07-31','2019-06-16'),(1512,839,6,'2005-07-31','2013-11-13'),(1516,3167,842,'2005-06-28','2009-10-07'),(1519,1492,905,'2010-10-23','2018-01-20'),(1521,1990,507,'2008-07-16','2009-01-13'),(1525,2423,357,'2006-08-03','2012-09-10'),(1527,226,466,'2008-10-11','2013-05-19'),(1531,669,764,'2010-07-22','2016-07-20'),(1532,2460,675,'2006-11-05','2017-02-23'),(1534,4685,591,'2015-08-14','2018-05-13'),(1535,4280,900,'2013-08-14','2018-09-27'),(1537,4700,875,'2011-08-21','2014-02-09'),(1539,1255,380,'2005-11-01','2012-11-21'),(1543,3763,99,'2006-11-23','2009-01-30'),(1544,296,406,'2008-04-19','2015-05-24'),(1545,1646,591,'2006-02-06','2010-09-03'),(1546,4684,673,'2012-04-21','2013-10-06'),(1547,2722,964,'2015-05-21','2018-06-27'),(1548,760,531,'2009-06-07',NULL),(1550,2517,792,'2006-06-29','2014-08-22'),(1552,8,932,'2005-09-23','2010-12-04'),(1553,646,244,'2007-12-23','2015-06-11'),(1554,2204,23,'2005-05-25','2006-07-04'),(1556,301,894,'2015-04-20','2016-04-04'),(1557,1030,844,'2007-08-28','2017-11-29'),(1558,148,536,'2005-05-30','2015-01-21'),(1562,2494,49,'2009-07-20','2010-04-28'),(1564,575,566,'2008-12-21','2010-03-20'),(1565,3907,196,'2012-05-10','2017-06-01'),(1567,3156,503,'2013-10-07','2019-10-16'),(1570,3779,903,'2008-11-20','2009-02-12'),(1571,1419,94,'2008-07-08','2017-10-25'),(1572,3559,482,'2010-07-06','2013-02-21'),(1573,1704,615,'2006-02-08','2018-04-07'),(1577,3914,770,'2010-01-30','2011-11-27'),(1579,3866,864,'2010-05-02','2015-02-22'),(1580,3040,685,'2008-07-03','2015-01-13'),(1581,4678,799,'2007-12-31','2016-11-09'),(1582,402,711,'2008-02-08','2016-10-04'),(1583,3787,951,'2014-02-20','2017-12-04'),(1591,3240,273,'2009-02-23','2010-11-01'),(1592,22,932,'2010-05-06','2015-12-07'),(1593,25,227,'2011-10-05','2011-12-29'),(1595,2629,75,'2009-03-09','2014-11-02'),(1599,1235,869,'2008-09-23','2013-01-22'),(1603,3666,451,'2005-01-07','2008-12-02'),(1604,4307,516,'2017-10-04','2018-12-04'),(1606,1454,452,'2006-11-01','2019-06-07'),(1608,4280,362,'2005-05-23','2017-10-10'),(1611,1473,572,'2008-07-13','2017-10-09'),(1614,957,24,'2005-10-23','2007-09-21'),(1615,996,741,'2013-01-24','2016-01-07'),(1616,4321,390,'2016-06-05','2017-01-24'),(1619,2207,140,'2008-01-07','2014-10-10'),(1620,3476,393,'2011-09-24','2016-12-10'),(1621,2680,953,'2006-06-08','2018-08-09'),(1623,1506,728,'2008-02-08','2013-09-14'),(1625,2499,862,'2006-04-04','2018-01-07'),(1629,571,11,'2012-11-10','2019-10-27'),(1630,1853,215,'2006-08-22','2019-03-27'),(1631,2652,413,'2006-03-28','2019-04-09'),(1632,732,939,'2009-02-05','2012-09-02'),(1633,603,225,'2005-06-18','2007-02-22'),(1634,3705,889,'2007-02-11','2007-07-05'),(1635,4672,945,'2007-02-18','2011-12-09'),(1636,1434,643,'2010-03-10','2010-08-08'),(1637,549,907,'2005-01-29','2007-04-16'),(1639,1988,865,'2007-12-12','2018-12-24'),(1642,3840,246,'2006-08-05','2019-06-25'),(1643,2581,644,'2008-03-10','2014-09-15'),(1647,1947,781,'2007-04-23','2013-08-26'),(1651,1620,702,'2014-10-17','2015-06-21'),(1652,1501,351,'2006-06-30','2013-08-20'),(1653,306,692,'2012-03-28','2016-09-28'),(1656,1391,519,'2016-09-30','2017-06-15'),(1659,882,583,'2006-10-20','2010-11-02'),(1660,4779,615,'2006-06-23','2012-04-19'),(1664,4558,425,'2005-11-11','2009-02-25'),(1665,333,445,'2014-09-05','2017-01-07'),(1667,3937,787,'2011-05-06','2017-12-25'),(1671,1942,355,'2013-11-20','2017-11-04'),(1673,4489,886,'2006-02-25','2011-12-26'),(1675,1415,237,'2006-08-13','2010-11-02'),(1676,1399,654,'2007-03-19','2014-01-18'),(1677,2951,995,'2013-09-13','2016-10-05'),(1681,3076,786,'2013-04-28','2018-05-31'),(1682,4910,780,'2005-03-14','2008-07-31'),(1689,3856,884,'2009-01-27','2015-10-11'),(1692,3852,769,'2006-11-04','2013-11-05'),(1693,1334,65,'2008-06-28','2013-02-23'),(1695,3375,753,'2018-02-11','2019-01-13'),(1698,55,603,'2010-08-12','2012-08-23'),(1699,431,390,'2007-06-17','2018-01-16'),(1701,2687,502,'2005-01-18','2011-05-11'),(1702,4501,306,'2009-07-03','2015-04-18'),(1703,1934,689,'2018-02-17','2019-11-12'),(1705,4937,231,'2005-08-23','2009-03-26'),(1706,4758,777,'2011-06-19','2013-11-09'),(1710,2765,109,'2005-08-13','2005-12-05'),(1711,324,77,'2009-05-11','2019-07-24'),(1713,1398,234,'2009-01-29','2009-11-16'),(1715,3396,696,'2013-12-24','2019-06-20'),(1716,3356,227,'2011-08-31','2016-09-26'),(1718,933,983,'2010-05-17','2018-05-28'),(1720,1723,759,'2012-01-02','2012-02-07'),(1722,3527,562,'2008-11-21','2013-05-01'),(1724,4076,688,'2010-03-23','2010-10-18'),(1726,4755,90,'2006-04-22','2007-12-25'),(1730,3030,329,'2009-12-03','2017-03-02'),(1731,803,155,'2012-04-16','2015-03-19'),(1732,228,330,'2017-08-08','2019-09-19'),(1735,971,384,'2010-04-03','2014-04-11'),(1737,15,709,'2009-05-19','2017-06-01'),(1739,2790,623,'2010-12-22','2018-11-24'),(1740,4808,935,'2017-08-29','2019-06-08'),(1743,4622,711,'2014-09-27','2019-05-31'),(1745,1385,138,'2008-04-16','2013-07-07'),(1747,575,622,'2006-04-22','2017-07-13'),(1750,1715,84,'2017-09-15','2019-06-24'),(1751,3488,11,'2015-02-24','2019-04-11'),(1754,4906,445,'2014-05-09','2018-02-02'),(1758,2315,842,'2013-08-25','2014-10-25'),(1760,2045,808,'2007-08-02','2007-12-23'),(1761,4017,787,'2007-04-09','2013-11-08'),(1762,750,714,'2005-01-18','2005-10-05'),(1763,2974,475,'2007-05-19','2011-01-10'),(1764,430,139,'2008-10-16','2018-02-13'),(1768,1937,433,'2013-10-28','2014-12-23'),(1770,4528,921,'2008-06-12','2018-06-16'),(1774,2007,249,'2009-03-28','2015-06-20'),(1775,918,504,'2006-06-08','2019-08-18'),(1776,4705,18,'2011-03-28','2012-08-08'),(1777,2874,364,'2012-05-15','2019-11-01'),(1779,4460,874,'2014-05-20',NULL),(1780,125,480,'2012-07-12','2016-01-22'),(1783,85,412,'2007-03-09','2010-07-23'),(1784,4397,825,'2009-11-28',NULL),(1788,720,585,'2012-01-27','2019-02-26'),(1789,4669,31,'2013-05-10','2014-12-09'),(1790,2773,102,'2010-01-06','2015-04-04'),(1791,1434,743,'2006-06-11','2014-04-20'),(1794,3568,873,'2017-01-28','2019-11-04'),(1796,1924,258,'2012-01-12','2012-09-14'),(1797,3081,501,'2005-05-10','2005-07-05'),(1798,1152,356,'2008-06-16',NULL),(1799,2067,813,'2010-12-17','2015-06-30'),(1803,4144,693,'2013-07-01','2015-06-08'),(1805,4687,973,'2008-05-25','2015-08-13'),(1806,3821,468,'2007-03-16','2015-02-08'),(1808,1587,805,'2007-04-12','2012-11-14'),(1810,1596,682,'2006-01-13','2011-09-04'),(1812,1779,921,'2010-02-17','2014-02-04'),(1813,3839,745,'2007-01-22','2009-07-31'),(1815,4184,997,'2006-08-02','2012-11-11'),(1816,667,73,'2005-01-20','2007-08-06'),(1817,1276,305,'2008-04-08','2015-08-04'),(1818,4971,4,'2010-04-30','2019-04-22'),(1819,3973,466,'2014-08-25','2019-05-09'),(1822,824,162,'2013-12-11','2016-12-23'),(1823,4941,206,'2009-04-29','2010-01-31'),(1825,2832,296,'2012-05-03','2014-09-23'),(1827,4775,736,'2007-07-22','2010-07-02'),(1828,2460,861,'2009-01-25','2010-03-12'),(1829,3293,264,'2005-03-09','2017-04-20'),(1830,4330,193,'2005-10-12','2017-09-19'),(1831,268,372,'2009-11-13','2012-10-28'),(1832,2111,771,'2009-06-23','2016-09-21'),(1833,1633,878,'2009-09-25','2017-11-16'),(1834,4164,118,'2013-03-25','2018-10-03'),(1835,1889,975,'2007-09-16','2011-01-16'),(1836,172,417,'2013-05-26','2015-08-26'),(1837,4236,594,'2007-12-01','2013-02-09'),(1839,467,545,'2011-03-29','2012-05-26'),(1842,3225,767,'2013-06-15','2016-04-10'),(1843,2949,892,'2018-09-05','2019-08-03'),(1844,2233,329,'2012-07-04','2016-01-20'),(1847,4282,444,'2009-05-10','2010-08-20'),(1848,883,76,'2013-03-15','2013-08-16'),(1851,1571,455,'2007-04-22','2019-05-05'),(1852,2297,686,'2011-12-13','2015-12-15'),(1859,4297,444,'2006-04-15','2009-12-14'),(1860,2045,388,'2006-03-19',NULL),(1861,3299,994,'2013-04-21','2017-07-05'),(1864,674,506,'2008-10-05','2009-10-03'),(1865,740,94,'2007-12-03','2010-06-20'),(1867,851,308,'2012-07-17','2016-06-22'),(1869,724,888,'2007-01-17','2018-03-10'),(1870,2058,84,'2019-06-25',NULL),(1873,2730,129,'2008-12-10','2013-12-09'),(1875,4894,173,'2008-08-27','2008-10-26'),(1876,789,166,'2010-06-26','2017-07-14'),(1878,1052,81,'2007-08-24','2015-02-07'),(1879,4240,552,'2005-01-13','2013-05-06'),(1880,1178,979,'2010-02-24','2013-05-14'),(1882,4710,719,'2011-08-23','2017-07-01'),(1884,1620,103,'2013-05-04','2014-09-20'),(1885,2459,665,'2007-07-20','2010-04-08'),(1887,3684,651,'2005-04-17','2006-08-15'),(1888,1260,602,'2006-01-15','2007-02-28'),(1889,4094,204,'2013-08-29','2017-04-11'),(1890,3766,29,'2005-08-22',NULL),(1891,4223,174,'2007-10-28','2013-11-04'),(1893,4076,762,'2011-10-31','2017-01-11'),(1894,2812,907,'2010-02-14','2012-08-02'),(1898,273,194,'2007-02-11','2009-08-22'),(1901,4572,252,'2015-12-09','2018-12-30'),(1902,2684,296,'2008-08-28','2013-05-09'),(1904,793,360,'2006-01-08','2019-12-15'),(1905,2714,388,'2011-03-28','2016-04-26'),(1906,1306,823,'2009-06-18','2016-06-17'),(1910,612,859,'2009-09-05','2010-03-03'),(1912,1019,985,'2005-01-22','2017-09-06'),(1915,4064,562,'2008-10-17','2013-07-20'),(1916,637,805,'2017-05-05',NULL),(1918,202,356,'2005-02-07','2019-07-23'),(1919,3225,391,'2012-04-04','2017-06-26'),(1920,4908,502,'2005-06-25','2010-08-28'),(1922,2075,989,'2013-09-04','2015-04-01'),(1927,3202,126,'2007-03-12','2013-07-18'),(1929,1600,404,'2005-08-11','2013-04-22'),(1930,1108,369,'2010-09-26',NULL),(1931,626,587,'2007-09-16','2013-02-19'),(1932,3730,168,'2015-07-21','2019-10-28'),(1933,1454,875,'2005-12-25','2019-12-05'),(1934,1343,881,'2006-06-09','2010-11-26'),(1935,4365,318,'2011-11-01','2015-05-08'),(1936,1930,779,'2008-11-10','2009-04-30'),(1939,3459,446,'2007-09-14','2018-02-27'),(1940,141,79,'2008-04-12','2017-07-14'),(1942,2297,323,'2009-09-28','2019-01-20'),(1946,4433,939,'2014-10-10',NULL),(1947,798,838,'2014-11-04','2015-07-10'),(1948,2505,364,'2006-04-03','2019-07-13'),(1950,1952,564,'2007-07-03','2009-01-21'),(1954,389,814,'2006-03-19','2009-03-05'),(1955,2916,671,'2009-01-05',NULL),(1957,1204,252,'2010-05-24','2015-03-01'),(1958,4268,215,'2012-11-04','2018-07-06'),(1960,3315,947,'2006-07-06','2012-02-25'),(1964,300,454,'2013-02-24','2018-03-27'),(1968,1999,389,'2011-07-05','2019-07-02'),(1969,3265,181,'2005-03-26','2014-07-26'),(1971,2194,394,'2011-01-12','2014-07-09'),(1972,594,282,'2015-08-04','2016-02-16'),(1978,4757,797,'2005-01-06','2015-10-18'),(1979,2781,333,'2015-03-10','2016-07-03'),(1983,1587,410,'2011-04-01','2018-11-27'),(1986,2739,40,'2013-09-25','2013-12-18'),(1987,1662,212,'2007-04-30','2016-06-04'),(1988,3882,227,'2005-05-23','2009-10-06'),(1989,1258,340,'2008-12-19','2012-02-22'),(1990,1471,694,'2010-03-02','2015-12-16'),(1993,1676,966,'2009-04-04','2012-05-09'),(1994,4762,643,'2017-03-23','2019-08-31'),(1995,4903,269,'2007-02-21','2015-01-04'),(1998,780,953,'2006-01-28','2015-11-08'),(2000,1314,14,'2008-02-16','2008-09-30'),(2008,4264,697,'2011-06-24','2012-09-13'),(2011,2811,970,'2012-10-23','2017-08-07'),(2013,2839,993,'2017-06-16','2019-05-05'),(2014,171,267,'2010-03-02','2011-07-01'),(2017,2409,623,'2007-01-02','2016-04-06'),(2018,2522,319,'2010-03-19','2013-09-10'),(2019,2081,243,'2011-02-20','2015-07-22'),(2021,4987,79,'2014-02-07','2017-08-19'),(2022,2411,639,'2014-03-21','2015-09-01'),(2023,4330,319,'2005-07-23','2015-03-07'),(2024,3393,987,'2006-08-18','2019-01-28'),(2025,3845,985,'2013-03-09','2018-07-11'),(2026,4741,781,'2010-03-16','2018-10-12'),(2027,1978,161,'2006-01-19','2009-06-16'),(2028,499,26,'2009-05-25','2017-11-24'),(2036,2876,741,'2005-02-23','2014-10-05'),(2039,4691,245,'2005-01-06','2018-08-04'),(2043,3154,202,'2005-04-05','2019-12-04'),(2045,654,252,'2011-03-19','2019-07-31'),(2046,4133,321,'2007-03-31','2015-02-15'),(2048,2013,978,'2017-09-16','2018-08-12'),(2050,507,415,'2006-04-10','2009-02-18'),(2051,2086,387,'2007-09-02','2014-06-20'),(2053,2520,112,'2005-02-20','2009-03-07'),(2058,2983,188,'2015-07-18',NULL),(2060,1108,438,'2009-06-09','2012-08-27'),(2061,4209,211,'2005-03-05','2014-05-07'),(2063,4797,220,'2006-06-12','2014-03-30'),(2064,2309,100,'2006-03-26','2010-04-13'),(2066,2781,852,'2005-12-26','2013-01-06'),(2067,3375,145,'2008-04-18','2017-12-06'),(2069,4430,374,'2006-02-21','2017-10-19'),(2071,2775,441,'2014-08-08','2019-05-11'),(2072,1257,414,'2007-05-15','2015-10-02'),(2074,2950,695,'2018-03-14','2018-08-17'),(2075,759,379,'2013-04-30','2015-10-19'),(2076,1962,640,'2007-05-01','2009-07-08'),(2077,1813,149,'2012-02-03','2012-07-07'),(2081,2362,812,'2006-03-28','2011-04-01'),(2083,1710,884,'2007-07-01','2016-10-29'),(2084,2580,332,'2012-01-04','2018-11-22'),(2085,518,779,'2013-01-17','2019-01-22'),(2086,4802,324,'2008-03-25','2008-05-10'),(2087,1790,248,'2010-08-03','2016-12-19'),(2090,1657,394,'2014-07-24','2014-10-15'),(2091,3802,389,'2018-06-12',NULL),(2094,4998,171,'2016-12-05',NULL),(2095,2781,834,'2013-07-27','2017-04-18'),(2096,2999,185,'2010-03-10','2012-10-10'),(2097,4946,278,'2019-02-28','2019-09-14'),(2098,224,887,'2017-07-11','2018-04-29'),(2099,2543,212,'2006-09-25','2008-07-31'),(2100,4092,953,'2007-01-07','2015-05-17'),(2101,4764,295,'2005-02-18','2012-02-18'),(2104,3434,908,'2010-01-26','2010-05-26'),(2105,3833,29,'2006-04-29',NULL),(2106,4451,614,'2014-03-20','2018-04-13'),(2107,3542,6,'2010-07-07','2013-03-08'),(2108,3322,660,'2005-11-20','2017-06-20'),(2109,3226,385,'2005-05-19','2011-09-19'),(2110,1356,995,'2006-08-08','2007-07-07'),(2111,293,648,'2010-04-12','2010-12-27'),(2113,611,884,'2011-11-13','2019-11-20'),(2119,3203,891,'2007-07-31','2010-01-01'),(2120,3823,646,'2009-11-13','2014-12-21'),(2121,2696,396,'2016-06-14','2019-06-28'),(2122,1384,857,'2007-08-25','2012-01-24'),(2123,3218,257,'2007-03-15','2012-11-03'),(2125,797,765,'2005-06-20',NULL),(2126,3833,727,'2005-03-22','2007-02-11'),(2127,1111,815,'2011-12-10','2012-03-09'),(2128,2622,860,'2007-11-17','2019-08-06'),(2129,531,864,'2016-02-24','2018-09-07'),(2130,4802,136,'2008-09-03','2009-05-09'),(2132,472,628,'2005-06-08','2019-09-25'),(2135,3946,307,'2005-01-25','2018-03-23'),(2136,3178,337,'2005-11-06','2018-05-26'),(2141,1504,698,'2018-02-25','2019-09-14'),(2145,4519,852,'2016-12-30','2019-07-07'),(2147,679,473,'2008-08-07','2013-04-19'),(2150,4567,425,'2006-09-25',NULL),(2151,1646,620,'2017-01-21','2019-11-10'),(2152,1159,111,'2005-06-05','2017-01-11'),(2159,2562,285,'2006-03-19','2009-02-18'),(2160,61,170,'2008-08-02','2017-10-02'),(2161,2929,689,'2008-02-25','2013-03-28'),(2162,1717,878,'2012-07-27','2018-01-02'),(2163,3126,961,'2012-04-10','2015-01-14'),(2166,192,577,'2005-01-12','2015-10-06'),(2167,898,550,'2006-01-06','2010-01-24'),(2168,4284,35,'2006-03-04','2007-03-12'),(2170,3363,787,'2008-11-04','2015-10-27'),(2171,1648,730,'2008-08-17','2017-09-21'),(2172,4075,903,'2009-10-15','2019-05-01'),(2173,4327,865,'2008-09-29','2017-12-20'),(2178,4292,911,'2011-01-27','2016-08-20'),(2180,4587,196,'2009-10-03','2014-10-14'),(2181,4908,302,'2005-08-21','2010-09-22'),(2183,3676,682,'2008-11-17','2014-02-26'),(2184,1481,764,'2005-11-02','2006-09-04'),(2185,2205,532,'2010-02-01','2015-03-25'),(2187,306,495,'2007-04-07','2019-12-04'),(2189,2264,639,'2008-09-09','2012-10-18'),(2190,4438,569,'2016-01-25','2017-02-25'),(2192,719,751,'2005-10-18','2009-08-13'),(2193,2114,877,'2010-12-02','2016-05-21'),(2195,3272,487,'2007-09-26','2012-07-16'),(2197,2352,444,'2011-05-12','2016-05-14'),(2198,3859,508,'2015-09-05','2018-03-25'),(2199,4685,176,'2005-11-19','2008-10-13'),(2200,3719,447,'2018-01-31','2018-03-09'),(2205,117,423,'2007-08-13','2013-02-27'),(2206,560,285,'2014-06-11','2016-07-04'),(2207,2285,820,'2005-02-12','2017-03-29'),(2208,3540,604,'2009-09-06','2010-10-26'),(2209,4603,8,'2015-12-14','2018-10-24'),(2211,2719,777,'2014-05-09','2017-07-03'),(2212,2980,951,'2005-10-08','2016-03-31'),(2213,665,986,'2016-08-18','2017-11-16'),(2214,1270,818,'2006-12-15','2008-01-10'),(2217,2920,772,'2007-03-25','2017-04-23'),(2221,4318,523,'2006-12-19','2009-11-23'),(2223,4899,136,'2006-04-21','2008-06-25'),(2224,3417,414,'2012-12-09','2015-11-25'),(2228,2564,174,'2008-04-30','2017-08-09'),(2229,1344,562,'2006-02-11','2011-09-04'),(2230,663,765,'2017-06-18','2018-07-27'),(2232,1088,416,'2011-07-11','2015-07-02'),(2233,988,608,'2017-11-06','2018-08-24'),(2234,106,562,'2014-04-14','2018-10-10'),(2235,4430,525,'2005-04-05','2011-12-25'),(2236,1301,619,'2012-01-20','2019-04-24'),(2237,1682,634,'2006-05-22','2008-08-04'),(2240,4101,500,'2006-06-20','2019-08-25'),(2244,3246,160,'2006-09-25','2006-11-05'),(2245,919,160,'2010-08-24','2010-11-02'),(2246,121,748,'2011-08-30','2015-10-19'),(2247,4068,943,'2008-11-01','2015-08-23'),(2248,622,119,'2005-12-12','2010-03-14'),(2250,3933,201,'2013-03-22','2017-07-30'),(2251,4153,151,'2013-05-02','2018-09-15'),(2252,2552,702,'2013-10-19','2014-05-18'),(2253,4255,262,'2009-07-27','2019-08-10'),(2255,4471,906,'2015-01-05','2018-09-29'),(2259,4307,509,'2005-10-07','2013-04-03'),(2260,4567,659,'2013-11-15','2013-11-18'),(2261,4902,197,'2008-01-08','2011-11-21'),(2263,619,522,'2006-03-10','2017-01-31'),(2266,83,230,'2015-05-08','2019-07-26'),(2269,2058,166,'2007-11-05','2013-05-14'),(2270,2468,569,'2014-06-01','2015-12-23'),(2276,1954,414,'2007-08-24','2017-11-18'),(2277,4881,731,'2014-07-12','2019-12-05'),(2278,4579,284,'2008-07-31','2019-02-09'),(2283,2104,607,'2009-02-16','2015-12-16'),(2287,2842,274,'2007-03-30','2019-04-29'),(2288,4363,748,'2008-07-07',NULL),(2289,4456,857,'2008-12-09','2016-02-16'),(2291,1089,8,'2008-02-10','2014-09-04'),(2293,2926,36,'2008-05-25','2009-07-02'),(2294,1769,281,'2011-05-03','2019-02-08'),(2296,1570,923,'2006-06-06','2018-03-26'),(2300,598,65,'2019-08-12','2019-09-23'),(2301,2524,918,'2005-06-10','2011-05-12'),(2304,1223,308,'2011-05-14','2015-07-28'),(2306,408,643,'2005-05-12','2019-07-17'),(2307,4253,246,'2010-02-16','2019-02-26'),(2308,2401,588,'2010-03-30','2018-11-12'),(2311,1979,794,'2014-10-30','2016-12-18'),(2312,1136,669,'2015-10-21','2019-07-12'),(2314,226,305,'2005-01-31','2017-01-31'),(2317,4598,30,'2016-02-11','2017-04-27'),(2319,1183,905,'2010-09-16','2017-08-23'),(2321,3693,517,'2005-06-10','2006-07-24'),(2324,4302,669,'2011-08-01','2019-11-30'),(2327,3747,45,'2009-09-30','2013-02-07'),(2330,3773,843,'2005-01-19','2011-06-18'),(2333,1205,871,'2006-10-20','2018-12-29'),(2334,747,807,'2005-02-24','2009-09-08'),(2336,620,75,'2014-04-12','2015-08-21'),(2337,41,842,'2012-03-07','2013-09-29'),(2339,18,143,'2008-10-18','2009-05-28'),(2344,2033,732,'2011-09-30','2018-07-23'),(2345,3874,396,'2015-04-26','2018-06-09'),(2346,3553,361,'2013-04-14','2014-07-15'),(2348,1924,685,'2007-01-20','2014-09-25'),(2352,3824,634,'2005-01-11','2005-04-30'),(2354,1627,652,'2015-10-31','2019-07-01'),(2358,2485,515,'2006-11-14','2014-03-12'),(2359,574,448,'2006-03-03','2017-10-09'),(2360,4027,807,'2009-03-13','2011-03-06'),(2362,2825,136,'2008-03-17','2010-09-02'),(2363,4092,772,'2006-05-21','2019-03-16'),(2364,1909,139,'2017-03-27','2017-08-06'),(2365,1685,256,'2009-06-27','2014-01-22'),(2366,2377,239,'2008-01-31','2011-03-28'),(2367,4468,565,'2009-12-22','2018-10-15'),(2368,151,803,'2013-01-02','2013-02-14'),(2369,3953,224,'2006-05-11','2012-01-23'),(2373,3918,318,'2009-05-14','2019-09-19'),(2374,2447,892,'2015-02-02','2016-03-07'),(2375,3082,236,'2005-08-19','2014-09-23'),(2380,4592,236,'2013-04-18','2019-07-15'),(2382,942,811,'2012-12-06','2017-07-23'),(2385,1295,300,'2005-03-06','2018-07-23'),(2386,3794,794,'2005-09-05','2006-07-08'),(2389,4869,347,'2005-02-07','2008-05-29'),(2390,2665,345,'2014-11-03','2016-10-18'),(2391,4636,459,'2010-05-19','2014-01-04'),(2392,521,153,'2011-01-25','2014-12-19'),(2395,635,76,'2009-12-29','2011-01-14'),(2396,856,887,'2005-09-05','2010-11-23'),(2397,3449,577,'2012-10-02','2015-06-28'),(2398,4144,761,'2012-04-26','2012-10-20'),(2399,2865,133,'2005-05-26','2015-12-15'),(2402,4630,793,'2008-05-21','2011-08-31'),(2406,1941,802,'2014-05-19','2019-05-04'),(2407,2575,515,'2005-11-08','2018-08-13'),(2410,2928,454,'2010-03-06','2018-03-25'),(2413,2152,49,'2010-06-21','2015-05-27'),(2414,4164,977,'2013-11-17','2017-02-22'),(2415,2068,785,'2007-04-09','2013-02-16'),(2416,461,806,'2005-08-28','2017-10-30'),(2419,427,523,'2007-10-28','2019-08-24'),(2421,2080,317,'2006-03-18','2014-01-12'),(2422,1322,488,'2010-10-12','2014-12-03'),(2424,2766,311,'2015-11-05','2018-01-07'),(2426,3576,888,'2005-01-20','2018-03-11'),(2428,1901,743,'2015-06-15','2019-06-21'),(2430,2575,808,'2006-10-07','2014-02-12'),(2432,1341,376,'2009-10-31','2011-05-14'),(2433,3949,862,'2009-11-14','2010-08-27'),(2436,2583,438,'2008-10-01','2016-05-14'),(2437,4476,553,'2007-04-01','2018-09-14'),(2438,3422,969,'2017-06-28','2019-03-06'),(2443,2264,618,'2011-04-14','2015-07-08'),(2444,653,516,'2009-05-11','2013-12-21'),(2446,4373,474,'2008-01-31','2010-10-09'),(2447,3621,696,'2006-11-22','2014-08-22'),(2450,4724,129,'2011-04-29','2015-09-02'),(2456,4636,182,'2006-02-17','2007-12-27'),(2459,102,445,'2016-09-17','2019-08-23'),(2461,1662,466,'2006-07-09','2008-09-08'),(2462,2479,7,'2005-08-23','2010-06-30'),(2464,2603,334,'2007-10-17','2009-12-30'),(2467,3930,410,'2010-08-01','2011-04-22'),(2468,895,980,'2012-02-16','2019-05-30'),(2469,86,537,'2016-10-01',NULL),(2470,3537,858,'2006-11-28','2018-02-01'),(2472,4624,996,'2018-02-16','2018-12-09'),(2474,2088,327,'2009-09-18','2019-04-20'),(2475,4559,665,'2016-10-04','2017-02-16'),(2477,4494,87,'2009-09-19','2013-10-29'),(2478,2528,302,'2011-02-05','2017-01-03'),(2479,1029,946,'2012-01-09','2017-08-30'),(2482,29,906,'2009-07-05','2011-05-28'),(2484,1457,830,'2010-12-06','2016-01-26'),(2486,1240,646,'2007-07-15','2008-05-21'),(2487,2834,552,'2012-08-27','2018-02-26'),(2488,4090,817,'2008-10-31','2011-04-14'),(2490,2165,46,'2007-09-12','2017-04-26'),(2491,3075,754,'2014-09-12','2016-08-09'),(2493,3160,331,'2011-06-11','2011-09-09'),(2494,3536,44,'2010-11-02','2015-11-14'),(2495,1452,418,'2010-05-18','2017-10-05'),(2496,2933,748,'2008-11-25','2018-04-29'),(2499,1968,219,'2013-08-31','2018-04-16'),(2500,752,790,'2010-06-17','2012-09-18'),(2503,693,105,'2019-07-16','2019-11-28'),(2504,3471,29,'2007-10-21','2011-01-24'),(2506,2423,695,'2005-12-17','2010-03-30'),(2508,4672,130,'2018-01-01','2019-08-09'),(2511,1669,269,'2011-10-21','2013-11-30'),(2512,3750,851,'2015-02-12','2015-04-16'),(2513,1728,638,'2012-11-30','2013-01-13'),(2515,4777,325,'2008-05-13','2015-05-29'),(2516,4498,81,'2010-01-28','2011-07-06'),(2517,459,463,'2012-07-14','2015-10-24'),(2518,4987,538,'2011-12-06','2015-09-18'),(2519,809,338,'2007-03-09','2009-05-08'),(2524,2102,177,'2005-09-06','2012-10-02'),(2526,2612,979,'2010-08-10','2015-12-13'),(2530,3206,522,'2006-05-26','2017-03-07'),(2532,3985,937,'2013-04-03','2019-02-17'),(2535,2836,363,'2011-06-24','2013-08-09'),(2537,2289,789,'2007-09-16','2009-05-25'),(2542,818,479,'2008-01-11','2010-03-05'),(2545,1481,856,'2007-06-02','2013-08-22'),(2547,3686,915,'2006-07-04','2012-04-10'),(2548,4777,736,'2007-05-16','2007-12-22'),(2549,664,11,'2011-07-26','2018-10-27'),(2551,4183,191,'2007-05-25','2013-11-24'),(2552,3466,465,'2010-12-26','2016-10-05'),(2553,2285,213,'2011-02-24','2017-08-25'),(2557,2040,307,'2006-04-18','2013-05-27'),(2558,726,245,'2008-04-08','2015-02-03'),(2560,95,339,'2008-11-30','2009-05-12'),(2561,3902,774,'2010-08-27',NULL),(2565,4473,570,'2008-10-07','2010-09-23'),(2566,1058,873,'2006-05-24','2013-10-29'),(2567,1749,953,'2007-05-22','2008-03-28'),(2568,938,962,'2013-02-01','2014-02-19'),(2570,1669,166,'2010-05-20',NULL),(2571,4097,670,'2015-06-11','2019-06-03'),(2576,2572,697,'2013-07-24','2014-06-25'),(2580,1687,422,'2015-06-01','2016-05-21'),(2582,1112,114,'2012-01-17','2017-01-25'),(2583,1331,896,'2009-02-14','2009-10-11'),(2584,3002,374,'2008-08-05','2013-04-04'),(2586,501,164,'2012-02-10','2016-07-16'),(2587,2215,923,'2005-05-06','2019-10-22'),(2588,1365,124,'2014-03-17','2015-12-31'),(2591,2094,683,'2008-08-17','2010-04-28'),(2593,1235,186,'2006-09-08','2016-02-06'),(2597,1572,182,'2013-03-07','2016-11-11'),(2598,4662,880,'2017-05-04','2017-12-29'),(2599,1535,236,'2011-09-02','2019-07-28'),(2601,1661,816,'2007-03-21','2009-10-14'),(2602,40,134,'2010-08-10','2019-04-11'),(2603,197,384,'2005-01-03','2007-12-15'),(2605,409,713,'2012-05-10','2015-11-23'),(2606,3568,944,'2007-03-13','2009-04-12'),(2607,4105,50,'2013-04-09','2019-10-12'),(2608,360,987,'2017-04-09','2018-02-09'),(2609,4870,865,'2005-08-31','2016-05-17'),(2611,1011,937,'2013-03-27','2019-09-19'),(2612,3058,610,'2006-03-08','2011-04-19'),(2613,3435,49,'2006-04-09','2015-11-18'),(2614,1224,288,'2012-02-18','2019-04-30'),(2616,3211,582,'2008-01-31','2009-05-30'),(2618,1056,700,'2008-12-12','2009-01-30'),(2620,3541,249,'2009-06-03','2018-10-07'),(2622,2137,147,'2007-04-27','2018-04-16'),(2623,1710,756,'2013-06-06','2018-04-20'),(2626,499,121,'2005-01-16','2007-02-05'),(2627,4727,794,'2010-08-29','2019-09-09'),(2628,755,483,'2010-12-12','2013-11-21'),(2629,4813,289,'2014-10-22','2017-05-30'),(2630,832,339,'2007-01-07','2010-07-18'),(2634,3205,715,'2005-07-29','2013-05-09'),(2635,4036,996,'2013-04-02','2019-06-10'),(2637,4034,120,'2008-04-24','2012-05-02'),(2639,1192,987,'2005-04-17','2018-11-07'),(2640,308,158,'2008-06-02','2016-09-05'),(2641,2481,298,'2014-09-17','2018-10-02'),(2643,2407,86,'2010-05-03','2015-08-23'),(2644,4832,870,'2008-04-05','2011-05-28'),(2645,3967,343,'2009-04-04','2019-06-06'),(2646,2255,40,'2013-06-05','2016-04-05'),(2648,635,288,'2006-11-14',NULL),(2650,3842,569,'2005-05-28','2009-03-20'),(2652,2722,526,'2014-12-05','2018-08-24'),(2656,1065,533,'2014-09-12','2015-02-14'),(2657,4307,174,'2015-08-09','2015-08-24'),(2659,1582,814,'2010-08-19','2011-11-09'),(2661,2266,388,'2018-08-29','2018-11-01'),(2665,1213,582,'2013-11-18','2014-05-01'),(2666,3927,50,'2007-01-09','2014-01-30'),(2667,2966,962,'2008-05-29','2018-06-14'),(2669,1572,23,'2014-04-14','2018-06-28'),(2670,290,843,'2005-03-25','2015-12-13'),(2676,162,243,'2012-10-26','2014-06-29'),(2677,4159,919,'2010-03-26','2019-07-12'),(2679,2927,722,'2005-01-05','2013-05-04'),(2682,381,730,'2007-11-04','2008-11-20'),(2683,3998,111,'2017-06-26','2019-02-08'),(2685,4951,795,'2016-05-15','2016-12-22'),(2688,585,782,'2016-07-18',NULL),(2693,358,120,'2006-12-07','2014-03-05'),(2694,4548,862,'2011-05-08','2017-09-13'),(2696,24,328,'2010-03-20','2014-01-02'),(2697,963,338,'2016-09-06','2019-06-17'),(2698,2886,799,'2009-10-05','2018-12-16'),(2701,4757,499,'2017-01-08','2019-05-25'),(2702,4306,822,'2010-04-26','2018-10-03'),(2703,2095,95,'2010-09-03','2014-06-26'),(2706,2066,836,'2012-10-17','2015-02-02'),(2709,2522,494,'2007-04-17','2015-07-03'),(2711,3125,768,'2017-07-26','2017-10-02'),(2712,3998,242,'2007-12-26','2009-08-06'),(2714,2444,920,'2010-09-25','2014-03-18'),(2715,1523,581,'2015-05-27','2016-11-06'),(2717,4751,178,'2009-01-10','2018-02-11'),(2719,1355,623,'2006-10-28','2018-05-02'),(2720,1449,566,'2005-10-20','2013-10-06'),(2722,3970,851,'2005-01-30','2015-05-30'),(2728,1431,834,'2006-08-30','2016-07-16'),(2735,185,769,'2008-09-09','2018-05-18'),(2737,3798,870,'2014-06-19','2016-05-26'),(2738,979,524,'2009-10-29','2010-03-21'),(2740,1951,855,'2006-06-08','2012-06-08'),(2742,234,930,'2006-05-30','2007-09-15'),(2743,4654,581,'2013-07-04','2016-03-11'),(2744,3669,918,'2006-06-29','2018-02-19'),(2745,4449,647,'2011-11-05','2013-12-15'),(2746,3434,761,'2007-04-28','2017-05-26'),(2747,2424,1,'2008-02-08','2018-05-06'),(2748,3814,800,'2008-11-04','2018-10-16'),(2749,2234,647,'2012-12-09','2015-08-26'),(2750,3764,813,'2008-11-10','2019-12-08'),(2752,484,538,'2008-09-07','2009-01-07'),(2754,2928,447,'2012-08-01','2019-03-12'),(2755,642,498,'2017-12-08','2019-01-04'),(2756,263,802,'2006-11-17','2007-05-02'),(2757,4827,839,'2011-09-09','2019-10-07'),(2758,2246,821,'2012-11-29','2016-02-10'),(2761,348,731,'2006-07-04',NULL),(2763,2185,487,'2012-12-05','2013-11-05'),(2764,1664,946,'2009-11-12','2012-03-17'),(2770,157,742,'2017-07-28','2018-01-14'),(2771,4203,342,'2011-12-21','2018-07-16'),(2772,3931,74,'2009-05-08','2012-04-05'),(2773,4427,916,'2017-06-08','2019-06-18'),(2774,1108,862,'2013-11-20','2019-09-11'),(2775,1128,655,'2012-11-12',NULL),(2778,4458,435,'2008-04-25','2014-08-12'),(2779,1692,193,'2005-03-14','2010-06-27'),(2780,224,437,'2015-06-07','2018-11-26'),(2782,4600,307,'2009-10-22','2016-07-03'),(2788,3847,147,'2006-01-16','2016-12-30'),(2789,682,675,'2014-07-18','2016-10-24'),(2790,4050,123,'2014-07-08','2017-01-25'),(2791,2569,492,'2016-05-22','2016-11-24'),(2794,1121,80,'2010-06-09','2012-11-08'),(2795,1855,867,'2011-09-29','2013-07-30'),(2796,3630,452,'2008-09-11','2010-10-10'),(2798,3286,893,'2015-11-07','2018-11-30'),(2799,3698,788,'2010-06-01','2012-09-29'),(2806,1491,913,'2011-02-19',NULL),(2810,4698,479,'2013-11-19','2016-05-23'),(2812,11,546,'2012-01-21','2016-06-30'),(2814,711,210,'2011-07-03','2018-07-09'),(2816,1077,947,'2007-09-03','2016-06-18'),(2817,2476,803,'2006-12-18','2016-02-02'),(2818,3723,565,'2006-08-16','2019-07-03'),(2825,17,829,'2006-12-31','2019-01-09'),(2826,2598,672,'2007-07-18',NULL),(2830,3938,881,'2005-06-02','2017-10-05'),(2832,3005,814,'2007-08-30',NULL),(2835,3585,582,'2013-03-29','2016-09-25'),(2842,2310,331,'2017-04-19','2019-10-19'),(2843,3173,167,'2009-04-25','2014-02-16'),(2849,3543,536,'2011-02-10','2019-01-07'),(2851,4775,69,'2008-09-27','2019-10-11'),(2853,2550,50,'2016-05-10','2017-06-04'),(2854,1506,227,'2008-06-23','2013-08-11'),(2855,2048,689,'2005-03-11','2018-12-18'),(2857,2831,996,'2018-11-05','2019-10-04'),(2861,3639,362,'2011-02-25','2017-09-19'),(2865,3801,928,'2008-09-11','2016-11-15'),(2869,3371,563,'2006-11-19','2009-10-14'),(2870,3174,764,'2006-04-29','2018-08-30'),(2871,2974,971,'2006-12-23','2014-10-02'),(2872,2192,865,'2010-11-14','2014-09-10'),(2874,4870,976,'2005-07-06','2006-11-07'),(2877,4028,700,'2011-10-07','2012-10-24'),(2878,4322,773,'2005-10-29','2011-12-12'),(2879,914,621,'2011-03-21','2017-05-24'),(2883,2122,583,'2006-03-08','2017-09-14'),(2884,4867,232,'2008-04-21','2015-01-19'),(2885,2768,473,'2008-04-25','2010-07-14'),(2886,255,299,'2015-01-03','2015-04-17'),(2887,4972,349,'2014-03-16','2015-12-10'),(2888,1956,259,'2009-01-10','2016-06-29'),(2892,3821,866,'2009-03-21','2016-04-10'),(2897,3971,741,'2016-07-04','2018-04-11'),(2898,3789,661,'2017-12-08','2019-08-14'),(2900,3723,825,'2015-11-05','2016-05-19'),(2902,1688,85,'2014-05-30','2014-07-11'),(2904,3747,582,'2011-09-09','2018-10-08'),(2905,2029,82,'2009-05-12','2014-02-17'),(2907,1392,842,'2012-08-21','2015-11-02'),(2908,2392,30,'2006-12-23','2012-07-01'),(2909,4710,656,'2005-09-01','2012-12-11'),(2911,2854,219,'2016-08-21','2018-02-06'),(2914,1989,464,'2009-04-05','2012-10-13'),(2915,1588,250,'2015-03-26','2019-11-01'),(2917,1304,354,'2014-08-19','2015-03-28'),(2918,1216,204,'2012-11-18','2017-10-05'),(2921,2764,561,'2005-07-14','2012-09-26'),(2924,3185,816,'2006-12-16','2007-08-15'),(2925,135,92,'2009-06-04','2016-01-13'),(2926,2939,882,'2011-07-29','2016-10-09'),(2927,1980,326,'2008-03-13','2011-10-03'),(2928,37,844,'2008-12-02','2016-12-27'),(2931,1730,607,'2005-07-16','2007-06-11'),(2932,100,653,'2015-03-26','2017-03-08'),(2935,3396,325,'2010-08-12','2014-04-27'),(2937,2602,910,'2011-05-15','2016-12-29'),(2939,492,92,'2010-11-01','2013-10-23'),(2944,3481,367,'2008-04-07','2012-08-26'),(2946,179,714,'2012-09-13','2016-09-10'),(2947,2685,559,'2008-04-27','2017-10-30'),(2949,2788,783,'2007-05-27','2012-02-01'),(2950,4568,298,'2010-02-23','2015-08-25'),(2952,200,389,'2008-01-06','2009-02-02'),(2954,4327,235,'2006-06-04','2011-10-11'),(2958,3803,135,'2015-02-06','2015-11-05'),(2959,3670,605,'2015-08-11',NULL),(2960,1196,252,'2014-06-18','2018-04-20'),(2961,4719,262,'2010-04-10','2017-03-19'),(2962,3751,544,'2006-11-02','2018-04-24'),(2964,439,721,'2006-04-27','2014-08-14'),(2966,1550,630,'2005-07-26','2017-07-06'),(2967,1999,308,'2007-07-13','2017-03-02'),(2969,4140,741,'2008-01-26','2011-12-09'),(2970,829,158,'2011-01-28','2017-03-12'),(2971,2036,263,'2005-01-09','2006-01-05'),(2972,422,633,'2006-04-07','2009-05-14'),(2973,4024,184,'2016-04-05','2018-09-09'),(2974,335,874,'2010-04-27','2012-10-02'),(2975,3011,259,'2013-08-18','2014-08-27'),(2976,3557,546,'2006-03-23','2011-01-13'),(2977,565,438,'2010-07-07','2018-08-10'),(2978,2266,52,'2006-12-29','2009-06-02'),(2979,2012,310,'2011-04-13','2011-11-21'),(2981,1188,746,'2005-01-28','2015-07-23'),(2985,1819,61,'2009-09-09','2011-07-30'),(2987,861,827,'2006-10-22','2017-12-04'),(2988,2736,31,'2006-10-01','2018-12-03'),(2989,4792,540,'2007-04-24','2013-08-30'),(2991,3597,326,'2011-01-12','2013-03-06'),(2993,4112,210,'2017-07-09','2017-08-22'),(2997,2364,898,'2009-10-10','2014-07-29'),(2998,125,797,'2006-02-10','2013-11-02'),(3002,1828,599,'2017-08-24',NULL),(3004,238,362,'2014-01-29','2019-10-10'),(3006,3567,726,'2014-09-09','2017-05-09'),(3007,2792,257,'2010-05-25','2014-08-31'),(3010,3633,464,'2008-12-23','2011-07-03'),(3012,18,774,'2007-02-19','2018-07-15'),(3013,565,161,'2008-07-09','2017-04-05'),(3015,4487,813,'2015-02-09','2019-11-30'),(3017,3405,532,'2007-08-23','2009-12-28'),(3019,3441,541,'2005-08-04','2015-10-26'),(3023,3337,975,'2012-07-23','2017-08-07'),(3024,802,279,'2015-01-20','2017-07-26'),(3025,119,842,'2015-10-09','2017-03-12'),(3026,3741,615,'2013-06-02','2014-09-23'),(3028,172,692,'2006-08-08','2017-04-14'),(3029,805,739,'2009-08-13','2016-04-24'),(3032,1817,826,'2014-12-22','2018-05-21'),(3034,3667,951,'2010-09-02','2013-02-09'),(3035,2559,722,'2013-01-10','2019-01-01'),(3036,83,993,'2012-06-04','2016-09-11'),(3037,894,693,'2007-02-22','2015-03-28'),(3038,4658,170,'2011-02-15','2012-05-03'),(3040,3943,550,'2006-07-21','2015-03-02'),(3043,1275,54,'2013-05-11','2015-05-22'),(3046,383,40,'2011-08-22',NULL),(3047,3540,138,'2010-09-26','2013-08-16'),(3048,3468,344,'2009-10-14','2017-12-22'),(3050,1081,166,'2005-01-16','2009-12-24'),(3051,1586,103,'2008-11-12','2019-03-15'),(3054,400,582,'2018-11-29',NULL),(3056,1981,336,'2005-05-01','2007-03-08'),(3057,1180,428,'2011-03-13','2018-04-21'),(3059,1158,317,'2007-11-02','2009-04-25'),(3061,3931,986,'2012-12-24','2016-11-25'),(3063,3869,847,'2013-06-16','2016-04-22'),(3065,4747,404,'2007-03-23','2007-04-19'),(3068,1581,838,'2009-06-25','2013-12-09'),(3069,2756,99,'2006-01-17','2015-03-04'),(3071,898,368,'2010-05-10','2015-09-29'),(3073,4749,868,'2013-11-11','2014-11-17'),(3075,2365,92,'2005-03-21',NULL),(3077,1272,311,'2006-05-01',NULL),(3080,2579,184,'2009-12-10','2015-09-07'),(3081,3998,711,'2011-03-18','2014-11-02'),(3082,1747,701,'2008-04-10','2010-11-19'),(3084,3679,229,'2008-07-03','2017-03-28'),(3085,1753,931,'2009-06-04','2013-05-26'),(3087,2559,793,'2017-08-26','2018-07-10'),(3088,1134,174,'2007-02-02',NULL),(3089,2401,661,'2009-07-19','2012-01-05'),(3091,3812,68,'2008-02-29','2011-05-15'),(3092,846,332,'2016-04-27',NULL),(3095,2426,155,'2005-02-16','2013-09-26'),(3096,4599,189,'2012-07-17','2018-10-05'),(3098,4823,744,'2010-07-10',NULL),(3099,679,867,'2006-10-08','2010-11-02'),(3100,4065,706,'2005-04-07','2018-05-04'),(3101,4918,441,'2007-02-19','2007-08-14'),(3102,4869,657,'2017-01-01','2018-09-27'),(3105,3645,489,'2011-08-09','2018-11-28'),(3106,765,464,'2007-10-25','2019-07-05'),(3107,3011,285,'2010-07-29','2014-06-03'),(3113,156,401,'2005-12-29','2018-06-29'),(3116,265,562,'2015-08-21','2019-02-21'),(3118,4448,685,'2010-05-05','2010-12-24'),(3120,4719,84,'2006-10-20','2013-12-22'),(3122,1877,298,'2005-09-13','2010-11-20'),(3123,1493,408,'2012-11-26','2017-06-12'),(3124,569,356,'2005-03-31','2010-04-25'),(3126,1855,720,'2008-08-22','2016-12-22'),(3127,2199,987,'2011-11-25','2018-09-30'),(3128,1464,45,'2009-10-04','2016-07-21'),(3131,4214,969,'2005-03-16','2017-09-01'),(3132,3827,441,'2012-08-10','2013-01-26'),(3134,913,936,'2007-05-28','2016-05-21'),(3137,4670,270,'2008-05-13',NULL),(3138,1282,301,'2012-09-23',NULL),(3139,454,537,'2014-12-25','2018-08-13'),(3141,3703,96,'2007-09-28','2014-01-06'),(3145,4575,827,'2006-10-31','2016-06-26'),(3147,1464,832,'2011-03-16','2019-12-16'),(3149,2601,13,'2012-06-02','2015-01-20'),(3152,2267,576,'2005-12-03','2019-08-09'),(3153,212,584,'2014-06-21','2019-12-14'),(3156,4885,452,'2009-03-25','2014-10-15'),(3157,331,372,'2006-07-27','2012-03-02'),(3159,3724,249,'2011-11-27','2016-03-27'),(3160,4322,956,'2007-06-17','2016-04-01'),(3161,836,904,'2006-11-08','2011-11-21'),(3162,4702,103,'2014-10-30','2016-10-16'),(3163,566,239,'2007-02-23','2018-05-17'),(3166,656,56,'2011-09-10','2016-03-29'),(3169,2293,516,'2005-06-22','2011-04-04'),(3170,1193,491,'2008-10-18','2017-11-26'),(3174,4119,852,'2010-02-09','2010-03-17'),(3175,2091,871,'2011-12-13','2012-03-19'),(3177,3797,583,'2014-01-30','2014-03-25'),(3178,1110,824,'2006-08-02','2008-02-28'),(3180,1659,160,'2007-04-15','2017-10-05'),(3181,1589,93,'2008-11-20','2016-10-12'),(3183,1738,502,'2006-12-21','2018-02-11'),(3184,2250,208,'2006-01-09','2007-11-05'),(3185,3943,110,'2011-04-01','2012-11-17'),(3187,4748,910,'2009-07-24','2015-08-22'),(3188,1536,278,'2005-01-29','2013-12-25'),(3189,4995,761,'2014-07-02','2014-11-28'),(3192,1316,690,'2011-03-27','2014-08-15'),(3194,4242,11,'2014-01-21','2014-04-11'),(3195,1140,280,'2006-09-17','2014-07-19'),(3197,3657,935,'2006-11-14','2018-01-13'),(3201,676,936,'2005-07-16','2014-02-03'),(3202,2432,941,'2005-07-07','2013-02-26'),(3204,1277,724,'2005-01-05','2010-10-24'),(3208,1379,492,'2014-07-20','2016-03-31'),(3209,4831,283,'2006-01-30','2010-11-12'),(3210,762,748,'2009-08-16','2015-04-02'),(3213,2365,849,'2012-03-15','2013-10-12'),(3214,1566,65,'2014-03-03','2019-01-18'),(3216,4787,241,'2010-11-07','2014-04-10'),(3217,3492,360,'2008-06-07','2016-12-21'),(3221,145,743,'2007-07-07','2009-11-01'),(3222,4053,292,'2005-06-02','2012-12-11'),(3225,3308,905,'2006-06-19','2008-11-07'),(3226,1196,592,'2009-10-05','2017-11-12'),(3229,2416,444,'2017-02-17','2019-09-03'),(3232,1092,49,'2007-08-28','2017-01-14'),(3235,4881,889,'2009-05-03','2019-08-15'),(3238,1661,330,'2008-12-28','2016-11-24'),(3239,120,377,'2014-08-24','2018-06-15'),(3241,4794,674,'2014-03-01','2014-09-07'),(3242,1569,389,'2010-04-27','2017-01-05'),(3243,3300,395,'2013-07-29','2015-12-20'),(3244,2801,493,'2008-04-15','2018-10-16'),(3245,255,556,'2010-12-17','2016-06-15'),(3246,2773,582,'2008-03-19','2011-05-24'),(3247,1269,653,'2010-11-21','2015-01-08'),(3248,1690,245,'2013-01-16','2018-10-18'),(3249,2243,357,'2006-08-29','2017-12-03'),(3250,191,440,'2006-07-30','2007-04-28'),(3251,2750,580,'2006-12-10','2011-03-26'),(3252,39,205,'2006-06-15','2015-09-07'),(3253,4095,187,'2015-09-29','2017-11-14'),(3254,4205,402,'2013-04-24','2017-07-08'),(3255,2033,339,'2018-04-24','2018-11-21'),(3257,4136,127,'2009-04-13','2013-09-23'),(3258,3911,868,'2008-07-04','2013-08-27'),(3261,1441,622,'2011-01-09','2016-08-13'),(3267,1539,420,'2017-08-11','2018-02-11'),(3268,192,114,'2012-04-05','2014-10-01'),(3269,4455,475,'2014-01-11','2018-09-14'),(3271,2094,740,'2009-05-22','2011-02-19'),(3273,3626,695,'2014-11-14','2016-10-06'),(3274,1071,489,'2006-02-04','2017-06-23'),(3277,3908,578,'2007-12-04','2018-09-25'),(3278,868,182,'2013-12-26','2018-06-16'),(3282,1876,432,'2008-09-13','2014-04-04'),(3283,428,37,'2010-12-02','2011-08-06'),(3284,3859,838,'2010-04-06','2015-05-24'),(3285,1782,538,'2010-05-29','2010-12-16'),(3291,2896,193,'2016-08-28',NULL),(3298,3416,114,'2015-04-14','2019-07-20'),(3301,4763,170,'2007-09-19','2010-02-22'),(3302,2828,821,'2006-11-14','2011-10-07'),(3303,2032,880,'2007-09-15','2019-04-29'),(3304,2734,966,'2018-08-31','2019-01-22'),(3305,4287,293,'2011-12-22','2013-10-03'),(3306,414,666,'2009-02-27','2017-07-04'),(3307,3986,866,'2005-09-24','2018-09-18'),(3308,2308,784,'2009-03-10','2015-02-04'),(3310,797,943,'2011-10-13','2016-09-20'),(3311,4424,47,'2005-10-10','2013-05-08'),(3312,1016,767,'2005-10-07','2016-03-18'),(3314,2307,541,'2005-08-23','2008-03-18'),(3315,4862,962,'2009-07-24','2017-07-12'),(3317,1548,632,'2007-12-27','2016-07-10'),(3318,1570,698,'2006-08-11','2018-02-01'),(3320,4998,433,'2006-02-19','2006-03-03'),(3322,2231,574,'2007-12-03','2013-05-14'),(3325,2423,467,'2010-08-10','2019-06-10'),(3326,1071,548,'2007-09-05','2009-07-26'),(3328,2359,776,'2006-02-10','2013-06-29'),(3329,3814,175,'2007-02-28','2015-10-07'),(3332,2688,442,'2017-09-08',NULL),(3334,1588,567,'2007-12-03','2016-06-27'),(3335,2566,475,'2009-12-29','2012-09-26'),(3337,1101,799,'2005-12-11','2009-11-21'),(3338,3279,242,'2008-07-16','2011-04-18'),(3340,4284,442,'2009-09-30','2017-04-03'),(3341,2076,737,'2011-10-17','2014-03-24'),(3342,4540,63,'2005-05-10','2007-06-01'),(3345,2026,879,'2007-09-13','2014-04-26'),(3346,4153,474,'2008-01-21','2014-11-19'),(3347,1264,905,'2006-10-09','2009-09-23'),(3349,950,317,'2009-10-01','2010-05-10'),(3350,2504,981,'2009-05-28','2016-02-27'),(3351,3171,573,'2007-10-20','2010-11-19'),(3352,4592,360,'2008-12-18','2016-10-18'),(3354,3412,251,'2011-02-28','2013-10-26'),(3356,3743,229,'2008-04-26','2018-04-27'),(3357,2173,498,'2007-03-27','2018-11-25'),(3360,3804,173,'2012-06-24','2019-03-20'),(3363,4033,805,'2011-08-21','2013-02-18'),(3365,3957,748,'2010-12-09','2012-08-12'),(3367,911,891,'2005-08-16',NULL),(3368,120,951,'2005-02-24','2006-11-01'),(3369,1056,996,'2014-04-19','2017-06-02'),(3373,4294,222,'2005-11-17','2011-09-17'),(3376,4235,415,'2008-06-02','2018-05-24'),(3377,1557,132,'2018-09-25','2019-10-30'),(3378,4249,565,'2012-09-07','2013-12-17'),(3379,2511,640,'2016-02-12','2019-10-31'),(3382,525,563,'2010-08-05','2019-07-05'),(3385,852,341,'2007-04-27','2013-10-03'),(3386,600,318,'2008-01-26','2015-01-11'),(3387,2788,593,'2010-03-07','2011-10-21'),(3389,1932,251,'2009-10-01','2011-07-19'),(3393,341,477,'2009-02-09','2010-07-08'),(3394,4971,190,'2014-11-24','2019-10-04'),(3395,1964,96,'2009-03-22','2011-02-28'),(3398,4400,167,'2008-02-23','2012-09-10'),(3399,4113,946,'2006-06-16','2008-11-10'),(3400,113,497,'2012-09-26','2018-12-18'),(3401,1859,656,'2008-01-11','2011-09-09'),(3402,1006,614,'2005-10-18','2010-06-18'),(3403,1405,196,'2009-10-22','2009-11-18'),(3405,3756,571,'2014-11-23','2016-04-03'),(3408,634,141,'2009-09-08',NULL),(3409,1172,312,'2006-01-29','2009-03-11'),(3410,2934,734,'2014-06-28','2015-12-15'),(3412,3711,437,'2012-12-30','2015-10-08'),(3413,4808,641,'2015-09-04',NULL),(3414,3984,887,'2008-04-18','2008-12-25'),(3415,361,338,'2005-12-16','2006-05-10'),(3425,2261,726,'2005-04-27','2010-02-14'),(3427,184,843,'2009-07-09','2016-01-22'),(3430,4342,860,'2006-07-13','2013-10-12'),(3431,560,127,'2014-04-06','2018-05-31'),(3432,3630,854,'2014-08-04','2014-10-24'),(3433,3118,702,'2015-06-16','2016-10-17'),(3434,4030,666,'2007-02-10','2010-03-08'),(3442,2438,302,'2014-09-30',NULL),(3443,1523,995,'2005-01-05','2006-02-14'),(3446,4376,244,'2009-04-04','2011-04-18'),(3450,3463,60,'2014-01-13','2016-06-07'),(3451,3661,714,'2012-01-13','2012-08-31'),(3455,4936,284,'2010-08-06','2018-04-14'),(3456,4523,103,'2017-07-21',NULL),(3458,4586,778,'2007-08-09','2010-09-16'),(3459,716,151,'2013-12-21','2015-11-30'),(3460,733,516,'2009-10-08','2017-07-19'),(3465,1239,577,'2009-07-16','2011-11-27'),(3467,1372,973,'2010-02-02','2012-05-25'),(3469,262,23,'2010-06-16','2010-11-14'),(3472,614,731,'2012-04-12','2019-12-09'),(3473,1603,431,'2005-02-14','2007-05-25'),(3474,3464,731,'2005-05-15','2015-02-19'),(3475,1861,509,'2005-04-30','2011-03-15'),(3476,3693,851,'2009-01-01','2011-07-17'),(3480,2290,922,'2007-07-05','2015-06-18'),(3483,4648,728,'2014-01-05','2017-07-17'),(3484,4194,229,'2009-02-04','2016-09-27'),(3485,799,954,'2007-11-07','2012-06-16'),(3486,2002,825,'2014-01-22','2017-03-20'),(3488,808,72,'2018-10-04','2018-11-19'),(3491,1744,637,'2012-07-13','2016-08-17'),(3492,4557,141,'2007-10-11','2018-12-07'),(3493,1549,842,'2009-08-28','2011-07-02'),(3494,1660,368,'2006-11-05','2010-12-01'),(3495,258,449,'2006-03-16','2006-12-25'),(3497,4284,307,'2005-03-05','2008-07-31'),(3499,4840,161,'2006-06-01','2014-10-03'),(3507,2152,739,'2010-09-15','2019-07-11'),(3508,1597,684,'2008-06-24','2012-02-19'),(3509,2067,378,'2008-09-09','2018-05-30'),(3511,728,859,'2005-11-16','2008-03-27'),(3513,4906,366,'2010-12-28','2015-01-09'),(3520,3627,642,'2013-08-17','2018-03-25'),(3521,573,659,'2005-03-06','2007-10-25'),(3525,2928,523,'2006-02-02','2018-04-18'),(3526,1593,549,'2005-12-30','2015-05-23'),(3533,451,627,'2006-05-08','2009-12-24'),(3534,4502,498,'2016-02-06','2019-03-18'),(3535,2543,554,'2014-03-03',NULL),(3536,2112,923,'2011-02-19','2012-09-17'),(3539,3832,908,'2016-01-31','2016-03-14'),(3540,3379,341,'2010-10-05','2014-12-09'),(3543,2054,491,'2014-03-09','2016-07-29'),(3544,3627,61,'2019-03-20','2019-09-15'),(3545,2334,949,'2007-01-23','2012-02-06'),(3548,3250,173,'2008-03-11','2010-09-15'),(3549,4965,758,'2013-09-16','2015-12-30'),(3552,653,156,'2008-09-30','2018-01-03'),(3554,3889,540,'2013-12-13','2015-02-19'),(3556,3688,35,'2007-10-14','2012-06-23'),(3557,4998,578,'2017-09-20','2018-08-21'),(3559,748,265,'2009-03-14','2018-11-22'),(3560,1553,423,'2009-08-09','2012-07-01'),(3563,4340,163,'2014-08-17','2015-07-01'),(3564,4937,751,'2007-09-01','2017-04-05'),(3565,2910,925,'2011-12-19','2019-09-28'),(3567,3659,766,'2007-05-25','2011-12-06'),(3570,4698,456,'2008-12-30','2019-06-01'),(3572,49,708,'2005-05-08','2019-04-13'),(3573,3777,890,'2007-02-26','2012-07-06'),(3579,4687,113,'2012-10-22','2018-03-06'),(3582,2277,671,'2010-02-24','2012-12-15'),(3584,619,458,'2012-05-10','2019-01-16'),(3585,1669,398,'2016-08-30','2018-07-02'),(3586,3084,165,'2012-06-28','2018-08-19'),(3587,4709,400,'2013-06-19','2019-12-12'),(3590,1199,358,'2008-02-29','2010-12-07'),(3592,680,242,'2015-09-18','2017-12-29'),(3593,2723,781,'2007-11-10','2013-07-11'),(3595,2565,402,'2005-04-28','2006-02-18'),(3597,3750,674,'2013-06-28','2013-07-15'),(3598,2759,764,'2016-09-11','2017-10-28'),(3600,3307,914,'2005-12-12','2017-11-07'),(3604,527,20,'2007-05-03','2014-01-17'),(3605,3189,646,'2007-09-21','2013-08-29'),(3606,3648,745,'2012-10-26','2018-07-07'),(3607,223,294,'2005-01-10','2007-06-10'),(3610,1232,336,'2008-09-02','2019-11-21'),(3611,1760,892,'2006-01-23','2017-01-03'),(3612,2097,67,'2011-03-09','2018-06-17'),(3616,1216,52,'2005-08-17','2005-08-22'),(3617,4268,599,'2007-01-27','2018-06-21'),(3618,4250,265,'2014-04-25','2015-01-13'),(3621,2769,553,'2007-08-26','2007-08-31'),(3626,118,324,'2009-07-06','2013-08-09'),(3627,2782,760,'2016-12-16','2018-04-10'),(3629,459,676,'2015-08-02','2015-12-05'),(3631,3425,907,'2008-10-09','2009-07-10'),(3632,1578,314,'2005-09-13','2013-08-07'),(3635,1350,866,'2010-05-27','2012-01-16'),(3637,1319,874,'2008-09-06','2019-01-28'),(3639,3835,788,'2007-05-25','2011-07-22'),(3640,356,615,'2006-09-03','2006-09-19'),(3641,3705,464,'2009-09-02','2013-12-28'),(3644,268,257,'2005-08-23','2012-08-05'),(3645,3947,767,'2011-01-17','2014-05-11'),(3647,4899,928,'2005-01-13','2013-07-04'),(3650,4306,463,'2006-04-03','2008-08-28'),(3654,3639,856,'2008-02-06','2012-03-04'),(3657,2962,463,'2007-08-16','2009-08-22'),(3658,4514,579,'2011-05-02','2018-08-25'),(3659,2560,468,'2014-04-30','2019-03-20'),(3660,1084,384,'2006-02-06','2017-01-22'),(3663,1805,742,'2015-01-10','2018-01-16'),(3664,1558,250,'2013-10-09','2019-08-03'),(3666,455,512,'2005-08-13','2019-05-14'),(3668,4308,794,'2005-04-27','2015-12-09'),(3670,2238,284,'2015-03-07','2016-07-20'),(3672,2192,123,'2007-10-04','2012-08-20'),(3673,4321,459,'2007-07-22','2016-02-01'),(3676,4375,909,'2005-07-22','2006-07-24'),(3677,113,891,'2014-06-03','2014-09-09'),(3681,1383,941,'2009-02-28','2009-08-04'),(3684,2802,530,'2006-06-14','2012-04-07'),(3685,3039,904,'2011-12-02','2013-09-20'),(3687,4393,938,'2005-04-18','2017-11-07'),(3689,3566,111,'2005-04-21','2008-02-29'),(3693,4690,544,'2006-12-30','2017-11-09'),(3694,543,338,'2013-11-16',NULL),(3695,1744,337,'2016-04-09','2016-05-09'),(3696,3370,388,'2014-09-18','2016-03-18'),(3700,1021,157,'2010-07-09','2018-01-08'),(3701,603,754,'2009-07-11','2012-06-30'),(3704,3509,256,'2007-07-06','2013-07-11'),(3707,4262,104,'2005-11-24','2006-10-17'),(3710,4810,655,'2006-12-15','2009-01-30'),(3711,2472,899,'2010-07-08','2019-09-11'),(3713,4414,249,'2011-06-11','2019-01-05'),(3715,2076,979,'2010-06-09','2012-11-07'),(3716,3915,625,'2011-11-20','2013-06-13'),(3718,3756,495,'2010-09-14','2016-08-13'),(3719,4992,386,'2006-07-19','2010-07-25'),(3720,2067,632,'2011-07-25','2019-05-18'),(3721,4782,860,'2005-10-17','2011-11-04'),(3723,3804,973,'2009-10-30','2011-12-08'),(3724,1737,206,'2009-02-27','2009-06-23'),(3726,1472,38,'2007-10-31','2018-07-27'),(3728,1298,736,'2007-10-17','2017-11-28'),(3729,926,388,'2005-06-11','2011-09-07'),(3730,2995,620,'2009-08-13','2010-02-04'),(3731,4513,903,'2007-05-31','2019-10-14'),(3734,4139,968,'2014-07-20','2017-03-10'),(3735,2243,876,'2007-02-16','2019-05-10'),(3739,1634,694,'2009-02-04','2011-01-17'),(3740,2775,193,'2009-02-03','2018-10-28'),(3742,249,152,'2013-05-29','2017-12-31'),(3747,3324,58,'2006-09-13','2017-09-09'),(3749,1371,360,'2007-01-01','2013-12-04'),(3750,2857,8,'2008-07-30','2009-06-04'),(3751,3419,197,'2009-08-05','2012-07-26'),(3752,1910,910,'2009-12-26','2011-04-24'),(3753,3556,943,'2006-01-06','2016-06-08'),(3754,3198,127,'2005-06-12','2008-11-19'),(3756,2397,232,'2015-02-22','2018-12-17'),(3757,2863,433,'2006-07-29','2008-10-08'),(3758,4162,3,'2006-12-20','2007-07-27'),(3760,1481,522,'2006-04-19','2009-11-24'),(3767,806,241,'2012-08-27','2014-09-01'),(3770,1587,635,'2011-08-17','2015-01-06'),(3771,1038,111,'2005-10-27','2008-02-20'),(3775,501,764,'2011-10-06','2017-10-19'),(3776,1857,205,'2011-04-20','2013-09-13'),(3780,1768,138,'2017-10-03','2018-06-23'),(3781,2187,974,'2006-08-07','2016-10-10'),(3789,2531,480,'2014-08-14','2019-05-02'),(3792,230,723,'2009-05-08','2010-09-23'),(3795,3184,889,'2007-10-10','2019-11-08'),(3797,2529,725,'2005-08-25','2007-09-30'),(3800,3529,472,'2018-10-19','2019-11-03'),(3802,2720,495,'2006-09-04','2016-07-18'),(3804,634,755,'2005-10-23','2015-09-04'),(3807,2610,204,'2006-09-15','2013-01-10'),(3808,2171,948,'2005-10-18','2009-10-04'),(3810,963,624,'2014-12-24','2019-08-22'),(3812,2287,249,'2014-04-04','2018-04-17'),(3813,539,806,'2008-12-14','2014-04-25'),(3814,4064,522,'2012-04-19','2018-05-29'),(3815,1627,940,'2012-09-01','2019-04-14'),(3818,1375,96,'2010-09-07','2013-05-10'),(3820,1124,383,'2006-03-30','2010-08-21'),(3821,101,186,'2014-01-01','2017-07-12'),(3822,4758,117,'2009-11-27','2012-08-29'),(3825,720,89,'2015-07-19','2015-10-01'),(3826,2457,253,'2011-02-03','2011-03-16'),(3827,4155,20,'2010-07-25','2016-05-14'),(3828,4179,501,'2013-02-15','2016-11-13'),(3830,2044,60,'2011-03-05','2017-09-09'),(3835,4896,137,'2009-02-23','2010-03-03'),(3838,2186,700,'2016-07-07',NULL),(3840,2504,70,'2011-11-15','2012-06-05'),(3841,20,580,'2016-03-13','2019-04-14'),(3843,2385,679,'2013-02-10','2019-09-15'),(3847,3685,442,'2015-07-13','2015-10-11'),(3850,3244,896,'2010-12-19','2017-06-03'),(3856,3414,886,'2008-03-09','2016-05-29'),(3859,4690,617,'2014-10-27','2016-04-03'),(3861,2280,629,'2011-06-21','2012-08-02'),(3862,3947,968,'2011-03-26','2019-04-01'),(3864,4783,911,'2013-03-28','2019-07-29'),(3868,1260,283,'2013-11-24','2017-05-19'),(3869,516,337,'2014-08-03','2018-12-26'),(3872,1240,621,'2011-09-16','2014-10-31'),(3873,510,81,'2006-02-14','2008-06-07'),(3874,4321,454,'2012-11-20','2019-02-22'),(3875,1774,10,'2010-11-26','2017-06-05'),(3876,1858,952,'2010-08-23','2017-02-13'),(3877,43,830,'2011-03-23','2014-07-04'),(3879,2834,18,'2006-05-26','2009-12-23'),(3881,4136,238,'2006-07-11','2019-11-12'),(3883,3834,66,'2007-05-01','2015-07-05'),(3884,3691,779,'2013-10-11','2014-02-26'),(3885,4258,382,'2013-03-24','2013-04-09'),(3886,2961,574,'2012-09-02','2016-07-02'),(3891,4968,171,'2006-03-08','2019-04-22'),(3894,4540,802,'2006-12-17','2017-10-04'),(3896,2463,647,'2014-01-16','2015-08-01'),(3897,4668,556,'2010-02-26','2018-05-24'),(3898,1598,875,'2014-01-24','2019-01-12'),(3899,2401,746,'2010-08-17','2015-02-26'),(3901,4304,919,'2005-09-23','2019-08-15'),(3902,2935,648,'2017-05-05',NULL),(3903,4376,541,'2005-04-25','2010-11-30'),(3904,4193,995,'2009-05-14','2016-12-30'),(3905,595,826,'2006-05-25','2010-10-12'),(3907,4183,232,'2011-01-14','2012-01-03'),(3909,2380,142,'2019-02-01','2019-04-15'),(3911,4280,152,'2005-03-31','2016-04-19'),(3912,3531,218,'2013-10-31','2015-05-04'),(3913,3731,132,'2015-12-21','2019-02-28'),(3915,2266,502,'2010-06-20','2011-02-06'),(3916,463,911,'2005-07-03','2018-05-09'),(3919,3280,206,'2010-08-12','2014-09-16'),(3920,917,285,'2007-07-17','2012-02-07'),(3921,4957,8,'2005-07-04','2016-09-13'),(3924,3385,657,'2007-01-22','2017-03-26'),(3926,3691,329,'2010-01-01','2012-08-23'),(3927,984,405,'2017-10-14','2019-09-23'),(3928,3885,474,'2008-01-29','2015-09-18'),(3929,2832,205,'2007-11-05','2017-03-07'),(3942,2659,924,'2011-05-23','2018-05-07'),(3945,4751,682,'2009-11-09','2017-12-21'),(3946,2493,311,'2005-09-17','2011-03-11'),(3948,4440,909,'2011-01-10','2012-02-04'),(3949,4911,530,'2012-05-24','2014-03-23'),(3952,2191,688,'2011-07-23','2012-09-08'),(3953,1536,929,'2010-11-12','2010-11-24'),(3954,3486,270,'2007-05-27','2007-11-26'),(3955,4099,233,'2009-05-21','2019-11-27'),(3957,1183,872,'2013-01-01','2014-04-23'),(3958,2652,882,'2006-06-24','2011-02-24'),(3960,4167,481,'2006-12-25','2014-01-23'),(3962,2052,955,'2010-06-20','2014-05-28'),(3963,2484,821,'2007-03-15','2009-07-16'),(3964,606,700,'2005-01-16','2011-10-12'),(3967,699,585,'2012-01-23','2015-08-28'),(3968,2949,1,'2006-03-14','2012-11-02'),(3969,4654,573,'2011-04-24','2011-08-08'),(3973,3805,18,'2007-07-08',NULL),(3974,827,261,'2005-10-11','2014-09-20'),(3977,4375,964,'2009-12-19','2012-04-19'),(3978,202,526,'2007-06-03','2018-02-06'),(3980,4181,575,'2005-03-14','2015-05-20'),(3982,1745,201,'2007-12-19','2008-12-22'),(3983,4302,636,'2006-08-10','2011-12-26'),(3989,2474,639,'2008-01-24','2010-08-04'),(3990,2562,547,'2015-02-12',NULL),(3993,4169,723,'2018-02-06',NULL),(3994,4968,710,'2010-03-11','2017-01-21'),(3995,1427,612,'2011-04-08','2019-03-31'),(4005,4311,212,'2013-03-06','2016-02-14'),(4010,4355,108,'2010-08-24','2010-12-28'),(4015,4748,119,'2007-05-29','2013-01-30'),(4017,3398,813,'2005-10-03','2018-08-14'),(4019,4569,223,'2014-05-08','2018-02-03'),(4020,2381,996,'2007-12-26','2017-08-28'),(4021,3947,362,'2018-05-28','2019-01-30'),(4022,3431,318,'2007-01-08','2013-02-06'),(4023,2535,251,'2010-08-02','2016-09-29'),(4026,239,689,'2009-08-19','2011-01-09'),(4028,1431,865,'2007-01-11','2016-07-03'),(4029,2091,290,'2006-09-30','2018-07-16'),(4030,698,703,'2005-03-27','2008-04-11'),(4031,4691,736,'2016-03-30','2016-10-09'),(4032,2402,972,'2015-08-18','2015-10-09'),(4037,2258,118,'2006-11-05','2017-08-10'),(4038,4100,583,'2008-05-24','2012-12-23'),(4040,1875,983,'2007-12-07','2019-02-19'),(4041,103,78,'2009-03-06','2017-08-08'),(4044,857,221,'2011-04-20','2015-08-20'),(4045,1112,698,'2006-07-17','2014-02-25'),(4046,3803,446,'2016-12-10','2017-05-13'),(4047,2377,250,'2009-04-27','2016-02-25'),(4048,3439,463,'2006-12-10','2018-09-23'),(4050,4584,957,'2007-07-18','2011-01-03'),(4051,834,241,'2007-01-15','2019-01-24'),(4052,2852,112,'2011-11-18','2015-06-02'),(4054,65,256,'2009-07-21','2013-06-04'),(4055,1304,31,'2008-08-21','2014-06-14'),(4056,1700,824,'2010-10-21','2019-10-31'),(4058,4186,848,'2009-04-24','2015-06-24'),(4059,4297,827,'2008-02-17','2017-01-08'),(4060,1927,261,'2010-04-17','2014-05-22'),(4061,3274,918,'2006-09-04','2017-09-29'),(4062,4787,494,'2014-08-03','2016-08-09'),(4066,1779,449,'2011-06-18','2013-09-03'),(4069,3628,746,'2006-01-31','2008-09-19'),(4073,4886,961,'2012-03-29','2012-09-09'),(4076,4947,668,'2009-02-15','2014-07-31'),(4077,620,947,'2006-11-27','2006-12-27'),(4080,3579,474,'2007-07-10','2019-02-22'),(4085,4639,151,'2010-11-25','2014-11-14'),(4087,3262,60,'2008-09-10','2016-01-22'),(4089,3967,610,'2009-08-27','2011-12-06'),(4090,2217,216,'2011-08-30','2015-09-26'),(4091,2823,630,'2014-12-16','2019-10-10'),(4094,2420,429,'2014-03-28','2015-05-12'),(4095,3740,337,'2009-02-28','2016-04-30'),(4096,3148,69,'2014-12-10','2016-12-23'),(4097,2870,557,'2012-08-31','2015-05-29'),(4100,3077,865,'2005-11-30','2017-03-11'),(4103,2298,374,'2006-12-04','2018-06-20'),(4104,4011,840,'2015-06-14','2018-01-07'),(4108,3183,805,'2011-12-14','2014-01-15'),(4110,3143,946,'2007-01-08','2009-12-11'),(4112,529,498,'2007-09-16','2018-02-18'),(4113,631,885,'2007-12-18','2010-11-22'),(4115,3651,404,'2005-07-01','2016-01-16'),(4116,825,393,'2006-12-17','2012-01-04'),(4117,518,544,'2009-06-18','2016-07-15'),(4118,3620,790,'2008-06-25','2011-10-21'),(4121,16,88,'2017-10-18','2018-09-28'),(4123,1964,780,'2007-08-04','2009-05-05'),(4124,4334,468,'2007-02-12','2013-05-10'),(4125,4140,210,'2011-01-23','2019-12-02'),(4126,1880,195,'2013-05-09','2018-06-04'),(4127,698,196,'2013-01-23','2015-07-25'),(4131,4590,143,'2014-08-27','2017-01-20'),(4134,4738,327,'2011-03-25','2011-05-08'),(4136,781,923,'2011-05-29','2011-10-05'),(4137,313,185,'2017-05-26','2019-07-04'),(4142,4527,184,'2009-04-06','2009-12-16'),(4144,3795,288,'2009-12-17','2017-07-22'),(4149,3874,433,'2010-05-03','2016-07-25'),(4151,219,2,'2005-09-02','2018-07-22'),(4152,683,121,'2015-02-08','2018-04-13'),(4156,389,176,'2008-01-06','2016-12-24'),(4157,1883,771,'2007-07-20','2019-09-02'),(4159,4737,911,'2012-10-19',NULL),(4161,2249,894,'2012-02-07','2015-11-16'),(4167,642,738,'2018-05-28','2019-09-29'),(4169,745,746,'2006-11-21','2013-05-14'),(4171,4041,635,'2007-06-23','2018-11-29'),(4173,1425,549,'2015-05-29','2018-02-27'),(4174,2917,363,'2014-12-06','2018-02-15'),(4175,1672,995,'2005-01-06','2014-04-07'),(4176,432,518,'2005-03-10','2015-03-20'),(4177,1189,413,'2014-01-21','2017-04-16'),(4178,4499,527,'2014-02-28','2017-12-06'),(4179,3569,854,'2012-03-14','2017-10-29'),(4180,2319,286,'2010-04-07','2015-04-27'),(4181,3711,470,'2008-05-11','2017-04-30'),(4182,4721,923,'2005-03-10','2019-09-28'),(4183,4511,797,'2005-02-11','2009-08-20'),(4184,4905,554,'2008-09-24','2010-01-26'),(4187,1465,562,'2013-01-27','2016-09-06'),(4193,4752,226,'2005-03-15','2013-01-09'),(4194,1242,811,'2007-01-11','2012-05-13'),(4195,3091,54,'2010-05-12','2018-01-31'),(4196,3845,107,'2005-02-20','2017-10-05'),(4198,3555,179,'2010-12-10','2016-12-20'),(4199,4587,155,'2011-07-20','2017-08-28'),(4203,2261,572,'2019-07-26','2019-09-20'),(4206,2817,994,'2007-11-30','2011-06-11'),(4208,688,437,'2006-01-19',NULL),(4209,2916,490,'2005-10-26','2008-08-28'),(4212,2619,101,'2005-05-21','2018-01-09'),(4213,813,548,'2009-02-22','2019-06-13'),(4215,2024,397,'2014-04-08','2016-11-25'),(4217,808,113,'2005-10-14','2011-10-30'),(4219,4824,894,'2007-05-07','2009-09-21'),(4220,2539,320,'2005-02-25','2009-04-20'),(4224,4083,827,'2014-07-30','2016-06-29'),(4225,1312,924,'2008-05-08','2018-11-28'),(4226,2861,16,'2008-01-05','2018-01-27'),(4230,2454,491,'2009-09-29','2015-11-28'),(4232,1030,205,'2015-09-02','2017-08-22'),(4233,4635,752,'2006-06-27','2019-09-17'),(4234,3717,611,'2010-04-06','2018-03-05'),(4236,4677,115,'2008-04-29','2014-01-06'),(4237,1040,388,'2005-05-04','2011-09-30'),(4238,2275,474,'2006-04-11','2006-12-30'),(4239,1683,331,'2006-11-09','2019-04-25'),(4243,154,790,'2011-07-03','2017-02-17'),(4244,33,136,'2011-03-31','2019-09-28'),(4246,571,958,'2005-07-15','2016-11-05'),(4247,3580,278,'2005-03-26','2016-01-19'),(4248,4251,567,'2014-04-22','2016-05-13'),(4249,1274,636,'2005-03-08','2012-03-23'),(4251,3473,653,'2007-05-03','2016-04-17'),(4252,4960,121,'2005-03-25','2007-02-02'),(4254,2913,212,'2008-01-22','2014-12-06'),(4255,319,426,'2005-07-21','2018-01-13'),(4258,4841,446,'2005-12-08','2015-04-07'),(4259,1985,276,'2005-03-28','2015-05-19'),(4267,972,372,'2010-09-23','2012-04-04'),(4268,1156,855,'2008-12-05','2009-11-11'),(4269,2067,174,'2006-10-08','2007-04-06'),(4270,1387,116,'2006-02-27','2010-09-12'),(4271,2032,374,'2011-05-04',NULL),(4274,1618,979,'2005-04-12','2007-07-17'),(4277,797,333,'2009-08-21','2016-11-22'),(4278,2399,496,'2005-05-31','2010-02-08'),(4281,1208,26,'2016-09-17','2019-03-16'),(4282,4975,446,'2005-11-07','2018-10-11'),(4284,1253,866,'2009-08-06','2016-08-26'),(4285,1591,196,'2006-04-02','2015-04-10'),(4286,2634,766,'2013-03-23','2015-02-19'),(4287,554,241,'2007-10-16','2008-12-29'),(4288,4184,887,'2006-05-16','2015-03-07'),(4290,2465,920,'2018-06-24','2019-03-09'),(4291,2216,952,'2010-03-15','2018-12-19'),(4293,2157,7,'2008-05-27','2012-01-20'),(4295,4868,702,'2014-05-14','2019-07-23'),(4298,3380,844,'2017-04-17','2017-08-17'),(4301,2643,125,'2010-07-03','2012-12-04'),(4302,4875,598,'2008-02-06','2009-07-09'),(4303,2334,856,'2011-02-17','2014-06-15'),(4305,2582,173,'2012-03-11','2018-02-05'),(4306,3073,146,'2005-04-23','2009-04-26'),(4308,504,192,'2006-05-17','2009-03-25'),(4309,3940,326,'2011-12-11','2015-10-23'),(4310,3485,117,'2006-10-01','2009-05-28'),(4314,3525,731,'2006-03-13','2007-01-06'),(4316,4483,929,'2006-08-28','2011-02-12'),(4319,1915,834,'2011-07-23','2015-04-09'),(4321,1969,1,'2005-03-12','2019-11-25'),(4323,2120,905,'2011-03-25','2014-06-09'),(4324,2071,472,'2012-09-24','2015-09-20'),(4325,1692,250,'2016-09-30','2019-02-22'),(4326,2076,792,'2010-05-04','2017-07-26'),(4327,3910,987,'2009-06-04','2014-07-09'),(4328,1398,895,'2009-07-14','2012-08-15'),(4332,1151,642,'2006-07-31','2015-10-09'),(4333,2363,16,'2007-04-26','2019-07-05'),(4336,4068,410,'2006-02-02','2009-08-20'),(4340,3693,60,'2014-05-19','2018-11-13'),(4341,2146,488,'2010-05-29','2014-01-16'),(4343,1821,343,'2014-06-15','2014-08-25'),(4344,3350,376,'2008-08-29','2012-10-11'),(4349,2720,784,'2014-07-30','2016-02-03'),(4351,4965,154,'2018-07-30',NULL),(4352,479,398,'2008-04-16','2013-01-03'),(4354,799,739,'2008-05-16','2017-08-10'),(4356,591,278,'2009-06-01','2009-08-18'),(4359,1911,662,'2005-03-24','2007-07-08'),(4360,660,182,'2007-06-04','2007-07-21'),(4361,1047,715,'2006-05-20','2012-05-20'),(4362,3464,954,'2007-05-22','2010-04-02'),(4364,4685,804,'2013-09-23','2017-06-25'),(4365,1581,50,'2006-10-13','2012-04-21'),(4366,923,955,'2005-06-26','2016-12-22'),(4367,3809,28,'2006-02-21','2016-02-19'),(4370,3056,667,'2007-11-15','2010-03-11'),(4371,517,919,'2017-06-13','2019-09-12'),(4372,2534,185,'2005-03-28','2010-03-13'),(4373,1510,547,'2014-11-05','2018-02-11'),(4374,4710,598,'2007-01-31','2011-11-21'),(4376,3767,851,'2005-01-13','2019-02-10'),(4377,3735,560,'2009-11-10','2017-11-06'),(4379,708,691,'2013-08-01','2018-10-26'),(4380,1676,515,'2006-07-30','2006-11-02'),(4381,2101,675,'2014-01-06','2015-07-21'),(4382,4511,811,'2005-10-01','2017-12-04'),(4385,1590,682,'2014-11-14','2016-10-21'),(4387,3012,491,'2006-01-21','2010-04-10'),(4388,3978,584,'2012-03-31','2016-07-30'),(4390,2616,251,'2009-06-01','2017-08-15'),(4395,2752,8,'2015-04-01','2016-08-24'),(4397,4829,11,'2009-02-04','2017-02-20'),(4398,929,959,'2009-10-21','2011-04-04'),(4402,1722,232,'2005-10-03','2017-11-23'),(4403,668,458,'2007-06-23','2019-05-02'),(4406,1636,238,'2009-12-10','2012-04-25'),(4408,147,444,'2008-02-03','2014-08-19'),(4410,2562,210,'2016-08-09','2017-01-05'),(4411,812,992,'2007-07-10','2009-06-20'),(4418,1010,710,'2013-11-14','2019-06-06'),(4420,2799,619,'2005-08-14','2005-09-19'),(4423,2829,857,'2013-02-11','2013-12-28'),(4424,2246,951,'2006-07-05','2012-07-05'),(4431,544,245,'2006-04-19','2007-02-12'),(4432,2167,10,'2005-01-12','2012-07-15'),(4433,1218,140,'2007-07-03','2008-07-31'),(4435,3904,473,'2006-02-05','2017-10-24'),(4437,2579,333,'2007-05-14','2010-11-27'),(4438,1284,665,'2007-09-01','2019-06-25'),(4440,4534,744,'2009-01-26','2013-09-28'),(4441,3151,928,'2005-04-21','2006-03-31'),(4442,2215,403,'2005-08-14','2013-06-07'),(4443,1694,226,'2008-01-29','2017-03-20'),(4447,367,956,'2018-09-05','2019-10-19'),(4449,2439,110,'2007-09-07','2009-11-08'),(4450,2307,701,'2007-06-29','2013-05-02'),(4452,4896,82,'2005-05-09','2015-08-03'),(4453,3100,169,'2005-04-28','2007-10-31'),(4454,641,36,'2006-02-08','2010-03-23'),(4458,3739,251,'2006-04-28','2011-01-11'),(4460,857,944,'2011-02-02','2011-02-18'),(4461,441,235,'2015-09-23','2017-02-02'),(4462,359,374,'2013-04-08','2014-05-04'),(4463,110,55,'2009-04-16','2018-04-01'),(4465,3669,112,'2006-11-27','2013-07-26'),(4466,3019,542,'2012-11-03','2014-09-03'),(4467,1590,224,'2017-04-07','2017-12-25'),(4468,4793,256,'2013-01-01','2014-07-15'),(4469,3673,568,'2008-09-03','2012-12-12'),(4475,2279,492,'2007-09-03','2016-07-10'),(4476,1124,197,'2005-08-18','2007-08-03'),(4481,1493,223,'2011-01-02','2013-02-01'),(4483,2345,527,'2005-03-30','2010-07-23'),(4484,973,562,'2009-08-27','2009-10-05'),(4485,59,971,'2005-12-09','2011-09-03'),(4486,2265,23,'2007-10-05','2011-08-27'),(4487,699,611,'2011-10-12','2019-12-13'),(4490,4496,472,'2012-10-05','2013-02-24'),(4492,3515,51,'2018-03-18','2018-06-14'),(4493,1291,831,'2009-07-07','2014-01-22'),(4495,3994,585,'2013-03-10','2019-02-18'),(4496,1687,549,'2010-10-28','2013-04-17'),(4497,2064,939,'2005-04-14','2010-07-19'),(4499,4298,758,'2005-01-23','2011-04-30'),(4501,1405,781,'2007-08-03','2011-05-27'),(4502,1390,769,'2015-02-04',NULL),(4504,2678,211,'2012-03-09','2017-12-23'),(4506,3419,691,'2014-04-24','2016-03-09'),(4507,37,63,'2006-03-13','2008-06-27'),(4509,2180,289,'2009-06-06','2016-03-14'),(4512,2397,441,'2006-09-01','2010-02-17'),(4513,629,412,'2016-05-29','2016-11-06'),(4515,2823,47,'2009-10-27','2017-12-09'),(4517,4296,988,'2009-01-07','2009-01-25'),(4518,3816,837,'2010-08-04','2016-04-03'),(4521,3017,585,'2015-03-15','2018-10-23'),(4522,462,48,'2005-06-21','2013-09-20'),(4525,4294,218,'2006-05-05','2016-08-16'),(4526,3867,211,'2010-02-15','2011-04-18'),(4527,3284,995,'2006-05-23','2008-03-21'),(4531,4343,821,'2007-12-05','2009-10-28'),(4533,4404,881,'2010-01-20','2016-01-24'),(4537,4330,236,'2009-02-23','2009-05-23'),(4539,3343,14,'2013-07-09','2015-04-23'),(4541,3367,949,'2010-12-17','2014-08-23'),(4543,3120,852,'2010-10-23','2019-03-01'),(4546,1231,851,'2007-03-05','2019-08-09'),(4551,2779,754,'2005-12-19','2014-07-15'),(4553,3416,811,'2018-12-22','2019-03-25'),(4555,3642,28,'2009-05-23','2011-09-03'),(4556,54,739,'2012-01-16','2013-12-18'),(4561,2704,77,'2007-09-27','2019-02-18'),(4563,1020,652,'2007-04-18','2011-10-07'),(4564,3550,904,'2006-06-16','2011-09-04'),(4565,1543,198,'2014-07-13','2015-03-14'),(4572,2117,195,'2008-09-20','2014-03-17'),(4573,754,185,'2009-07-03','2019-05-23'),(4579,2322,183,'2007-10-19','2008-06-09'),(4588,4639,98,'2006-12-19','2010-06-05'),(4592,4333,802,'2005-03-30','2017-09-27'),(4593,3117,228,'2011-05-04','2018-07-04'),(4595,2646,638,'2009-10-09','2016-02-05'),(4596,2297,63,'2011-11-16','2013-11-21'),(4598,4313,170,'2010-08-11','2015-05-19'),(4600,3752,651,'2009-06-07',NULL),(4602,179,632,'2012-11-13','2019-04-01'),(4603,4751,301,'2013-01-16','2016-04-29'),(4604,3407,662,'2005-01-07','2010-08-24'),(4605,2079,89,'2012-03-04','2013-03-28'),(4606,3091,574,'2007-09-30','2019-05-22'),(4607,1153,208,'2009-09-09','2016-06-05'),(4614,732,1,'2016-12-14','2018-05-14'),(4615,4343,199,'2014-07-21','2014-11-29'),(4617,553,136,'2006-10-22','2012-06-06'),(4618,3090,600,'2011-11-18','2017-12-11'),(4621,2876,309,'2015-12-20','2019-10-24'),(4623,2089,641,'2008-10-05','2009-11-12'),(4624,3931,116,'2007-04-20','2013-10-24'),(4627,4182,177,'2013-12-12','2014-10-04'),(4628,865,246,'2010-04-08','2015-11-26'),(4629,272,335,'2006-11-21','2014-06-10'),(4632,2033,777,'2013-04-27',NULL),(4634,2630,567,'2017-02-27','2019-12-18'),(4635,52,489,'2009-04-13','2016-11-28'),(4638,1012,865,'2006-08-04','2016-12-20'),(4639,4921,822,'2010-01-02','2012-02-16'),(4640,2014,426,'2007-10-15','2016-11-25'),(4641,3461,271,'2011-05-14','2015-11-29'),(4642,4333,414,'2011-07-22','2019-07-03'),(4643,3575,10,'2010-05-08','2019-06-27'),(4644,784,289,'2006-10-05','2008-09-04'),(4646,1948,707,'2011-08-19','2012-10-09'),(4647,4405,817,'2017-02-12','2017-02-13'),(4649,1307,132,'2005-03-04','2018-01-20'),(4651,2564,800,'2013-09-30','2017-07-29'),(4652,1523,615,'2005-03-11','2019-07-31'),(4653,1343,392,'2012-04-30','2018-01-28'),(4655,45,175,'2014-05-17','2019-11-22'),(4656,4585,647,'2012-08-13','2014-09-01'),(4659,1671,580,'2005-11-04','2008-06-23'),(4661,1381,733,'2008-01-11','2016-06-04'),(4663,2466,554,'2008-01-15','2011-07-27'),(4668,4065,22,'2008-11-25','2011-11-23'),(4669,4044,312,'2009-09-09','2012-12-14'),(4670,1086,660,'2015-03-06','2016-12-26'),(4672,199,882,'2010-12-18','2016-05-04'),(4675,4338,729,'2007-11-29','2010-02-06'),(4676,4376,595,'2008-12-05','2013-12-12'),(4679,2977,711,'2010-08-14','2015-10-06'),(4685,1367,906,'2005-07-16','2009-03-13'),(4687,1674,308,'2015-05-08','2018-02-21'),(4688,833,205,'2007-08-28','2007-10-24'),(4695,2019,985,'2014-11-22','2014-11-24'),(4698,4625,375,'2016-12-14','2019-05-13'),(4699,2188,280,'2013-03-15','2018-11-15'),(4701,1967,225,'2009-01-05','2011-12-04'),(4702,2305,230,'2011-07-03','2015-06-08'),(4704,3502,724,'2006-06-17','2019-04-20'),(4705,3394,38,'2011-07-09','2013-07-14'),(4706,2690,10,'2011-02-18','2013-02-02'),(4708,2779,246,'2010-05-21','2011-04-19'),(4709,1427,404,'2010-07-17','2014-02-12'),(4710,2356,409,'2010-07-25','2013-12-02'),(4711,4719,870,'2015-11-11','2018-12-01'),(4716,4412,16,'2010-02-06','2014-03-26'),(4717,3887,131,'2009-01-05','2010-09-20'),(4721,328,905,'2016-06-23','2016-10-26'),(4722,332,132,'2010-10-20','2012-02-29'),(4725,976,807,'2008-02-13','2008-11-15'),(4727,3051,533,'2013-03-14','2013-10-03'),(4728,2706,988,'2008-11-09','2015-02-27'),(4729,4807,1000,'2012-09-10','2015-02-02'),(4730,452,755,'2013-09-11','2018-07-30'),(4732,2715,970,'2018-02-24','2018-05-30'),(4734,3988,859,'2006-01-24','2009-09-11'),(4735,811,486,'2013-02-20','2018-03-26'),(4737,4880,608,'2011-05-07','2012-05-24'),(4738,2741,578,'2005-07-01','2006-08-19'),(4739,40,628,'2015-06-24','2018-10-18'),(4741,2725,327,'2007-08-02','2017-04-22'),(4744,79,723,'2005-08-12','2008-02-16'),(4746,1401,797,'2006-06-30','2013-11-15'),(4747,4890,826,'2009-06-23','2016-12-09'),(4748,4992,78,'2011-02-06','2015-10-26'),(4752,4893,145,'2009-04-08','2012-10-05'),(4753,3349,525,'2006-01-21','2015-02-11'),(4754,2293,648,'2013-03-16','2018-05-30'),(4755,3043,447,'2005-08-05','2007-03-18'),(4756,3827,741,'2018-06-02','2019-06-03'),(4757,4948,360,'2013-07-22','2016-05-20'),(4761,436,878,'2009-12-17','2019-01-10'),(4762,521,767,'2006-11-19','2015-05-21'),(4763,768,919,'2009-02-23','2014-01-14'),(4764,3352,610,'2013-01-14','2013-03-07'),(4765,3516,38,'2010-02-17','2012-10-16'),(4767,1670,604,'2009-10-22','2009-11-28'),(4768,3111,975,'2008-07-31','2014-03-31'),(4769,156,357,'2011-04-23','2013-08-27'),(4771,1929,414,'2012-06-03','2014-09-26'),(4772,1381,302,'2010-08-27','2019-01-19'),(4773,3302,386,'2011-09-16','2017-07-09'),(4775,980,782,'2007-07-19','2010-05-21'),(4776,541,215,'2007-12-06','2009-03-10'),(4777,4899,216,'2012-07-28','2017-08-10'),(4778,1641,668,'2010-04-07','2010-04-15'),(4780,52,665,'2007-05-20','2008-08-07'),(4782,795,398,'2011-06-27','2014-03-03'),(4783,2677,361,'2006-04-03','2019-03-02'),(4786,3487,401,'2008-08-22','2013-04-27'),(4787,1589,159,'2006-06-05','2015-07-03'),(4789,1621,915,'2007-11-26','2014-12-30'),(4791,3379,417,'2014-08-16','2015-06-19'),(4792,2152,63,'2011-01-01','2016-04-27'),(4793,2076,966,'2016-01-09','2019-05-19'),(4797,686,977,'2009-03-28','2011-07-26'),(4800,3084,276,'2006-08-31','2008-03-25'),(4801,2562,652,'2006-10-04','2013-11-16'),(4805,1437,90,'2007-09-18','2008-04-12'),(4806,4107,617,'2011-04-29',NULL),(4807,3904,685,'2005-08-09','2012-05-02'),(4808,4552,399,'2009-01-31','2012-03-26'),(4809,3067,334,'2009-02-22',NULL),(4810,954,646,'2007-02-13','2008-10-12'),(4814,4229,757,'2005-01-12','2009-09-09'),(4820,1614,952,'2005-08-24','2009-12-26'),(4823,663,72,'2006-01-12','2006-01-21'),(4824,3756,642,'2005-01-14','2015-11-28'),(4825,1513,234,'2010-06-14','2016-11-19'),(4826,1501,397,'2006-08-25','2010-08-20'),(4829,245,383,'2010-08-22','2014-04-29'),(4831,4175,349,'2010-03-01','2019-04-13'),(4832,145,442,'2007-04-06','2013-08-26'),(4833,101,240,'2011-01-28','2015-12-17'),(4834,2382,186,'2014-07-22','2016-07-09'),(4836,4009,286,'2007-04-23','2015-08-15'),(4841,928,560,'2007-10-01','2019-09-04'),(4843,900,152,'2007-09-26','2011-09-06'),(4846,2145,812,'2016-02-05','2016-02-09'),(4847,3136,847,'2008-12-22','2009-01-16'),(4851,3110,241,'2009-01-12','2010-12-24'),(4855,110,925,'2016-12-04','2018-08-31'),(4856,2171,712,'2005-02-05','2008-11-06'),(4857,3093,514,'2005-10-02','2006-05-12'),(4858,4630,740,'2011-10-29','2012-12-21'),(4861,1779,821,'2012-03-08','2016-07-24'),(4862,1067,761,'2015-03-14','2019-05-01'),(4863,4682,565,'2013-08-08','2018-08-28'),(4864,4891,471,'2006-02-21',NULL),(4867,709,438,'2013-01-05','2018-05-01'),(4874,4071,223,'2006-05-22','2007-01-01'),(4875,3590,363,'2007-04-01','2008-02-15'),(4876,1729,270,'2007-10-05','2014-04-29'),(4879,3719,650,'2013-11-10','2018-10-04'),(4881,4670,66,'2010-07-14','2013-03-26'),(4882,2135,726,'2018-12-16','2019-10-18'),(4884,2383,377,'2006-01-03','2016-05-13'),(4887,1834,783,'2006-08-16','2018-03-14'),(4889,98,98,'2012-08-19','2013-09-13'),(4894,4830,351,'2009-06-02','2014-04-09'),(4896,3937,241,'2008-06-11','2019-10-23'),(4897,322,195,'2013-05-11','2015-01-17'),(4899,4648,454,'2016-07-21','2018-03-16'),(4904,266,326,'2012-09-08','2016-03-12'),(4905,4212,268,'2010-04-30','2010-12-22'),(4909,2248,172,'2007-11-28','2012-12-08'),(4912,2842,273,'2006-07-13','2015-08-31'),(4914,3418,381,'2016-08-16','2018-06-27'),(4915,3906,131,'2005-09-23','2010-02-20'),(4916,3555,131,'2008-06-14','2013-09-24'),(4917,2412,394,'2007-02-26','2018-04-10'),(4918,355,470,'2017-01-01','2019-07-15'),(4920,3592,832,'2012-11-26','2018-06-17'),(4922,633,122,'2008-06-10','2014-05-18'),(4923,2961,880,'2013-01-23',NULL),(4924,4667,271,'2009-03-15','2019-10-23'),(4925,3192,291,'2018-02-23',NULL),(4926,2017,981,'2006-06-22','2015-07-26'),(4927,3165,718,'2006-12-22','2010-12-27'),(4929,170,272,'2013-04-29','2018-01-04'),(4930,174,160,'2007-10-12','2016-10-20'),(4932,3547,100,'2006-06-13','2015-11-12'),(4938,2432,512,'2005-07-13','2014-02-18'),(4939,785,845,'2012-12-01','2018-12-22'),(4940,4299,613,'2017-03-23','2018-12-20'),(4941,84,728,'2013-12-13','2016-04-13'),(4942,4707,388,'2008-03-06','2010-01-21'),(4943,2703,8,'2009-03-20','2015-03-08'),(4944,2835,841,'2007-03-15','2017-05-25'),(4945,1933,190,'2019-03-26',NULL),(4947,116,525,'2007-05-16','2017-11-29'),(4951,3561,96,'2012-07-18','2013-11-15'),(4953,259,550,'2008-10-13','2017-07-24'),(4956,4850,157,'2008-01-22','2009-03-31'),(4959,2963,762,'2010-09-07','2014-09-16'),(4960,4460,497,'2012-03-18','2015-04-13'),(4961,2216,190,'2010-09-07','2014-07-24'),(4963,2288,977,'2005-01-22','2013-05-20'),(4965,142,667,'2014-05-10','2018-04-21'),(4966,537,957,'2007-01-30','2015-04-25'),(4967,444,682,'2012-10-07','2012-11-01'),(4968,4190,959,'2006-11-15','2007-11-06'),(4971,1842,74,'2019-02-15','2019-06-01'),(4972,2361,40,'2008-11-05','2016-08-12'),(4973,3670,657,'2005-04-01','2009-04-06'),(4974,4219,968,'2013-03-01','2016-07-25'),(4976,914,289,'2009-01-28',NULL),(4979,3141,368,'2013-06-26','2017-01-01'),(4981,1357,514,'2008-04-16','2018-05-14'),(4985,203,222,'2016-05-17','2018-05-29'),(4987,1265,321,'2005-04-11','2009-06-05'),(4988,2886,342,'2006-03-27','2019-01-31'),(4989,1912,380,'2007-10-19','2012-11-04'),(4990,2313,785,'2005-11-12','2017-08-21'),(4992,3757,301,'2016-08-15','2019-05-08'),(4993,498,35,'2018-05-25',NULL),(5001,2218,769,'2015-01-05','2018-02-11'),(5002,3280,226,'2016-04-07','2018-12-04'),(5003,68,276,'2009-08-28','2018-06-01'),(5006,3940,307,'2014-11-22','2016-07-31'),(5007,3565,965,'2013-07-31','2017-06-17'),(5009,4321,589,'2011-08-10','2012-10-20'),(5011,1915,446,'2009-06-19','2017-03-02'),(5013,161,934,'2007-01-22','2014-03-17'),(5014,1642,489,'2006-10-10','2019-10-21'),(5015,2526,681,'2008-05-20','2015-01-07'),(5017,2334,554,'2007-09-16','2018-04-08'),(5018,3523,28,'2007-06-14','2017-01-04'),(5019,4453,56,'2011-08-11','2014-08-15'),(5021,119,30,'2008-05-10','2012-10-30'),(5030,57,73,'2012-01-17','2016-01-26'),(5032,406,512,'2011-01-18','2014-03-22'),(5036,3636,703,'2005-07-26','2006-05-25'),(5038,3868,604,'2009-02-25','2019-02-13'),(5039,3347,618,'2006-03-17','2010-10-01'),(5042,793,524,'2005-01-28','2018-08-22'),(5043,1537,214,'2010-12-08','2014-06-17'),(5046,2284,932,'2011-08-01','2016-06-11'),(5048,4547,990,'2010-02-01','2016-06-12'),(5050,1769,850,'2012-04-23','2016-05-18'),(5055,2050,712,'2009-09-08','2018-02-23'),(5056,2567,252,'2010-10-13','2012-01-19'),(5058,381,399,'2010-04-04','2019-01-09'),(5059,2534,421,'2011-05-27','2013-10-27'),(5060,1678,104,'2013-01-27','2018-09-30'),(5063,428,462,'2011-12-30','2013-07-20'),(5064,519,606,'2005-11-24','2018-05-06'),(5065,1022,446,'2005-06-23','2011-07-26'),(5066,4287,410,'2008-12-16','2011-05-11'),(5068,1420,844,'2015-01-09','2018-09-18'),(5069,132,701,'2008-11-29','2015-05-08'),(5073,2892,210,'2013-08-11','2016-11-15'),(5076,3378,150,'2009-11-01','2018-04-11'),(5080,2699,43,'2008-08-14','2010-01-26'),(5082,2831,980,'2012-11-15','2015-09-17'),(5083,186,517,'2009-01-07','2014-09-15'),(5085,2664,708,'2012-09-25','2018-01-29'),(5086,914,146,'2015-07-18',NULL),(5087,4237,649,'2007-12-02','2016-08-10'),(5088,1226,751,'2011-01-09','2017-02-05'),(5091,620,428,'2005-10-10','2009-11-10'),(5092,4420,224,'2011-03-19','2019-06-26'),(5093,2694,446,'2013-09-29','2014-09-13'),(5094,3478,152,'2007-08-15','2016-11-22'),(5095,2882,859,'2009-05-11','2018-08-13'),(5096,42,984,'2007-04-23','2008-11-16'),(5097,1124,638,'2005-08-13','2019-06-27'),(5098,2364,11,'2009-07-15','2011-08-20'),(5099,3192,867,'2005-07-23','2008-10-07'),(5100,4004,383,'2016-02-15','2016-03-04'),(5101,1878,928,'2007-07-01','2018-09-18'),(5102,3575,46,'2009-05-04','2016-04-29'),(5104,4760,655,'2006-08-28','2014-06-02'),(5105,2686,432,'2009-11-03',NULL),(5106,447,829,'2009-12-26','2016-12-22'),(5109,3511,822,'2008-12-10','2009-11-06'),(5113,2064,183,'2005-03-12','2014-02-22'),(5114,4040,833,'2015-09-27','2019-04-20'),(5115,4591,660,'2009-09-04','2017-12-19'),(5117,3119,793,'2007-03-23','2009-06-20'),(5120,1072,461,'2009-11-09','2018-12-20'),(5122,1860,432,'2014-06-01','2019-02-14'),(5123,1758,90,'2012-02-05','2013-03-14'),(5125,337,878,'2013-04-15','2015-12-02'),(5126,4196,303,'2008-12-13','2017-01-29'),(5127,1742,25,'2013-01-11','2018-08-04'),(5128,1949,107,'2013-11-17','2019-03-05'),(5134,1627,581,'2008-05-25',NULL),(5137,2662,876,'2011-12-16','2014-06-20'),(5138,3098,732,'2010-04-13','2014-01-29'),(5139,3906,894,'2009-03-12','2010-03-27'),(5142,1155,25,'2007-08-02','2013-12-17'),(5143,1052,526,'2007-02-01','2019-06-12'),(5146,387,588,'2013-01-20','2016-12-20'),(5147,4039,987,'2017-04-17','2018-12-24'),(5148,2919,849,'2014-10-20','2017-06-29'),(5149,3994,428,'2011-09-20','2017-06-09'),(5151,2674,816,'2007-04-18','2012-08-10'),(5154,4709,498,'2016-02-07','2018-10-24'),(5155,2116,510,'2005-03-25','2010-03-22'),(5156,1558,649,'2011-07-13','2019-10-05'),(5158,348,363,'2006-03-02','2006-09-08'),(5160,272,189,'2007-03-02','2016-02-10'),(5165,4360,86,'2009-05-04','2016-12-03'),(5166,597,368,'2006-12-06','2010-01-15'),(5167,2428,235,'2013-08-17','2013-09-19'),(5169,1366,83,'2005-07-17','2008-12-01'),(5171,1263,70,'2009-11-16','2017-10-03'),(5173,212,664,'2009-07-27','2019-03-18'),(5179,2091,431,'2008-01-25','2017-09-03'),(5180,3762,499,'2008-05-17','2009-12-19'),(5181,389,750,'2008-12-22',NULL),(5183,931,386,'2009-04-29','2017-03-18'),(5185,3541,609,'2007-05-06','2011-03-02'),(5186,1625,184,'2007-05-10','2010-09-02'),(5190,1077,98,'2007-09-26','2011-09-14'),(5191,955,962,'2007-05-04','2012-04-22'),(5194,4433,313,'2009-01-08','2012-03-05'),(5196,3097,136,'2012-06-14','2013-06-02'),(5197,4441,748,'2018-12-25','2019-12-08'),(5205,1333,29,'2017-08-05','2017-09-27'),(5206,2319,69,'2011-04-14','2015-02-15'),(5207,2259,49,'2005-02-26','2008-07-02'),(5210,1043,129,'2007-09-15','2013-08-01'),(5211,3618,903,'2018-10-08','2019-08-04'),(5212,3463,215,'2008-10-24','2017-02-25'),(5216,4116,619,'2005-04-28','2016-07-25'),(5217,1382,908,'2011-08-09','2019-10-27'),(5219,516,885,'2005-06-27','2015-11-27'),(5220,2420,708,'2015-04-15','2015-06-07'),(5221,267,561,'2014-04-22','2017-08-22'),(5223,4937,477,'2018-02-11','2019-11-03'),(5225,1875,108,'2007-11-14','2013-02-04'),(5226,2007,484,'2007-10-16','2019-04-13'),(5229,374,215,'2007-02-19','2014-11-25'),(5230,3686,977,'2007-12-15','2013-05-21'),(5231,1153,322,'2005-10-30','2015-09-07'),(5234,1676,994,'2006-03-15','2015-10-15'),(5235,2093,79,'2005-12-21','2013-02-01'),(5240,4871,564,'2009-09-07','2016-03-09'),(5242,3097,727,'2018-06-18','2019-02-18'),(5246,4845,696,'2009-05-06','2016-10-05'),(5247,4091,943,'2010-01-08','2016-12-17'),(5251,1067,916,'2010-02-12',NULL),(5254,1492,135,'2006-01-07','2009-12-06'),(5255,4572,443,'2007-02-07','2015-10-07'),(5256,1176,176,'2006-08-24','2010-06-16'),(5257,2196,850,'2014-07-23','2018-09-29'),(5259,2703,698,'2018-09-16',NULL),(5262,414,742,'2013-10-16','2018-11-08'),(5264,2996,429,'2007-08-25',NULL),(5272,1016,46,'2008-02-19','2012-08-19'),(5273,2193,204,'2006-06-20','2015-12-07'),(5274,3529,923,'2005-09-15','2013-06-21'),(5276,4207,983,'2007-03-27','2009-09-04'),(5278,4172,751,'2008-02-01','2016-09-05'),(5281,2816,98,'2017-09-25','2018-08-22'),(5282,2637,598,'2007-03-09','2017-12-10'),(5283,1039,980,'2009-08-01','2015-03-06'),(5284,3461,232,'2011-07-23','2014-05-16'),(5285,4219,61,'2007-08-31','2012-09-04'),(5293,2053,380,'2014-06-09','2017-03-02'),(5295,64,856,'2006-05-18','2018-02-18'),(5296,2617,448,'2005-05-22','2017-08-03'),(5297,3077,190,'2009-05-05','2018-09-18'),(5298,59,141,'2015-07-02','2018-11-04'),(5299,4224,262,'2005-11-12','2018-04-15'),(5301,348,568,'2009-09-26','2009-11-01'),(5302,551,477,'2008-10-16','2012-06-09'),(5303,848,105,'2006-03-20','2013-04-10'),(5304,4608,519,'2006-09-18','2016-10-25'),(5305,724,625,'2007-01-19','2018-07-24'),(5306,3499,344,'2005-08-14','2008-01-06'),(5307,4746,912,'2014-01-31','2019-06-14'),(5308,875,62,'2009-08-04','2009-10-30'),(5309,4414,36,'2009-05-31','2014-04-25'),(5312,3834,957,'2009-01-27','2016-02-15'),(5313,1537,308,'2005-03-27','2014-05-22'),(5318,3326,255,'2006-06-27','2018-05-27'),(5320,64,210,'2009-01-13','2013-09-27'),(5323,609,910,'2011-02-14','2014-06-18'),(5324,1418,403,'2010-06-23',NULL),(5327,2745,351,'2011-03-29','2018-08-05'),(5330,924,954,'2007-05-30','2010-03-01'),(5332,3457,814,'2010-02-02','2010-06-17'),(5333,1893,143,'2014-12-28','2016-07-13'),(5336,1769,921,'2006-09-08','2016-06-26'),(5340,773,214,'2005-02-17','2016-06-02'),(5341,3625,824,'2015-05-02','2019-02-27'),(5342,3225,459,'2006-06-19','2009-08-12'),(5348,3016,226,'2007-06-29','2012-10-02'),(5349,3180,553,'2007-11-08','2018-10-12'),(5350,3444,892,'2012-02-20','2016-04-16'),(5351,1361,700,'2008-12-01','2016-01-30'),(5352,1737,657,'2006-05-31','2019-05-02'),(5353,2327,232,'2015-09-11','2017-07-21'),(5354,4637,585,'2008-06-25','2016-08-22'),(5355,2868,717,'2009-10-22','2011-07-15'),(5357,1196,917,'2015-02-14','2015-09-28'),(5361,1466,181,'2005-01-05','2014-05-12'),(5362,3487,585,'2016-12-24','2019-11-03'),(5364,1347,537,'2014-11-18','2014-12-01'),(5365,1689,871,'2015-05-30','2016-09-04'),(5366,436,657,'2019-06-16',NULL),(5367,1606,46,'2013-09-11','2017-09-18'),(5376,3171,740,'2005-05-23','2013-02-05'),(5377,594,233,'2007-02-17','2017-07-21'),(5379,3011,340,'2005-08-04','2017-08-24'),(5385,1129,296,'2018-02-19',NULL),(5386,966,367,'2012-08-12','2014-05-29'),(5387,2964,526,'2010-10-01','2014-03-14'),(5390,463,557,'2011-12-25','2018-10-07'),(5391,4830,159,'2005-08-28','2009-12-27'),(5392,1847,705,'2009-08-23','2014-08-24'),(5393,3228,786,'2012-02-16','2018-01-08'),(5395,2060,662,'2013-03-28','2019-02-14'),(5396,2877,605,'2018-03-22','2019-08-25'),(5398,1514,992,'2011-12-26','2016-09-15'),(5403,2746,144,'2009-09-13','2016-12-03'),(5405,3951,335,'2005-11-02','2019-01-16'),(5407,1787,249,'2007-06-19','2009-04-28'),(5408,3219,901,'2005-05-03','2009-10-24'),(5409,1541,359,'2008-04-19','2012-03-15'),(5411,3681,320,'2013-10-21','2019-07-31'),(5413,2059,615,'2008-10-14','2014-10-25'),(5416,2313,511,'2009-10-06','2014-03-08'),(5418,1698,409,'2019-02-05','2019-08-18'),(5420,2748,193,'2007-02-17','2013-09-19'),(5422,1983,498,'2014-05-16','2018-07-11'),(5423,718,133,'2017-05-06','2018-01-05'),(5426,984,874,'2007-08-03','2010-01-21'),(5433,987,395,'2016-03-05','2016-06-08'),(5436,4357,474,'2015-07-28','2017-07-07'),(5438,1891,183,'2015-08-10','2019-07-08'),(5439,3574,98,'2010-06-22','2018-03-16'),(5441,4247,766,'2009-04-20','2018-03-12'),(5442,2195,907,'2015-04-28','2017-07-23'),(5443,896,482,'2010-11-04','2011-08-19'),(5447,4891,906,'2007-02-26','2009-02-03'),(5450,3865,226,'2006-03-11','2010-05-26'),(5453,4476,456,'2014-08-21','2014-10-15'),(5454,1063,27,'2007-06-23','2018-11-24'),(5455,1105,846,'2013-12-01','2015-03-18'),(5456,1575,272,'2011-11-12','2016-04-16'),(5459,1587,511,'2014-02-06','2014-03-31'),(5460,3108,552,'2008-11-02','2013-04-08'),(5461,1378,254,'2015-01-02',NULL),(5466,3901,221,'2005-01-03','2008-11-25'),(5468,617,178,'2015-04-07','2019-11-14'),(5470,3368,925,'2007-08-04','2019-10-29'),(5473,2432,939,'2008-06-25','2010-05-23'),(5474,4069,700,'2006-10-27','2008-07-14'),(5475,2587,559,'2005-07-04','2015-03-20'),(5476,3517,590,'2009-09-15','2018-07-27'),(5478,1885,462,'2005-11-09','2007-07-19'),(5483,586,596,'2005-07-13','2018-10-17'),(5485,666,806,'2007-06-07','2008-01-17'),(5486,3575,874,'2015-11-23','2017-09-27'),(5487,178,751,'2008-08-23','2010-03-28'),(5488,2839,682,'2018-01-14','2019-01-15'),(5489,1390,559,'2010-03-24','2013-07-04'),(5494,4336,237,'2017-10-29','2019-03-13'),(5498,1366,463,'2006-10-21','2011-10-08'),(5504,2591,333,'2015-03-27','2019-08-10'),(5505,1494,204,'2007-12-27','2016-01-03'),(5506,1077,859,'2006-02-23','2011-02-27'),(5507,4782,424,'2008-05-06','2013-03-19'),(5510,605,799,'2009-09-17','2017-04-14'),(5512,3455,44,'2010-12-08','2014-06-14'),(5514,934,247,'2010-12-08','2015-03-14'),(5519,930,880,'2005-07-27','2018-06-06'),(5521,930,393,'2009-08-07','2018-02-07'),(5522,1679,54,'2010-08-27','2015-04-20'),(5523,1276,505,'2006-11-26','2009-02-18'),(5524,2532,107,'2006-06-20','2012-02-28'),(5527,815,886,'2006-07-28','2008-06-19'),(5529,4897,532,'2016-03-16','2017-09-11'),(5530,1056,323,'2013-11-30',NULL),(5531,1811,118,'2013-08-15','2018-10-04'),(5533,1786,309,'2005-03-29','2005-10-16'),(5534,3789,287,'2014-02-19','2019-09-16'),(5535,2330,7,'2007-10-07','2013-12-17'),(5538,4246,354,'2008-12-15','2016-03-27'),(5541,4557,641,'2012-05-04',NULL),(5545,2939,522,'2014-12-09','2017-09-01'),(5546,718,146,'2010-04-27','2011-02-19'),(5547,3253,79,'2008-06-26','2012-09-09'),(5548,2494,571,'2008-10-22',NULL),(5549,4278,587,'2007-12-11','2012-02-18'),(5550,1225,869,'2008-07-17','2014-12-24'),(5551,4229,866,'2008-08-17','2012-12-30'),(5552,931,322,'2005-05-12','2012-06-08'),(5558,2784,500,'2008-02-03','2012-08-12'),(5559,3728,119,'2007-01-11','2015-05-26'),(5563,26,868,'2008-04-29','2016-11-16'),(5567,665,713,'2012-04-22','2014-02-18'),(5570,857,614,'2007-12-22','2010-02-07'),(5571,4043,652,'2012-02-01','2014-10-24'),(5572,2419,773,'2010-06-05','2019-10-17'),(5573,3361,164,'2007-11-05','2011-01-27'),(5574,44,747,'2009-01-02','2012-07-18'),(5577,24,304,'2006-01-20','2018-04-11'),(5578,40,84,'2006-09-28','2018-12-26'),(5579,3343,769,'2009-04-05','2019-07-15'),(5580,3587,548,'2016-02-01','2017-12-24'),(5582,516,286,'2015-12-29','2019-01-25'),(5587,3725,681,'2011-10-18','2016-08-21'),(5589,1395,111,'2016-01-09','2018-06-07'),(5591,634,913,'2010-09-18','2017-09-04'),(5592,1065,625,'2007-06-04','2016-02-04'),(5595,1930,827,'2013-12-17','2016-11-04'),(5605,333,306,'2009-10-26','2017-10-06'),(5608,4152,188,'2014-04-18',NULL),(5609,1504,715,'2011-04-06','2017-02-14'),(5611,1905,359,'2012-06-05','2016-02-12'),(5612,2376,512,'2010-08-15','2018-11-25'),(5613,2952,998,'2008-07-17','2014-12-19'),(5614,2684,298,'2011-01-03','2018-03-01'),(5616,2098,185,'2014-10-08','2019-02-16'),(5617,2401,983,'2005-12-11','2017-11-01'),(5618,422,84,'2009-01-09','2009-12-02'),(5619,1351,270,'2006-05-26','2010-10-19'),(5620,4674,399,'2008-04-22','2019-03-27'),(5621,1468,379,'2006-12-11','2014-11-15'),(5622,1444,417,'2009-10-25','2010-03-02'),(5625,2190,117,'2005-12-25','2012-07-08'),(5629,4954,388,'2006-02-09','2014-08-23'),(5630,2936,979,'2006-03-17','2016-03-25'),(5631,2530,998,'2006-12-04','2010-07-27'),(5633,2595,285,'2005-03-19','2016-06-18'),(5636,4995,630,'2010-05-07','2010-10-21'),(5638,2398,607,'2006-02-07','2019-11-26'),(5639,312,53,'2008-01-31','2009-08-05'),(5640,2936,642,'2007-06-05','2009-04-10'),(5641,4542,156,'2015-07-11','2017-12-22'),(5643,348,196,'2006-05-22','2014-03-30'),(5648,3,283,'2012-11-06','2019-06-29'),(5649,4326,975,'2006-07-05','2013-11-11'),(5650,335,54,'2005-06-22',NULL),(5651,304,247,'2007-10-30','2018-11-03'),(5654,4938,585,'2005-08-30','2019-11-25'),(5655,90,387,'2009-06-23','2011-10-30'),(5656,646,36,'2008-08-07','2015-02-06'),(5657,3667,745,'2005-07-09','2012-04-18'),(5659,4444,667,'2005-02-26','2019-06-22'),(5660,2977,349,'2006-05-24','2018-03-26'),(5665,2030,936,'2014-11-17','2016-08-23'),(5666,1782,716,'2016-01-15','2018-07-28'),(5667,1065,311,'2008-06-04','2014-01-25'),(5670,3619,784,'2019-03-25','2019-05-15'),(5671,669,321,'2005-12-05','2017-06-08'),(5674,538,379,'2006-07-19','2014-01-31'),(5675,968,887,'2006-12-03','2014-08-04'),(5678,4014,419,'2013-04-02','2016-03-18'),(5680,4401,299,'2005-10-31','2014-09-26'),(5682,3209,876,'2015-06-01','2017-12-26'),(5683,3169,605,'2010-03-04','2019-01-13'),(5685,4123,870,'2006-06-25','2007-10-29'),(5690,2063,415,'2005-12-19','2016-03-29'),(5692,2367,42,'2005-06-24','2019-06-28'),(5695,1094,791,'2007-01-13','2012-01-10'),(5698,1444,137,'2018-12-19','2019-08-14'),(5700,3881,401,'2010-04-22','2011-09-04'),(5701,2911,183,'2015-09-13','2017-04-20'),(5702,1647,4,'2011-05-13','2012-02-21'),(5703,4667,888,'2010-03-14','2015-10-17'),(5708,2573,250,'2010-12-29','2011-08-02'),(5714,238,747,'2008-02-13','2014-01-09'),(5715,3575,337,'2015-09-18','2017-12-15'),(5719,3493,56,'2011-11-18','2018-12-15'),(5722,3403,94,'2005-12-10','2017-10-01'),(5725,4444,114,'2011-03-04','2011-07-08'),(5727,3189,581,'2013-04-27','2015-11-30'),(5731,3086,877,'2015-03-24','2018-07-04'),(5732,1784,877,'2017-07-24',NULL),(5733,1064,123,'2007-08-11',NULL),(5734,140,349,'2010-05-11','2010-12-19'),(5735,1725,394,'2010-04-12','2019-05-19'),(5736,209,323,'2012-02-06','2016-01-19'),(5739,746,373,'2006-03-03','2010-12-13'),(5740,3869,668,'2014-03-12','2018-08-28'),(5741,2002,510,'2007-01-26','2017-04-06'),(5742,3343,26,'2007-02-26','2008-12-23'),(5751,326,751,'2016-04-19','2019-10-13'),(5754,3763,300,'2016-04-11','2017-04-24'),(5755,4929,412,'2014-05-12','2016-07-21'),(5756,4760,821,'2009-04-08','2012-01-14'),(5759,3465,98,'2006-07-04','2018-01-25'),(5760,2170,127,'2012-03-29','2015-12-08'),(5761,3209,29,'2009-03-01','2014-06-26'),(5766,2247,548,'2014-08-21','2017-11-25'),(5767,205,243,'2010-03-23','2018-07-05'),(5770,2532,864,'2006-06-22','2013-05-01'),(5771,1355,75,'2011-06-13','2018-01-19'),(5772,185,453,'2011-10-11','2017-01-24'),(5776,4479,10,'2008-01-27','2018-07-04'),(5777,2997,553,'2017-07-04','2017-10-03'),(5778,3605,304,'2006-02-20','2008-08-09'),(5780,1756,242,'2017-04-01','2017-06-29'),(5781,4884,429,'2009-09-01','2017-08-13'),(5784,4709,547,'2014-06-23','2017-08-10'),(5786,2739,875,'2009-11-19','2018-07-26'),(5788,1900,527,'2007-10-08','2008-09-15'),(5791,1572,917,'2007-04-20','2009-05-21'),(5792,3899,453,'2015-07-08','2016-12-05'),(5793,2545,375,'2007-01-21','2014-08-13'),(5795,1067,89,'2005-11-27','2007-07-14'),(5796,2490,491,'2007-01-27',NULL),(5800,1940,580,'2011-02-06','2019-07-03'),(5801,3117,727,'2015-02-25',NULL),(5802,1852,203,'2007-10-25','2011-04-10'),(5804,257,122,'2014-12-17',NULL),(5809,2128,174,'2007-08-01','2011-10-16'),(5810,326,859,'2018-04-19','2019-04-02'),(5811,3772,635,'2015-12-28','2019-09-23'),(5814,2251,888,'2011-07-29','2015-06-04'),(5817,4101,131,'2007-04-13','2007-07-15'),(5819,762,290,'2013-09-17','2016-06-26'),(5826,1261,790,'2005-05-30','2010-09-11'),(5827,3212,962,'2006-10-20','2013-09-30'),(5829,3436,796,'2005-09-18','2019-09-07'),(5830,154,461,'2006-06-14','2019-10-10'),(5831,488,192,'2016-10-02','2018-12-04'),(5833,2067,852,'2017-07-08','2018-09-10'),(5836,4817,943,'2008-07-03','2014-05-15'),(5838,558,933,'2016-11-03','2019-05-06'),(5840,1045,758,'2011-01-09','2016-07-20'),(5845,841,983,'2006-03-01','2013-06-22'),(5846,2914,138,'2008-03-03',NULL),(5852,4391,721,'2012-01-25','2018-08-08'),(5853,4305,355,'2011-10-19','2018-10-25'),(5856,3106,664,'2007-02-06','2012-05-28'),(5857,3699,170,'2012-09-24','2017-12-25'),(5858,826,610,'2018-04-07','2019-03-09'),(5863,4935,242,'2017-06-21','2019-08-29'),(5865,3577,953,'2008-01-01','2015-02-19'),(5867,2796,95,'2016-04-07','2017-01-21'),(5868,344,957,'2017-05-19','2017-11-12'),(5869,1849,914,'2009-07-27','2010-07-21'),(5872,4324,211,'2015-05-13','2018-04-30'),(5873,4288,199,'2012-02-05','2012-09-22'),(5877,3703,467,'2014-10-31','2015-07-13'),(5878,1513,470,'2010-07-18','2012-06-20'),(5880,2812,89,'2006-06-27','2015-01-16'),(5882,2100,168,'2006-05-14','2016-06-23'),(5884,1855,396,'2008-03-30','2011-04-22'),(5886,333,681,'2006-02-03','2014-12-14'),(5888,67,116,'2010-07-29','2017-05-26'),(5889,1509,728,'2006-01-19','2018-08-18'),(5891,644,696,'2008-02-23','2008-03-28'),(5892,2383,540,'2008-01-26','2012-07-12'),(5893,666,688,'2008-07-18','2012-07-06'),(5894,2471,867,'2010-02-06','2019-10-28'),(5895,4380,331,'2010-05-25','2017-07-08'),(5900,755,758,'2016-02-24','2019-11-02'),(5901,846,132,'2016-10-08','2018-10-19'),(5902,3155,764,'2011-05-01','2013-06-14'),(5904,1038,991,'2007-12-31','2015-11-08'),(5906,713,664,'2012-02-01','2012-06-05'),(5907,4367,492,'2008-12-24','2014-07-31'),(5908,1955,712,'2005-08-26','2019-03-26'),(5909,498,818,'2015-01-14','2018-07-21'),(5910,566,596,'2005-09-06','2009-05-18'),(5914,1082,26,'2008-01-29','2010-05-09'),(5916,583,905,'2007-01-24','2019-04-11'),(5919,3006,179,'2010-08-17','2013-09-16'),(5921,1824,41,'2005-05-28','2010-02-26'),(5922,4736,110,'2015-06-25','2019-06-25'),(5925,2639,957,'2005-06-15','2010-06-30'),(5926,4702,739,'2005-01-04','2011-07-31'),(5927,4793,931,'2007-04-15','2013-04-02'),(5928,2406,163,'2006-06-06','2011-09-20'),(5929,3966,121,'2005-09-05','2017-02-20'),(5930,4170,339,'2009-01-21','2010-06-11'),(5931,2893,661,'2007-03-20','2008-01-10'),(5933,1818,493,'2018-07-16','2019-03-19'),(5937,3239,685,'2007-10-16','2016-10-05'),(5939,653,815,'2011-06-23','2017-07-28'),(5940,2602,307,'2007-11-23','2016-04-30'),(5942,2673,599,'2012-11-05','2019-10-31'),(5945,250,491,'2011-07-28','2017-07-05'),(5946,2614,303,'2014-06-16','2018-04-15'),(5947,3519,207,'2012-12-03','2014-09-28'),(5950,1686,890,'2019-08-22','2019-12-01'),(5952,294,116,'2006-12-29','2009-01-08'),(5955,1639,504,'2012-01-27','2017-09-26'),(5956,9,332,'2016-03-12','2016-11-19'),(5958,2917,940,'2007-06-15','2011-09-08'),(5960,3041,753,'2005-08-27','2017-02-26'),(5961,4019,292,'2019-05-06',NULL),(5962,3164,832,'2011-12-31','2018-10-17'),(5964,464,263,'2013-02-23',NULL),(5967,1617,284,'2009-03-14','2011-02-16'),(5969,1052,876,'2008-03-09','2010-01-10'),(5972,406,568,'2013-12-20','2014-08-05'),(5973,3726,530,'2006-03-11','2008-06-29'),(5975,217,109,'2005-03-25','2015-06-04'),(5977,66,297,'2011-11-07','2016-10-28'),(5978,2779,184,'2006-03-07','2009-12-11'),(5979,1968,96,'2007-11-20','2015-09-11'),(5980,4033,567,'2006-12-27','2007-03-25'),(5982,984,115,'2009-06-29','2012-06-27'),(5985,117,707,'2014-01-24','2014-07-08'),(5986,2495,736,'2015-01-14','2018-05-21'),(5987,1879,35,'2009-06-20','2019-09-26'),(5989,62,727,'2008-09-01','2018-08-27'),(5991,4256,976,'2005-09-09','2013-09-28'),(5993,4073,541,'2012-04-03','2018-08-24'),(5994,3026,333,'2010-11-01','2017-07-23'),(5995,4442,334,'2009-03-01','2011-11-26'),(5997,4813,988,'2017-03-15','2018-04-20'),(5999,3285,720,'2006-06-21','2008-09-14'),(6000,128,867,'2017-05-20',NULL),(6001,3571,127,'2012-10-18','2016-04-10'),(6004,2392,502,'2009-05-06','2012-12-05'),(6005,1027,814,'2013-06-23','2013-08-29'),(6006,2195,438,'2008-01-20','2014-11-25'),(6008,47,884,'2009-12-18','2010-01-26'),(6012,4604,472,'2016-06-02','2017-10-31'),(6014,2958,822,'2010-07-07','2014-03-06'),(6016,3758,76,'2008-11-01','2014-12-21'),(6017,4250,290,'2017-03-12','2018-07-19'),(6018,1403,657,'2015-04-20','2015-06-20'),(6019,3989,655,'2013-03-15','2015-03-27'),(6021,1672,332,'2009-11-24','2015-02-16'),(6022,4967,407,'2005-07-01',NULL),(6024,600,586,'2005-07-25','2010-10-07'),(6025,4996,133,'2013-04-15','2016-08-29'),(6027,416,466,'2005-08-31','2014-06-25'),(6031,2845,894,'2014-08-06','2019-09-30'),(6034,4508,571,'2011-06-03','2012-07-02'),(6037,4683,179,'2006-07-13','2019-07-22'),(6038,3795,504,'2009-05-20','2010-06-07'),(6039,1936,742,'2007-09-18',NULL),(6040,2794,4,'2017-08-06','2019-10-16'),(6043,3704,132,'2017-03-18','2017-10-02'),(6044,3761,9,'2013-08-29','2016-06-12'),(6045,2028,198,'2007-01-04','2007-05-20'),(6052,1338,864,'2006-08-21','2006-09-23'),(6053,2606,752,'2005-07-08','2012-02-25'),(6054,4151,831,'2007-04-15','2011-07-23'),(6055,2144,852,'2008-03-26','2013-06-01'),(6057,688,133,'2012-03-15','2014-05-17'),(6058,3530,386,'2009-01-30','2017-10-22'),(6060,317,599,'2008-05-27','2019-02-06'),(6062,4387,984,'2005-03-01','2014-09-22'),(6063,4968,504,'2011-08-27','2014-08-22'),(6065,3879,749,'2008-07-14','2013-04-12'),(6070,4912,460,'2011-12-07','2013-08-04'),(6072,1361,772,'2008-11-24','2009-12-16'),(6073,1515,392,'2007-10-06','2015-07-10'),(6075,4312,271,'2006-02-05','2008-09-03'),(6076,3557,162,'2008-02-01','2019-03-10'),(6078,979,597,'2007-01-19','2010-11-09'),(6080,769,464,'2011-12-13','2018-06-25'),(6081,2592,542,'2006-02-04','2015-01-11'),(6084,4598,926,'2009-01-06','2018-03-17'),(6088,149,166,'2012-07-28','2017-02-04'),(6089,4560,305,'2009-04-17','2014-02-14'),(6098,1775,99,'2008-11-23','2015-12-18'),(6099,3024,56,'2012-06-22','2018-12-29'),(6100,3171,361,'2010-09-26','2011-12-07'),(6101,1366,408,'2016-09-28','2019-08-21'),(6102,3170,828,'2006-06-21','2008-06-27'),(6103,3375,299,'2013-04-16','2018-07-28'),(6104,40,207,'2009-10-10','2018-01-27'),(6106,424,230,'2007-05-10','2007-12-15'),(6110,179,50,'2015-08-23','2018-09-19'),(6111,2222,284,'2006-01-01','2006-10-15'),(6112,1580,429,'2015-05-10','2019-01-30'),(6115,319,385,'2007-03-30','2015-01-23'),(6118,1942,608,'2009-12-26','2013-08-13'),(6119,3141,626,'2016-05-25','2019-08-31'),(6120,4521,532,'2012-04-28','2019-06-11'),(6121,281,449,'2013-02-10','2016-06-23'),(6125,3696,698,'2007-04-17','2015-06-26'),(6126,3922,306,'2012-01-22','2019-04-02'),(6127,2160,884,'2007-12-24','2010-01-24'),(6129,4713,739,'2010-05-14','2019-05-06'),(6130,491,521,'2008-04-12','2010-06-07'),(6133,3140,990,'2010-10-29','2016-12-02'),(6134,4325,411,'2007-11-14','2015-08-12'),(6135,4687,981,'2009-11-02','2012-06-13'),(6137,4924,604,'2012-08-05','2019-10-14'),(6138,354,794,'2012-03-05','2013-04-18'),(6149,327,613,'2007-02-17','2018-09-14'),(6150,4755,234,'2017-08-28','2019-11-07'),(6151,3823,48,'2005-12-04','2014-07-30'),(6152,1584,209,'2005-02-06','2018-02-07'),(6154,1742,15,'2007-08-22','2015-12-17'),(6155,4868,305,'2006-01-31','2006-12-13'),(6156,1259,461,'2005-09-19','2016-01-12'),(6157,838,66,'2016-12-18','2017-11-25'),(6158,1202,648,'2008-07-25','2013-08-21'),(6160,1723,676,'2012-06-13','2015-01-20'),(6163,2811,816,'2007-01-06','2017-10-20'),(6165,2142,92,'2008-10-15','2018-02-11'),(6166,1757,593,'2005-05-17','2010-09-15'),(6169,1482,251,'2016-12-23','2017-12-04'),(6171,334,816,'2006-12-12','2019-07-06'),(6172,4846,367,'2018-10-10','2019-08-01'),(6176,631,719,'2005-11-12','2006-03-07'),(6177,1006,200,'2005-02-01','2018-10-07'),(6180,2929,770,'2015-01-15','2015-02-01'),(6183,1471,90,'2011-08-30','2019-07-12'),(6184,208,649,'2010-11-05','2012-08-17'),(6185,1642,320,'2007-10-08','2009-02-17'),(6186,4550,401,'2011-12-22','2016-02-27'),(6188,2886,819,'2012-07-09','2019-01-20'),(6189,631,322,'2010-03-10','2013-06-15'),(6194,4980,278,'2014-05-27','2016-09-18'),(6195,2158,777,'2005-08-18','2017-06-19'),(6197,1853,325,'2006-12-07','2007-06-07'),(6199,3111,245,'2015-11-03','2015-12-08'),(6203,3246,53,'2009-07-26','2010-08-19'),(6204,1086,748,'2009-12-26','2012-05-20'),(6207,3698,262,'2017-08-04','2018-11-29'),(6208,2036,739,'2005-05-01','2017-07-04'),(6209,4879,831,'2011-05-06','2012-01-03'),(6210,4066,218,'2010-09-03','2016-05-10'),(6211,2794,115,'2005-04-24','2007-04-07'),(6212,4158,215,'2006-09-15','2018-07-19'),(6213,116,885,'2013-04-08','2019-01-15'),(6215,3825,833,'2006-11-19','2013-11-27'),(6216,2975,80,'2011-12-21','2016-10-24'),(6217,1420,486,'2019-10-03',NULL),(6219,343,816,'2007-12-19','2015-04-10'),(6220,899,745,'2005-07-26','2007-11-30'),(6221,4596,292,'2007-01-04','2019-02-16'),(6223,1513,724,'2007-08-26','2017-01-19'),(6224,4662,645,'2005-12-12','2013-01-19'),(6226,1080,927,'2007-01-24','2012-11-22'),(6229,2625,40,'2012-07-30','2018-11-10'),(6232,3402,664,'2010-12-02','2013-02-25'),(6235,798,178,'2007-12-08','2018-07-14'),(6237,4427,846,'2014-04-24','2016-12-18'),(6242,4524,711,'2010-05-05','2012-01-06'),(6244,4556,452,'2009-10-09','2014-11-30'),(6245,1992,39,'2010-05-13','2017-04-04'),(6246,2849,903,'2009-11-13','2019-08-13'),(6247,3054,216,'2014-06-04','2017-01-01'),(6248,2738,481,'2007-02-05','2017-03-02'),(6253,1674,397,'2013-01-23','2016-10-12'),(6256,2704,322,'2007-04-17','2009-05-22'),(6258,381,785,'2008-05-11','2017-07-29'),(6261,1871,748,'2008-12-19','2017-06-06'),(6262,4863,339,'2013-07-01','2017-10-31'),(6263,1014,712,'2010-09-20','2013-11-05'),(6265,2431,436,'2012-01-06','2015-04-18'),(6270,206,660,'2008-02-21','2018-07-11'),(6271,4950,283,'2017-08-17','2019-07-30'),(6274,2542,323,'2011-01-01','2012-02-20'),(6276,2539,617,'2010-02-01','2011-04-21'),(6280,2311,326,'2005-12-10','2010-12-19'),(6281,3243,144,'2006-11-21','2018-02-22'),(6282,3558,82,'2008-02-07','2017-03-20'),(6284,2258,372,'2011-06-19','2015-08-31'),(6285,2144,796,'2013-07-09','2016-03-26'),(6286,1264,908,'2008-07-09','2012-04-25'),(6290,150,616,'2007-06-07','2008-06-03'),(6292,3461,738,'2007-07-18','2017-12-01'),(6293,2620,692,'2009-08-20','2013-05-14'),(6297,4793,995,'2010-09-23','2013-09-02'),(6301,1760,959,'2007-06-09','2011-09-03'),(6303,4420,613,'2006-04-17','2019-09-08'),(6304,1250,570,'2005-10-23','2011-11-06'),(6306,739,628,'2010-10-10','2011-10-09'),(6310,1317,287,'2010-04-19','2011-10-29'),(6312,3480,31,'2006-12-28','2019-11-15'),(6313,4394,955,'2011-02-21','2018-07-25'),(6314,3811,20,'2011-09-25','2019-09-06'),(6315,2859,992,'2010-06-11','2012-09-11'),(6317,4843,638,'2008-09-05','2018-03-11'),(6318,3987,78,'2011-04-14','2012-12-27'),(6320,3874,100,'2015-08-09','2015-12-25'),(6323,1722,756,'2015-10-05','2018-08-29'),(6324,3027,72,'2011-11-22','2015-12-06'),(6325,3069,42,'2005-06-19','2009-05-24'),(6326,24,50,'2013-03-23','2016-08-21'),(6327,135,212,'2005-01-28','2012-08-13'),(6330,1056,432,'2013-03-31','2014-05-17'),(6331,3810,617,'2006-12-11','2016-10-11'),(6333,3008,956,'2005-02-15','2006-08-06'),(6336,1250,13,'2006-01-24','2016-12-27'),(6337,3650,885,'2014-09-26','2017-12-22'),(6338,3832,910,'2009-02-06','2012-07-23'),(6339,3145,266,'2010-10-31','2013-10-31'),(6341,4399,780,'2005-09-06','2014-11-01'),(6343,3292,870,'2007-02-19','2007-03-24'),(6346,1157,18,'2012-01-19','2013-04-24'),(6347,2581,506,'2006-07-09','2008-03-12'),(6348,123,2,'2016-06-11','2018-07-14'),(6349,3412,863,'2007-03-01','2010-05-15'),(6352,4716,704,'2012-08-14','2014-09-24'),(6353,4817,975,'2011-08-15','2017-09-14'),(6354,850,428,'2010-07-27','2017-05-18'),(6357,1264,633,'2007-08-07','2010-09-15'),(6358,2726,161,'2007-12-24','2014-06-20'),(6361,3676,649,'2009-05-05','2013-09-09'),(6365,4069,235,'2012-07-21','2017-06-24'),(6366,1579,48,'2007-06-04','2018-11-08'),(6368,2308,84,'2007-07-22','2015-02-06'),(6370,2689,930,'2006-12-31','2007-11-17'),(6371,4779,901,'2007-03-09','2016-01-31'),(6373,4149,401,'2005-06-15','2015-02-16'),(6374,1297,925,'2015-03-16','2018-03-15'),(6375,4288,705,'2010-09-03','2012-11-16'),(6378,3154,169,'2006-04-09','2009-04-26'),(6380,4880,445,'2006-02-18','2015-08-07'),(6381,35,381,'2006-02-19','2012-03-05'),(6382,3332,554,'2007-04-11','2016-01-27'),(6384,4744,213,'2009-12-15','2019-04-20'),(6386,1610,121,'2007-12-30','2017-10-06'),(6387,32,91,'2008-05-22','2014-07-12'),(6388,1159,50,'2017-05-01','2018-07-06'),(6389,231,850,'2007-12-01','2011-08-27'),(6390,3269,841,'2005-03-27','2019-05-09'),(6396,1299,462,'2007-06-06','2019-08-07'),(6397,1809,579,'2016-06-20','2016-12-20'),(6400,4936,815,'2008-10-30','2012-10-21'),(6401,3514,692,'2010-02-20','2011-06-19'),(6402,4871,925,'2009-07-15','2014-01-18'),(6404,3448,651,'2006-01-18','2012-12-09'),(6405,4154,171,'2008-08-22','2010-02-21'),(6407,578,740,'2016-04-07','2016-12-29'),(6408,1942,46,'2009-09-22','2016-06-06'),(6409,479,989,'2011-08-12','2019-06-08'),(6411,3161,413,'2006-08-20','2010-07-13'),(6413,432,42,'2013-06-23','2019-01-13'),(6416,4303,721,'2012-10-06','2014-09-13'),(6417,1835,393,'2010-04-18','2016-02-25'),(6419,619,745,'2016-08-24','2016-09-28'),(6421,2069,550,'2015-09-10','2017-06-29'),(6423,3335,690,'2008-09-16','2013-01-20'),(6425,4839,108,'2006-10-03','2014-05-03'),(6427,2312,983,'2010-07-11','2012-09-14'),(6432,3136,34,'2012-02-20','2012-03-13'),(6438,105,490,'2007-03-05','2007-05-26'),(6439,4892,973,'2007-03-25','2010-05-17'),(6440,758,554,'2007-02-28','2015-05-26'),(6441,1008,768,'2005-07-05','2018-12-13'),(6443,2848,13,'2007-11-10','2008-11-15'),(6445,4606,439,'2010-12-06','2016-12-30'),(6446,4571,240,'2009-03-03','2011-03-02'),(6447,259,588,'2010-03-06','2017-11-01'),(6448,3910,174,'2010-12-30','2014-11-04'),(6449,3121,525,'2006-03-27','2011-11-01'),(6451,726,27,'2011-07-12',NULL),(6455,2828,707,'2006-05-30','2016-05-15'),(6458,4113,480,'2013-01-02','2013-08-15'),(6461,4777,823,'2012-11-06','2014-08-29'),(6464,2689,401,'2008-03-23','2017-10-21'),(6467,4362,45,'2006-10-23','2019-07-13'),(6468,1542,873,'2006-05-06','2017-01-12'),(6469,990,246,'2014-01-26','2018-04-13'),(6471,4583,234,'2007-07-13','2019-02-18'),(6472,2325,282,'2013-11-13','2016-03-11'),(6473,4195,713,'2007-11-29','2009-06-24'),(6474,2450,944,'2015-03-04','2016-07-24'),(6475,3077,284,'2014-11-06','2017-12-07'),(6476,4389,640,'2005-01-15','2011-11-19'),(6477,992,538,'2005-07-08','2017-01-06'),(6478,3869,210,'2012-12-18','2019-08-12'),(6479,1821,782,'2014-05-16','2015-09-03'),(6480,1146,792,'2012-02-10','2016-07-11'),(6481,749,889,'2007-12-05','2008-07-20'),(6484,4805,14,'2007-10-24','2013-06-14'),(6486,3922,578,'2017-11-07','2018-08-23'),(6487,1694,882,'2006-04-14','2011-10-12'),(6488,3991,445,'2008-09-17','2013-03-19'),(6491,2065,420,'2007-12-10','2018-01-21'),(6492,3346,20,'2007-12-26','2010-01-02'),(6494,4128,145,'2018-12-20',NULL),(6495,4471,299,'2010-04-24','2013-07-23'),(6496,2311,943,'2008-12-08','2016-04-05'),(6497,2854,12,'2006-01-04','2014-03-08'),(6498,4607,299,'2016-01-04','2018-09-25'),(6499,3635,313,'2006-07-10','2016-03-25'),(6500,3530,226,'2008-03-04','2018-11-01'),(6501,1989,442,'2005-08-04','2014-07-04'),(6503,1342,889,'2015-10-11','2017-10-08'),(6504,1779,180,'2008-08-15','2009-08-25'),(6505,1104,699,'2012-02-28','2012-05-14'),(6506,3058,535,'2007-06-12','2016-07-21'),(6511,1290,780,'2016-01-05','2017-11-27'),(6513,1504,728,'2005-05-29','2015-03-15'),(6514,3754,231,'2010-01-09','2016-01-31'),(6520,81,664,'2011-04-23','2019-09-22'),(6521,792,632,'2011-06-07','2019-04-13'),(6525,1567,403,'2005-11-09','2012-04-09'),(6528,2107,736,'2005-11-28','2010-05-10'),(6529,134,124,'2005-07-19','2015-05-03'),(6536,916,90,'2007-03-11','2012-04-06'),(6543,3285,68,'2011-09-21','2012-10-07'),(6546,3615,812,'2011-12-30','2017-01-15'),(6548,2064,601,'2009-03-11','2014-02-25'),(6552,2556,249,'2012-03-29','2012-08-22'),(6553,1700,380,'2007-12-28','2019-04-13'),(6554,2989,29,'2013-07-28','2017-10-07'),(6558,311,273,'2008-03-18','2016-02-01'),(6562,4765,405,'2006-03-07','2017-03-11'),(6564,2442,380,'2014-03-24','2019-05-17'),(6565,3847,910,'2011-06-13','2013-02-04'),(6566,847,694,'2012-10-17','2016-09-03'),(6567,3052,89,'2006-03-09','2017-12-16'),(6568,4247,617,'2014-09-24','2016-01-04'),(6569,1283,115,'2012-04-25','2017-06-20'),(6570,1336,151,'2006-05-07','2010-02-04'),(6575,1228,312,'2010-04-01','2015-05-16'),(6576,2108,212,'2010-10-28','2015-05-07'),(6577,3312,311,'2016-03-10',NULL),(6578,1936,802,'2006-02-18','2010-03-23'),(6579,657,146,'2013-03-29','2018-05-10'),(6580,3401,798,'2008-01-13','2015-03-24'),(6581,2068,955,'2007-04-21','2012-12-09'),(6583,1043,479,'2005-05-14','2005-08-22'),(6584,879,820,'2008-04-22','2017-05-16'),(6588,4275,690,'2011-12-28','2015-11-17'),(6590,3879,933,'2008-02-22','2019-03-02'),(6597,1009,5,'2013-12-24','2014-08-06'),(6599,632,809,'2015-08-16','2018-04-18'),(6600,1826,979,'2007-03-06','2009-09-06'),(6602,3175,909,'2011-09-19','2013-10-08'),(6603,865,250,'2009-06-04','2019-12-13'),(6605,4677,229,'2005-12-17','2007-11-17'),(6610,3278,818,'2016-06-17','2017-09-27'),(6615,1462,231,'2005-03-03','2005-06-22'),(6616,1337,377,'2007-04-23','2019-10-23'),(6617,4036,172,'2013-03-21','2019-10-11'),(6618,1323,765,'2012-06-30','2019-02-13'),(6620,4422,570,'2005-02-26','2005-03-10'),(6625,3734,149,'2016-01-30','2017-11-05'),(6627,1206,248,'2007-09-08','2019-09-04'),(6629,271,64,'2014-02-08','2016-06-30'),(6630,930,253,'2011-01-14','2012-09-29'),(6633,4049,313,'2015-05-15','2018-06-04'),(6634,1755,885,'2005-10-14','2012-01-26'),(6637,705,808,'2013-04-06','2015-11-03'),(6642,207,262,'2009-10-28','2013-10-28'),(6643,2408,761,'2006-05-23','2014-02-22'),(6648,1207,238,'2005-12-29','2008-10-07'),(6649,3397,836,'2005-11-04','2018-05-13'),(6650,3637,742,'2006-10-15','2010-08-27'),(6654,3456,334,'2008-08-26','2008-11-05'),(6655,4175,684,'2017-04-11','2019-08-26'),(6656,913,122,'2014-10-04','2019-12-07'),(6658,4844,179,'2005-09-18','2014-05-09'),(6659,3965,368,'2012-05-16','2019-12-09'),(6663,3043,937,'2015-04-09','2018-12-12'),(6665,3556,372,'2005-01-13','2011-09-20'),(6666,960,962,'2010-05-13','2013-10-13'),(6667,49,527,'2014-07-03','2017-04-21'),(6670,790,663,'2006-07-25','2015-11-24'),(6671,430,611,'2007-01-23','2009-08-29'),(6672,1109,200,'2006-02-25','2015-04-12'),(6675,2887,456,'2010-12-23','2019-10-07'),(6676,18,485,'2005-07-27','2009-02-05'),(6678,689,473,'2006-12-18','2017-01-15'),(6680,3417,924,'2011-10-30','2012-10-28'),(6681,3455,709,'2005-04-17','2010-08-12'),(6682,172,502,'2005-06-18','2010-06-21'),(6683,4245,565,'2011-08-22','2013-06-20'),(6688,110,726,'2011-10-20','2015-09-09'),(6689,3294,370,'2015-12-16','2019-05-26'),(6693,4064,648,'2007-09-16','2017-02-19'),(6696,3923,581,'2007-06-12','2012-01-19'),(6697,1574,485,'2005-10-31','2014-06-07'),(6700,4672,697,'2007-08-06','2009-09-08'),(6701,509,555,'2012-12-09','2017-01-05'),(6703,656,984,'2007-10-14','2013-03-04'),(6704,2086,425,'2007-04-15','2019-04-07'),(6706,4602,645,'2005-09-22','2019-11-05'),(6710,4111,411,'2009-07-02','2016-03-30'),(6712,106,743,'2011-09-22','2012-07-29'),(6713,1035,691,'2007-01-22','2009-05-16'),(6714,3051,1,'2009-06-13','2013-12-28'),(6717,1866,602,'2005-06-17','2013-03-26'),(6720,228,488,'2012-01-13','2013-09-06'),(6721,3044,764,'2006-06-16','2012-01-05'),(6722,817,854,'2005-09-17','2009-04-26'),(6726,1805,141,'2010-04-29','2010-12-01'),(6727,871,993,'2018-08-14','2018-09-09'),(6728,190,928,'2014-12-09','2015-09-21'),(6729,558,990,'2009-07-01','2017-12-31'),(6730,856,122,'2006-01-25','2006-03-08'),(6734,1588,959,'2013-01-12','2016-07-09'),(6735,197,451,'2012-12-09','2017-02-22'),(6737,509,906,'2007-04-17','2014-11-23'),(6741,2678,89,'2009-03-31','2017-02-25'),(6744,2327,114,'2011-08-28','2018-12-02'),(6746,1864,732,'2006-02-28','2019-06-06'),(6748,1146,680,'2006-04-03','2017-12-25'),(6750,2209,570,'2005-07-17','2016-08-10'),(6751,1205,355,'2008-09-26','2017-11-10'),(6754,4677,107,'2016-10-14','2018-09-14'),(6755,832,636,'2013-02-20','2019-03-09'),(6757,263,609,'2005-12-19','2007-08-17'),(6758,3536,995,'2009-03-20','2017-04-10'),(6761,2052,559,'2007-04-06','2015-02-03'),(6765,1519,341,'2005-01-07','2010-08-01'),(6766,3987,989,'2008-08-24','2008-11-29'),(6767,3184,15,'2007-01-29','2013-03-17'),(6768,2354,223,'2006-01-28','2012-02-21'),(6769,184,793,'2015-01-16','2015-11-23'),(6770,2863,520,'2007-08-21','2016-08-06'),(6772,4609,983,'2015-11-08','2019-06-20'),(6774,3730,786,'2011-05-18','2019-05-18'),(6777,4322,523,'2008-04-03','2014-09-29'),(6778,1534,410,'2007-06-20','2014-08-20'),(6779,2298,536,'2010-01-04','2018-11-02'),(6781,4854,36,'2007-02-16','2007-09-12'),(6783,459,837,'2005-12-25','2009-04-09'),(6784,2013,512,'2012-04-09','2014-08-04'),(6785,3956,998,'2011-10-30','2012-10-07'),(6786,133,219,'2007-02-06','2014-07-02'),(6787,1711,293,'2008-11-29','2017-04-26'),(6789,1627,996,'2012-06-07','2018-06-08'),(6790,4885,749,'2008-10-22','2018-07-12'),(6791,4800,162,'2017-05-15','2017-09-19'),(6793,1201,986,'2015-02-10','2018-04-24'),(6794,1158,59,'2006-12-11','2011-09-23'),(6795,1924,342,'2012-07-03','2013-07-01'),(6797,2096,699,'2009-04-15','2011-03-05'),(6800,3019,697,'2007-12-10','2016-09-11'),(6801,3161,186,'2010-07-09','2017-05-01'),(6802,2227,880,'2010-01-10','2017-05-11'),(6804,2255,562,'2005-12-01','2016-02-21'),(6807,3636,328,'2013-04-11','2015-08-29'),(6808,3543,235,'2005-08-10','2017-11-15'),(6809,2854,755,'2005-01-13','2017-07-10'),(6811,3893,502,'2006-08-04','2016-07-04'),(6813,1272,339,'2005-03-02','2012-03-05'),(6814,4534,978,'2008-09-10',NULL),(6815,1113,493,'2014-03-24','2016-05-17'),(6817,4288,76,'2016-04-08','2017-09-16'),(6818,723,291,'2006-09-17','2016-03-21'),(6822,3423,647,'2010-11-03','2013-06-27'),(6823,3595,245,'2006-09-07','2010-05-26'),(6824,4448,532,'2005-12-15','2007-10-11'),(6826,1941,868,'2006-02-11','2008-11-16'),(6827,2972,393,'2008-08-02','2011-02-22'),(6830,3615,414,'2008-06-03','2014-01-11'),(6831,2587,467,'2007-11-03','2008-06-02'),(6832,3815,413,'2005-08-16','2013-08-13'),(6833,642,69,'2009-04-04','2013-12-10'),(6835,2888,570,'2007-12-26','2014-05-25'),(6836,1532,630,'2015-11-02','2018-01-29'),(6838,496,741,'2014-10-06','2018-12-11'),(6841,1153,982,'2014-12-07',NULL),(6842,3416,857,'2012-12-28','2016-08-25'),(6844,2932,998,'2016-10-24','2017-09-28'),(6846,3451,965,'2012-02-01','2015-01-15'),(6847,3126,724,'2019-08-25',NULL),(6850,501,878,'2006-11-04','2010-10-17'),(6852,30,967,'2016-04-24','2017-03-16'),(6855,3789,347,'2011-10-22','2014-11-29'),(6856,3728,874,'2005-01-04','2005-12-30'),(6858,1363,399,'2017-03-17','2018-08-16'),(6859,2216,75,'2010-04-11','2019-08-21'),(6861,957,695,'2009-07-15','2014-03-28'),(6868,2457,560,'2006-06-20','2010-12-03'),(6870,4013,964,'2011-07-14','2011-08-04'),(6871,502,7,'2015-05-11','2019-09-22'),(6872,4130,844,'2006-06-15','2010-08-11'),(6876,894,882,'2012-06-24','2014-12-29'),(6877,4959,337,'2008-03-05','2017-12-06'),(6883,2533,641,'2009-11-28','2013-04-04'),(6886,1348,120,'2011-08-25','2013-12-21'),(6887,1787,942,'2007-06-11','2009-06-02'),(6890,2094,546,'2015-02-27','2018-11-01'),(6891,4890,640,'2005-11-13','2010-10-10'),(6893,1440,464,'2011-06-19','2016-02-13'),(6896,1796,44,'2010-02-22','2014-01-24'),(6897,3386,262,'2017-12-19','2018-08-10'),(6901,471,933,'2012-10-16','2016-08-02'),(6903,2452,582,'2014-05-18','2014-07-26'),(6904,2163,314,'2011-12-28','2013-06-15'),(6905,1122,758,'2011-05-16','2018-06-24'),(6908,1552,937,'2012-08-19','2013-07-03'),(6911,1983,696,'2005-08-20','2005-12-11'),(6912,344,313,'2009-01-03','2018-06-24'),(6913,2186,711,'2007-12-27','2018-04-17'),(6914,2672,297,'2007-06-20','2018-06-15'),(6917,2950,826,'2010-12-03','2011-03-28'),(6918,3860,123,'2011-03-05','2015-09-28'),(6929,176,679,'2009-04-28','2013-12-08'),(6932,4792,124,'2012-10-12','2018-07-31'),(6933,3861,379,'2015-09-16','2018-07-14'),(6934,47,250,'2005-12-04','2007-12-21'),(6938,1441,889,'2011-02-12','2018-02-24'),(6939,4451,254,'2011-01-22','2011-08-24'),(6942,621,662,'2007-02-26','2019-04-25'),(6947,261,132,'2012-10-07','2014-05-30'),(6948,4929,847,'2010-07-28','2011-10-15'),(6950,1033,408,'2013-05-20','2016-03-12'),(6951,681,269,'2005-03-03','2018-04-06'),(6952,642,128,'2010-03-22','2018-10-01'),(6954,3087,702,'2007-01-17','2016-03-28'),(6956,2084,456,'2016-01-04','2018-03-12'),(6957,94,326,'2017-07-08','2019-04-11'),(6960,2559,901,'2007-11-15','2018-03-18'),(6963,4326,791,'2008-01-21',NULL),(6964,2595,132,'2006-07-18','2018-03-06'),(6965,4711,246,'2005-09-16','2016-04-17'),(6966,1939,700,'2012-02-06','2014-02-03'),(6967,4872,512,'2011-06-02','2016-04-12'),(6968,2048,200,'2008-08-09','2019-09-18'),(6969,1686,715,'2011-08-22','2013-03-23'),(6972,1427,599,'2009-02-24','2016-11-22'),(6974,2757,716,'2007-06-11','2013-12-13'),(6976,1811,815,'2010-10-04','2018-01-10'),(6977,1877,635,'2006-07-26','2008-08-10'),(6978,1066,594,'2005-01-24','2016-01-21'),(6980,2099,930,'2006-12-03','2011-06-15'),(6981,682,239,'2006-01-07','2010-03-10'),(6984,2933,291,'2008-09-29','2014-07-17'),(6987,950,111,'2015-06-21','2018-03-07'),(6988,2000,113,'2015-12-04','2019-06-01'),(6991,907,201,'2010-07-28','2013-11-03'),(6993,2191,408,'2009-09-30','2013-01-13'),(6994,1295,610,'2012-03-03','2015-11-20'),(6995,4813,855,'2006-09-17','2014-10-12'),(6996,3184,970,'2005-07-18','2007-07-01'),(6998,979,454,'2018-01-26','2018-12-07'),(6999,4904,250,'2007-07-10',NULL),(7001,3571,127,'2012-10-18','2016-04-10'),(7004,2392,502,'2009-05-06','2012-12-05'),(7005,1027,814,'2013-06-23','2013-08-29'),(7006,2195,438,'2008-01-20','2014-11-25'),(7008,47,884,'2009-12-18','2010-01-26'),(7012,4604,472,'2016-06-02','2017-10-31'),(7014,2958,822,'2010-07-07','2014-03-06'),(7016,3758,76,'2008-11-01','2014-12-21'),(7017,4250,290,'2017-03-12','2018-07-19'),(7018,1403,657,'2015-04-20','2015-06-20'),(7019,3989,655,'2013-03-15','2015-03-27'),(7021,1672,332,'2009-11-24','2015-02-16'),(7022,4967,407,'2005-07-01',NULL),(7024,600,586,'2005-07-25','2010-10-07'),(7025,4996,133,'2013-04-15','2016-08-29'),(7027,416,466,'2005-08-31','2014-06-25'),(7031,2845,894,'2014-08-06','2019-09-30'),(7034,4508,571,'2011-06-03','2012-07-02'),(7037,4683,179,'2006-07-13','2019-07-22'),(7038,3795,504,'2009-05-20','2010-06-07'),(7039,1936,742,'2007-09-18',NULL),(7040,2794,4,'2017-08-06','2019-10-16'),(7043,3704,132,'2017-03-18','2017-10-02'),(7044,3761,9,'2013-08-29','2016-06-12'),(7045,2028,198,'2007-01-04','2007-05-20'),(7052,1338,864,'2006-08-21','2006-09-23'),(7053,2606,752,'2005-07-08','2012-02-25'),(7054,4151,831,'2007-04-15','2011-07-23'),(7055,2144,852,'2008-03-26','2013-06-01'),(7057,688,133,'2012-03-15','2014-05-17'),(7058,3530,386,'2009-01-30','2017-10-22'),(7060,317,599,'2008-05-27','2019-02-06'),(7062,4387,984,'2005-03-01','2014-09-22'),(7063,4968,504,'2011-08-27','2014-08-22'),(7065,3879,749,'2008-07-14','2013-04-12'),(7070,4912,460,'2011-12-07','2013-08-04'),(7072,1361,772,'2008-11-24','2009-12-16'),(7073,1515,392,'2007-10-06','2015-07-10'),(7075,4312,271,'2006-02-05','2008-09-03'),(7076,3557,162,'2008-02-01','2019-03-10'),(7078,979,597,'2007-01-19','2010-11-09'),(7080,769,464,'2011-12-13','2018-06-25'),(7081,2592,542,'2006-02-04','2015-01-11'),(7084,4598,926,'2009-01-06','2018-03-17'),(7088,149,166,'2012-07-28','2017-02-04'),(7089,4560,305,'2009-04-17','2014-02-14'),(7098,1775,99,'2008-11-23','2015-12-18'),(7099,3024,56,'2012-06-22','2018-12-29'),(7100,3171,361,'2010-09-26','2011-12-07'),(7101,1366,408,'2016-09-28','2019-08-21'),(7102,3170,828,'2006-06-21','2008-06-27'),(7103,3375,299,'2013-04-16','2018-07-28'),(7104,40,207,'2009-10-10','2018-01-27'),(7106,424,230,'2007-05-10','2007-12-15'),(7110,179,50,'2015-08-23','2018-09-19'),(7111,2222,284,'2006-01-01','2006-10-15'),(7112,1580,429,'2015-05-10','2019-01-30'),(7115,319,385,'2007-03-30','2015-01-23'),(7118,1942,608,'2009-12-26','2013-08-13'),(7119,3141,626,'2016-05-25','2019-08-31'),(7120,4521,532,'2012-04-28','2019-06-11'),(7121,281,449,'2013-02-10','2016-06-23'),(7125,3696,698,'2007-04-17','2015-06-26'),(7126,3922,306,'2012-01-22','2019-04-02'),(7127,2160,884,'2007-12-24','2010-01-24'),(7129,4713,739,'2010-05-14','2019-05-06'),(7130,491,521,'2008-04-12','2010-06-07'),(7133,3140,990,'2010-10-29','2016-12-02'),(7134,4325,411,'2007-11-14','2015-08-12'),(7135,4687,981,'2009-11-02','2012-06-13'),(7137,4924,604,'2012-08-05','2019-10-14'),(7138,354,794,'2012-03-05','2013-04-18'),(7149,327,613,'2007-02-17','2018-09-14'),(7150,4755,234,'2017-08-28','2019-11-07'),(7151,3823,48,'2005-12-04','2014-07-30'),(7152,1584,209,'2005-02-06','2018-02-07'),(7154,1742,15,'2007-08-22','2015-12-17'),(7155,4868,305,'2006-01-31','2006-12-13'),(7156,1259,461,'2005-09-19','2016-01-12'),(7157,838,66,'2016-12-18','2017-11-25'),(7158,1202,648,'2008-07-25','2013-08-21'),(7160,1723,676,'2012-06-13','2015-01-20'),(7163,2811,816,'2007-01-06','2017-10-20'),(7165,2142,92,'2008-10-15','2018-02-11'),(7166,1757,593,'2005-05-17','2010-09-15'),(7169,1482,251,'2016-12-23','2017-12-04'),(7171,334,816,'2006-12-12','2019-07-06'),(7172,4846,367,'2018-10-10','2019-08-01'),(7176,631,719,'2005-11-12','2006-03-07'),(7177,1006,200,'2005-02-01','2018-10-07'),(7180,2929,770,'2015-01-15','2015-02-01'),(7183,1471,90,'2011-08-30','2019-07-12'),(7184,208,649,'2010-11-05','2012-08-17'),(7185,1642,320,'2007-10-08','2009-02-17'),(7186,4550,401,'2011-12-22','2016-02-27'),(7188,2886,819,'2012-07-09','2019-01-20'),(7189,631,322,'2010-03-10','2013-06-15'),(7194,4980,278,'2014-05-27','2016-09-18'),(7195,2158,777,'2005-08-18','2017-06-19'),(7197,1853,325,'2006-12-07','2007-06-07'),(7199,3111,245,'2015-11-03','2015-12-08'),(7203,3246,53,'2009-07-26','2010-08-19'),(7204,1086,748,'2009-12-26','2012-05-20'),(7207,3698,262,'2017-08-04','2018-11-29'),(7208,2036,739,'2005-05-01','2017-07-04'),(7209,4879,831,'2011-05-06','2012-01-03'),(7210,4066,218,'2010-09-03','2016-05-10'),(7211,2794,115,'2005-04-24','2007-04-07'),(7212,4158,215,'2006-09-15','2018-07-19'),(7213,116,885,'2013-04-08','2019-01-15'),(7215,3825,833,'2006-11-19','2013-11-27'),(7216,2975,80,'2011-12-21','2016-10-24'),(7217,1420,486,'2019-10-03',NULL),(7219,343,816,'2007-12-19','2015-04-10'),(7220,899,745,'2005-07-26','2007-11-30'),(7221,4596,292,'2007-01-04','2019-02-16'),(7223,1513,724,'2007-08-26','2017-01-19'),(7224,4662,645,'2005-12-12','2013-01-19'),(7226,1080,927,'2007-01-24','2012-11-22'),(7229,2625,40,'2012-07-30','2018-11-10'),(7232,3402,664,'2010-12-02','2013-02-25'),(7235,798,178,'2007-12-08','2018-07-14'),(7237,4427,846,'2014-04-24','2016-12-18'),(7242,4524,711,'2010-05-05','2012-01-06'),(7244,4556,452,'2009-10-09','2014-11-30'),(7245,1992,39,'2010-05-13','2017-04-04'),(7246,2849,903,'2009-11-13','2019-08-13'),(7247,3054,216,'2014-06-04','2017-01-01'),(7248,2738,481,'2007-02-05','2017-03-02'),(7253,1674,397,'2013-01-23','2016-10-12'),(7256,2704,322,'2007-04-17','2009-05-22'),(7258,381,785,'2008-05-11','2017-07-29'),(7261,1871,748,'2008-12-19','2017-06-06'),(7262,4863,339,'2013-07-01','2017-10-31'),(7263,1014,712,'2010-09-20','2013-11-05'),(7265,2431,436,'2012-01-06','2015-04-18'),(7270,206,660,'2008-02-21','2018-07-11'),(7271,4950,283,'2017-08-17','2019-07-30'),(7274,2542,323,'2011-01-01','2012-02-20'),(7276,2539,617,'2010-02-01','2011-04-21'),(7280,2311,326,'2005-12-10','2010-12-19'),(7281,3243,144,'2006-11-21','2018-02-22'),(7282,3558,82,'2008-02-07','2017-03-20'),(7284,2258,372,'2011-06-19','2015-08-31'),(7285,2144,796,'2013-07-09','2016-03-26'),(7286,1264,908,'2008-07-09','2012-04-25'),(7290,150,616,'2007-06-07','2008-06-03'),(7292,3461,738,'2007-07-18','2017-12-01'),(7293,2620,692,'2009-08-20','2013-05-14'),(7297,4793,995,'2010-09-23','2013-09-02'),(7301,1760,959,'2007-06-09','2011-09-03'),(7303,4420,613,'2006-04-17','2019-09-08'),(7304,1250,570,'2005-10-23','2011-11-06'),(7306,739,628,'2010-10-10','2011-10-09'),(7310,1317,287,'2010-04-19','2011-10-29'),(7312,3480,31,'2006-12-28','2019-11-15'),(7313,4394,955,'2011-02-21','2018-07-25'),(7314,3811,20,'2011-09-25','2019-09-06'),(7315,2859,992,'2010-06-11','2012-09-11'),(7317,4843,638,'2008-09-05','2018-03-11'),(7318,3987,78,'2011-04-14','2012-12-27'),(7320,3874,100,'2015-08-09','2015-12-25'),(7323,1722,756,'2015-10-05','2018-08-29'),(7324,3027,72,'2011-11-22','2015-12-06'),(7325,3069,42,'2005-06-19','2009-05-24'),(7326,24,50,'2013-03-23','2016-08-21'),(7327,135,212,'2005-01-28','2012-08-13'),(7330,1056,432,'2013-03-31','2014-05-17'),(7331,3810,617,'2006-12-11','2016-10-11'),(7333,3008,956,'2005-02-15','2006-08-06'),(7336,1250,13,'2006-01-24','2016-12-27'),(7337,3650,885,'2014-09-26','2017-12-22'),(7338,3832,910,'2009-02-06','2012-07-23'),(7339,3145,266,'2010-10-31','2013-10-31'),(7341,4399,780,'2005-09-06','2014-11-01'),(7343,3292,870,'2007-02-19','2007-03-24'),(7346,1157,18,'2012-01-19','2013-04-24'),(7347,2581,506,'2006-07-09','2008-03-12'),(7348,123,2,'2016-06-11','2018-07-14'),(7349,3412,863,'2007-03-01','2010-05-15'),(7352,4716,704,'2012-08-14','2014-09-24'),(7353,4817,975,'2011-08-15','2017-09-14'),(7354,850,428,'2010-07-27','2017-05-18'),(7357,1264,633,'2007-08-07','2010-09-15'),(7358,2726,161,'2007-12-24','2014-06-20'),(7361,3676,649,'2009-05-05','2013-09-09'),(7365,4069,235,'2012-07-21','2017-06-24'),(7366,1579,48,'2007-06-04','2018-11-08'),(7368,2308,84,'2007-07-22','2015-02-06'),(7370,2689,930,'2006-12-31','2007-11-17'),(7371,4779,901,'2007-03-09','2016-01-31'),(7373,4149,401,'2005-06-15','2015-02-16'),(7374,1297,925,'2015-03-16','2018-03-15'),(7375,4288,705,'2010-09-03','2012-11-16'),(7378,3154,169,'2006-04-09','2009-04-26'),(7380,4880,445,'2006-02-18','2015-08-07'),(7381,35,381,'2006-02-19','2012-03-05'),(7382,3332,554,'2007-04-11','2016-01-27'),(7384,4744,213,'2009-12-15','2019-04-20'),(7386,1610,121,'2007-12-30','2017-10-06'),(7387,32,91,'2008-05-22','2014-07-12'),(7388,1159,50,'2017-05-01','2018-07-06'),(7389,231,850,'2007-12-01','2011-08-27'),(7390,3269,841,'2005-03-27','2019-05-09'),(7396,1299,462,'2007-06-06','2019-08-07'),(7397,1809,579,'2016-06-20','2016-12-20'),(7400,4936,815,'2008-10-30','2012-10-21'),(7401,3514,692,'2010-02-20','2011-06-19'),(7402,4871,925,'2009-07-15','2014-01-18'),(7404,3448,651,'2006-01-18','2012-12-09'),(7405,4154,171,'2008-08-22','2010-02-21'),(7407,578,740,'2016-04-07','2016-12-29'),(7408,1942,46,'2009-09-22','2016-06-06'),(7409,479,989,'2011-08-12','2019-06-08'),(7411,3161,413,'2006-08-20','2010-07-13'),(7413,432,42,'2013-06-23','2019-01-13'),(7416,4303,721,'2012-10-06','2014-09-13'),(7417,1835,393,'2010-04-18','2016-02-25'),(7419,619,745,'2016-08-24','2016-09-28'),(7421,2069,550,'2015-09-10','2017-06-29'),(7423,3335,690,'2008-09-16','2013-01-20'),(7425,4839,108,'2006-10-03','2014-05-03'),(7427,2312,983,'2010-07-11','2012-09-14'),(7432,3136,34,'2012-02-20','2012-03-13'),(7438,105,490,'2007-03-05','2007-05-26'),(7439,4892,973,'2007-03-25','2010-05-17'),(7440,758,554,'2007-02-28','2015-05-26'),(7441,1008,768,'2005-07-05','2018-12-13'),(7443,2848,13,'2007-11-10','2008-11-15'),(7445,4606,439,'2010-12-06','2016-12-30'),(7446,4571,240,'2009-03-03','2011-03-02'),(7447,259,588,'2010-03-06','2017-11-01'),(7448,3910,174,'2010-12-30','2014-11-04'),(7449,3121,525,'2006-03-27','2011-11-01'),(7451,726,27,'2011-07-12',NULL),(7455,2828,707,'2006-05-30','2016-05-15'),(7458,4113,480,'2013-01-02','2013-08-15'),(7461,4777,823,'2012-11-06','2014-08-29'),(7464,2689,401,'2008-03-23','2017-10-21'),(7467,4362,45,'2006-10-23','2019-07-13'),(7468,1542,873,'2006-05-06','2017-01-12'),(7469,990,246,'2014-01-26','2018-04-13'),(7471,4583,234,'2007-07-13','2019-02-18'),(7472,2325,282,'2013-11-13','2016-03-11'),(7473,4195,713,'2007-11-29','2009-06-24'),(7474,2450,944,'2015-03-04','2016-07-24'),(7475,3077,284,'2014-11-06','2017-12-07'),(7476,4389,640,'2005-01-15','2011-11-19'),(7477,992,538,'2005-07-08','2017-01-06'),(7478,3869,210,'2012-12-18','2019-08-12'),(7479,1821,782,'2014-05-16','2015-09-03'),(7480,1146,792,'2012-02-10','2016-07-11'),(7481,749,889,'2007-12-05','2008-07-20'),(7484,4805,14,'2007-10-24','2013-06-14'),(7486,3922,578,'2017-11-07','2018-08-23'),(7487,1694,882,'2006-04-14','2011-10-12'),(7488,3991,445,'2008-09-17','2013-03-19'),(7491,2065,420,'2007-12-10','2018-01-21'),(7492,3346,20,'2007-12-26','2010-01-02'),(7494,4128,145,'2018-12-20',NULL),(7495,4471,299,'2010-04-24','2013-07-23'),(7496,2311,943,'2008-12-08','2016-04-05'),(7497,2854,12,'2006-01-04','2014-03-08'),(7498,4607,299,'2016-01-04','2018-09-25'),(7499,3635,313,'2006-07-10','2016-03-25'),(7500,3530,226,'2008-03-04','2018-11-01'),(7501,1989,442,'2005-08-04','2014-07-04'),(7503,1342,889,'2015-10-11','2017-10-08'),(7504,1779,180,'2008-08-15','2009-08-25'),(7505,1104,699,'2012-02-28','2012-05-14'),(7506,3058,535,'2007-06-12','2016-07-21'),(7511,1290,780,'2016-01-05','2017-11-27'),(7513,1504,728,'2005-05-29','2015-03-15'),(7514,3754,231,'2010-01-09','2016-01-31'),(7520,81,664,'2011-04-23','2019-09-22'),(7521,792,632,'2011-06-07','2019-04-13'),(7525,1567,403,'2005-11-09','2012-04-09'),(7528,2107,736,'2005-11-28','2010-05-10'),(7529,134,124,'2005-07-19','2015-05-03'),(7536,916,90,'2007-03-11','2012-04-06'),(7543,3285,68,'2011-09-21','2012-10-07'),(7546,3615,812,'2011-12-30','2017-01-15'),(7548,2064,601,'2009-03-11','2014-02-25'),(7552,2556,249,'2012-03-29','2012-08-22'),(7553,1700,380,'2007-12-28','2019-04-13'),(7554,2989,29,'2013-07-28','2017-10-07'),(7558,311,273,'2008-03-18','2016-02-01'),(7562,4765,405,'2006-03-07','2017-03-11'),(7564,2442,380,'2014-03-24','2019-05-17'),(7565,3847,910,'2011-06-13','2013-02-04'),(7566,847,694,'2012-10-17','2016-09-03'),(7567,3052,89,'2006-03-09','2017-12-16'),(7568,4247,617,'2014-09-24','2016-01-04'),(7569,1283,115,'2012-04-25','2017-06-20'),(7570,1336,151,'2006-05-07','2010-02-04'),(7575,1228,312,'2010-04-01','2015-05-16'),(7576,2108,212,'2010-10-28','2015-05-07'),(7577,3312,311,'2016-03-10',NULL),(7578,1936,802,'2006-02-18','2010-03-23'),(7579,657,146,'2013-03-29','2018-05-10'),(7580,3401,798,'2008-01-13','2015-03-24'),(7581,2068,955,'2007-04-21','2012-12-09'),(7583,1043,479,'2005-05-14','2005-08-22'),(7584,879,820,'2008-04-22','2017-05-16'),(7588,4275,690,'2011-12-28','2015-11-17'),(7590,3879,933,'2008-02-22','2019-03-02'),(7597,1009,5,'2013-12-24','2014-08-06'),(7599,632,809,'2015-08-16','2018-04-18'),(7600,1826,979,'2007-03-06','2009-09-06'),(7602,3175,909,'2011-09-19','2013-10-08'),(7603,865,250,'2009-06-04','2019-12-13'),(7605,4677,229,'2005-12-17','2007-11-17'),(7610,3278,818,'2016-06-17','2017-09-27'),(7615,1462,231,'2005-03-03','2005-06-22'),(7616,1337,377,'2007-04-23','2019-10-23'),(7617,4036,172,'2013-03-21','2019-10-11'),(7618,1323,765,'2012-06-30','2019-02-13'),(7620,4422,570,'2005-02-26','2005-03-10'),(7625,3734,149,'2016-01-30','2017-11-05'),(7627,1206,248,'2007-09-08','2019-09-04'),(7629,271,64,'2014-02-08','2016-06-30'),(7630,930,253,'2011-01-14','2012-09-29'),(7633,4049,313,'2015-05-15','2018-06-04'),(7634,1755,885,'2005-10-14','2012-01-26'),(7637,705,808,'2013-04-06','2015-11-03'),(7642,207,262,'2009-10-28','2013-10-28'),(7643,2408,761,'2006-05-23','2014-02-22'),(7648,1207,238,'2005-12-29','2008-10-07'),(7649,3397,836,'2005-11-04','2018-05-13'),(7650,3637,742,'2006-10-15','2010-08-27'),(7654,3456,334,'2008-08-26','2008-11-05'),(7655,4175,684,'2017-04-11','2019-08-26'),(7656,913,122,'2014-10-04','2019-12-07'),(7658,4844,179,'2005-09-18','2014-05-09'),(7659,3965,368,'2012-05-16','2019-12-09'),(7663,3043,937,'2015-04-09','2018-12-12'),(7665,3556,372,'2005-01-13','2011-09-20'),(7666,960,962,'2010-05-13','2013-10-13'),(7667,49,527,'2014-07-03','2017-04-21'),(7670,790,663,'2006-07-25','2015-11-24'),(7671,430,611,'2007-01-23','2009-08-29'),(7672,1109,200,'2006-02-25','2015-04-12'),(7675,2887,456,'2010-12-23','2019-10-07'),(7676,18,485,'2005-07-27','2009-02-05'),(7678,689,473,'2006-12-18','2017-01-15'),(7680,3417,924,'2011-10-30','2012-10-28'),(7681,3455,709,'2005-04-17','2010-08-12'),(7682,172,502,'2005-06-18','2010-06-21'),(7683,4245,565,'2011-08-22','2013-06-20'),(7688,110,726,'2011-10-20','2015-09-09'),(7689,3294,370,'2015-12-16','2019-05-26'),(7693,4064,648,'2007-09-16','2017-02-19'),(7696,3923,581,'2007-06-12','2012-01-19'),(7697,1574,485,'2005-10-31','2014-06-07'),(7700,4672,697,'2007-08-06','2009-09-08'),(7701,509,555,'2012-12-09','2017-01-05'),(7703,656,984,'2007-10-14','2013-03-04'),(7704,2086,425,'2007-04-15','2019-04-07'),(7706,4602,645,'2005-09-22','2019-11-05'),(7710,4111,411,'2009-07-02','2016-03-30'),(7712,106,743,'2011-09-22','2012-07-29'),(7713,1035,691,'2007-01-22','2009-05-16'),(7714,3051,1,'2009-06-13','2013-12-28'),(7717,1866,602,'2005-06-17','2013-03-26'),(7720,228,488,'2012-01-13','2013-09-06'),(7721,3044,764,'2006-06-16','2012-01-05'),(7722,817,854,'2005-09-17','2009-04-26'),(7726,1805,141,'2010-04-29','2010-12-01'),(7727,871,993,'2018-08-14','2018-09-09'),(7728,190,928,'2014-12-09','2015-09-21'),(7729,558,990,'2009-07-01','2017-12-31'),(7730,856,122,'2006-01-25','2006-03-08'),(7734,1588,959,'2013-01-12','2016-07-09'),(7735,197,451,'2012-12-09','2017-02-22'),(7737,509,906,'2007-04-17','2014-11-23'),(7741,2678,89,'2009-03-31','2017-02-25'),(7744,2327,114,'2011-08-28','2018-12-02'),(7746,1864,732,'2006-02-28','2019-06-06'),(7748,1146,680,'2006-04-03','2017-12-25'),(7750,2209,570,'2005-07-17','2016-08-10'),(7751,1205,355,'2008-09-26','2017-11-10'),(7754,4677,107,'2016-10-14','2018-09-14'),(7755,832,636,'2013-02-20','2019-03-09'),(7757,263,609,'2005-12-19','2007-08-17'),(7758,3536,995,'2009-03-20','2017-04-10'),(7761,2052,559,'2007-04-06','2015-02-03'),(7765,1519,341,'2005-01-07','2010-08-01'),(7766,3987,989,'2008-08-24','2008-11-29'),(7767,3184,15,'2007-01-29','2013-03-17'),(7768,2354,223,'2006-01-28','2012-02-21'),(7769,184,793,'2015-01-16','2015-11-23'),(7770,2863,520,'2007-08-21','2016-08-06'),(7772,4609,983,'2015-11-08','2019-06-20'),(7774,3730,786,'2011-05-18','2019-05-18'),(7777,4322,523,'2008-04-03','2014-09-29'),(7778,1534,410,'2007-06-20','2014-08-20'),(7779,2298,536,'2010-01-04','2018-11-02'),(7781,4854,36,'2007-02-16','2007-09-12'),(7783,459,837,'2005-12-25','2009-04-09'),(7784,2013,512,'2012-04-09','2014-08-04'),(7785,3956,998,'2011-10-30','2012-10-07'),(7786,133,219,'2007-02-06','2014-07-02'),(7787,1711,293,'2008-11-29','2017-04-26'),(7789,1627,996,'2012-06-07','2018-06-08'),(7790,4885,749,'2008-10-22','2018-07-12'),(7791,4800,162,'2017-05-15','2017-09-19'),(7793,1201,986,'2015-02-10','2018-04-24'),(7794,1158,59,'2006-12-11','2011-09-23'),(7795,1924,342,'2012-07-03','2013-07-01'),(7797,2096,699,'2009-04-15','2011-03-05'),(7800,3019,697,'2007-12-10','2016-09-11'),(7801,3161,186,'2010-07-09','2017-05-01'),(7802,2227,880,'2010-01-10','2017-05-11'),(7804,2255,562,'2005-12-01','2016-02-21'),(7807,3636,328,'2013-04-11','2015-08-29'),(7808,3543,235,'2005-08-10','2017-11-15'),(7809,2854,755,'2005-01-13','2017-07-10'),(7811,3893,502,'2006-08-04','2016-07-04'),(7813,1272,339,'2005-03-02','2012-03-05'),(7814,4534,978,'2008-09-10',NULL),(7815,1113,493,'2014-03-24','2016-05-17'),(7817,4288,76,'2016-04-08','2017-09-16'),(7818,723,291,'2006-09-17','2016-03-21'),(7822,3423,647,'2010-11-03','2013-06-27'),(7823,3595,245,'2006-09-07','2010-05-26'),(7824,4448,532,'2005-12-15','2007-10-11'),(7826,1941,868,'2006-02-11','2008-11-16'),(7827,2972,393,'2008-08-02','2011-02-22'),(7830,3615,414,'2008-06-03','2014-01-11'),(7831,2587,467,'2007-11-03','2008-06-02'),(7832,3815,413,'2005-08-16','2013-08-13'),(7833,642,69,'2009-04-04','2013-12-10'),(7835,2888,570,'2007-12-26','2014-05-25'),(7836,1532,630,'2015-11-02','2018-01-29'),(7838,496,741,'2014-10-06','2018-12-11'),(7841,1153,982,'2014-12-07',NULL),(7842,3416,857,'2012-12-28','2016-08-25'),(7844,2932,998,'2016-10-24','2017-09-28'),(7846,3451,965,'2012-02-01','2015-01-15'),(7847,3126,724,'2019-08-25',NULL),(7850,501,878,'2006-11-04','2010-10-17'),(7852,30,967,'2016-04-24','2017-03-16'),(7855,3789,347,'2011-10-22','2014-11-29'),(7856,3728,874,'2005-01-04','2005-12-30'),(7858,1363,399,'2017-03-17','2018-08-16'),(7859,2216,75,'2010-04-11','2019-08-21'),(7861,957,695,'2009-07-15','2014-03-28'),(7868,2457,560,'2006-06-20','2010-12-03'),(7870,4013,964,'2011-07-14','2011-08-04'),(7871,502,7,'2015-05-11','2019-09-22'),(7872,4130,844,'2006-06-15','2010-08-11'),(7876,894,882,'2012-06-24','2014-12-29'),(7877,4959,337,'2008-03-05','2017-12-06'),(7883,2533,641,'2009-11-28','2013-04-04'),(7886,1348,120,'2011-08-25','2013-12-21'),(7887,1787,942,'2007-06-11','2009-06-02'),(7890,2094,546,'2015-02-27','2018-11-01'),(7891,4890,640,'2005-11-13','2010-10-10'),(7893,1440,464,'2011-06-19','2016-02-13'),(7896,1796,44,'2010-02-22','2014-01-24'),(7897,3386,262,'2017-12-19','2018-08-10'),(7901,471,933,'2012-10-16','2016-08-02'),(7903,2452,582,'2014-05-18','2014-07-26'),(7904,2163,314,'2011-12-28','2013-06-15'),(7905,1122,758,'2011-05-16','2018-06-24'),(7908,1552,937,'2012-08-19','2013-07-03'),(7911,1983,696,'2005-08-20','2005-12-11'),(7912,344,313,'2009-01-03','2018-06-24'),(7913,2186,711,'2007-12-27','2018-04-17'),(7914,2672,297,'2007-06-20','2018-06-15'),(7917,2950,826,'2010-12-03','2011-03-28'),(7918,3860,123,'2011-03-05','2015-09-28'),(7929,176,679,'2009-04-28','2013-12-08'),(7932,4792,124,'2012-10-12','2018-07-31'),(7933,3861,379,'2015-09-16','2018-07-14'),(7934,47,250,'2005-12-04','2007-12-21'),(7938,1441,889,'2011-02-12','2018-02-24'),(7939,4451,254,'2011-01-22','2011-08-24'),(7942,621,662,'2007-02-26','2019-04-25'),(7947,261,132,'2012-10-07','2014-05-30'),(7948,4929,847,'2010-07-28','2011-10-15'),(7950,1033,408,'2013-05-20','2016-03-12'),(7951,681,269,'2005-03-03','2018-04-06'),(7952,642,128,'2010-03-22','2018-10-01'),(7954,3087,702,'2007-01-17','2016-03-28'),(7956,2084,456,'2016-01-04','2018-03-12'),(7957,94,326,'2017-07-08','2019-04-11'),(7960,2559,901,'2007-11-15','2018-03-18'),(7963,4326,791,'2008-01-21',NULL),(7964,2595,132,'2006-07-18','2018-03-06'),(7965,4711,246,'2005-09-16','2016-04-17'),(7966,1939,700,'2012-02-06','2014-02-03'),(7967,4872,512,'2011-06-02','2016-04-12'),(7968,2048,200,'2008-08-09','2019-09-18'),(7969,1686,715,'2011-08-22','2013-03-23'),(7972,1427,599,'2009-02-24','2016-11-22'),(7974,2757,716,'2007-06-11','2013-12-13'),(7976,1811,815,'2010-10-04','2018-01-10'),(7977,1877,635,'2006-07-26','2008-08-10'),(7978,1066,594,'2005-01-24','2016-01-21'),(7980,2099,930,'2006-12-03','2011-06-15'),(7981,682,239,'2006-01-07','2010-03-10'),(7984,2933,291,'2008-09-29','2014-07-17'),(7987,950,111,'2015-06-21','2018-03-07'),(7988,2000,113,'2015-12-04','2019-06-01'),(7991,907,201,'2010-07-28','2013-11-03'),(7993,2191,408,'2009-09-30','2013-01-13'),(7994,1295,610,'2012-03-03','2015-11-20'),(7995,4813,855,'2006-09-17','2014-10-12'),(7996,3184,970,'2005-07-18','2007-07-01'),(7998,979,454,'2018-01-26','2018-12-07'),(7999,4904,250,'2007-07-10',NULL),(8001,3571,127,'2012-10-18','2016-04-10'),(8004,2392,502,'2009-05-06','2012-12-05'),(8005,1027,814,'2013-06-23','2013-08-29'),(8006,2195,438,'2008-01-20','2014-11-25'),(8008,47,884,'2009-12-18','2010-01-26'),(8012,4604,472,'2016-06-02','2017-10-31'),(8014,2958,822,'2010-07-07','2014-03-06'),(8016,3758,76,'2008-11-01','2014-12-21'),(8017,4250,290,'2017-03-12','2018-07-19'),(8018,1403,657,'2015-04-20','2015-06-20'),(8019,3989,655,'2013-03-15','2015-03-27'),(8021,1672,332,'2009-11-24','2015-02-16'),(8022,4967,407,'2005-07-01',NULL),(8024,600,586,'2005-07-25','2010-10-07'),(8025,4996,133,'2013-04-15','2016-08-29'),(8027,416,466,'2005-08-31','2014-06-25'),(8031,2845,894,'2014-08-06','2019-09-30'),(8034,4508,571,'2011-06-03','2012-07-02'),(8037,4683,179,'2006-07-13','2019-07-22'),(8038,3795,504,'2009-05-20','2010-06-07'),(8039,1936,742,'2007-09-18',NULL),(8040,2794,4,'2017-08-06','2019-10-16'),(8043,3704,132,'2017-03-18','2017-10-02'),(8044,3761,9,'2013-08-29','2016-06-12'),(8045,2028,198,'2007-01-04','2007-05-20'),(8052,1338,864,'2006-08-21','2006-09-23'),(8053,2606,752,'2005-07-08','2012-02-25'),(8054,4151,831,'2007-04-15','2011-07-23'),(8055,2144,852,'2008-03-26','2013-06-01'),(8057,688,133,'2012-03-15','2014-05-17'),(8058,3530,386,'2009-01-30','2017-10-22'),(8060,317,599,'2008-05-27','2019-02-06');
/*!40000 ALTER TABLE `lending` ENABLE KEYS */;
UNLOCK TABLES;

--
-- Table structure for table `library`
--

DROP TABLE IF EXISTS `library`;
/*!40101 SET @saved_cs_client     = @@character_set_client */;
/*!40101 SET character_set_client = utf8 */;
CREATE TABLE `library` (
  `id` int(11) NOT NULL AUTO_INCREMENT,
  `name` varchar(100) DEFAULT NULL,
  PRIMARY KEY (`id`)
) ENGINE=InnoDB AUTO_INCREMENT=201 DEFAULT CHARSET=utf8mb4;
/*!40101 SET character_set_client = @saved_cs_client */;

--
-- Dumping data for table `library`
--

LOCK TABLES `library` WRITE;
/*!40000 ALTER TABLE `library` DISABLE KEYS */;
INSERT INTO `library` VALUES (1,'Ljungby'),(2,'Xinhua'),(3,'Créteil'),(4,'Zhitan'),(5,'Gayamdesa'),(6,'Obock'),(7,'Hepu'),(8,'Castanheira'),(9,'Sulęcin'),(10,'Ganshui'),(11,'Santo Domingo'),(12,'Rockford'),(13,'Casa Nova'),(14,'Assis'),(15,'Myronivka'),(16,'Orlovka'),(17,'Pilar'),(18,'Lucun'),(19,'Pasanggrahan'),(20,'Ningtang'),(21,'Mojokerto'),(22,'Hồ Xá'),(23,'Junín'),(24,'Voyskovitsy'),(25,'Dashuipo'),(26,'Jagong'),(27,'Lisia Góra'),(28,'Saint-Brieuc'),(29,'Jadowniki Mokre'),(30,'Gibara'),(31,'Gaopi'),(32,'Loja'),(33,'Labuhanjambu'),(34,'Sufang'),(35,'Huazhaizi'),(36,'Hudson Bay'),(37,'Sukasari'),(38,'Yanwo'),(39,'Yedogon'),(40,'Quận Phú Nhuận'),(41,'Thanatpin'),(42,'Mchinji'),(43,'Lashkar Gāh'),(44,'Vänersborg'),(45,'Huizhou'),(46,'Tarragona'),(47,'Surulangun Rawas'),(48,'Zhengcun'),(49,'Tari'),(50,'Spassk'),(51,'Gorskaya'),(52,'Tuplice'),(53,'Yunchi'),(54,'Jiawu'),(55,'Spring'),(56,'Sumberjati'),(57,'Gbarnga'),(58,'Liên Chiểu'),(59,'Anuradhapura'),(60,'Tuchoměřice'),(61,'Laojunmiao'),(62,'Osieczany'),(63,'Meishan'),(64,'Wuxihe'),(65,'Figueira dos Cavaleiros'),(66,'Liandu'),(67,'Taen Tengah'),(68,'Batutulis'),(69,'San Juan Bautista'),(70,'Lazaro Cardenas'),(71,'Pelem'),(72,'Stanley'),(73,'Jaroměřice'),(74,'Petřvald'),(75,'Áthyra'),(76,'Murça'),(77,'Renfrew'),(78,'El Caño'),(79,'Baoli'),(80,'Oygon'),(81,'Brusy'),(82,'Nazca'),(83,'Sal’sk'),(84,'Limbuhan'),(85,'Izhmorskiy'),(86,'Qümong'),(87,'Stefanavíkion'),(88,'Nāḩiyat Baḩār'),(89,'Buzen'),(90,'Chambar'),(91,'Kuasha'),(92,'Ouagadougou'),(93,'Mergayu'),(94,'Sihe'),(95,'Zoetermeer'),(96,'Għaxaq'),(97,'Néos Oropós'),(98,'Kävlinge'),(99,'Calgary'),(100,'Trollhättan'),(101,'Solingen'),(102,'San Juan'),(103,'Chengbei'),(104,'Tabira'),(105,'Karanyowka'),(106,'Reims'),(107,'São João do Campo'),(108,'Fylí'),(109,'Parchowo'),(110,'Huochang'),(111,'Barranquilla'),(112,'Limoges'),(113,'Xingfu'),(114,'Santa Catarina Ixtahuacán'),(115,'Apalit'),(116,'Druzhba'),(117,'Danchang'),(118,'Janowice'),(119,'Khoronk’'),(120,'Sorokino'),(121,'Quyangqiao'),(122,'Jomsom'),(123,'Göteborg'),(124,'Kandun'),(125,'Kalinovskaya'),(126,'Rouen'),(127,'Marka'),(128,'Nova Petrópolis'),(129,'Garissa'),(130,'Bayt ‘Adhāqah'),(131,'Huanglong'),(132,'Songzhuang'),(133,'Santa Catarina Ixtahuacán'),(134,'Kertosari'),(135,'Suzdal’'),(136,'Ḩawallī'),(137,'Olbramovice'),(138,'Sanzhang'),(139,'Merdeka'),(140,'Cantagallo'),(141,'Bulianhe'),(142,'Santa Fe'),(143,'Tando Muhammad Khān'),(144,'Camino Real'),(145,'Chongqing'),(146,'Beisijia'),(147,'Toritama'),(148,'Nālūt'),(149,'Catu'),(150,'Ribas'),(151,'Chiduo'),(152,'San Rafael'),(153,'Maticmatic'),(154,'Káto Asítai'),(155,'Zwolle'),(156,'Volokonovka'),(157,'Opatówek'),(158,'Balayang'),(159,'Zherdevka'),(160,'Žrnovo'),(161,'Nanxia'),(162,'Uwa'),(163,'Malausma Kidul'),(164,'Jumpangdua'),(165,'Xinchenglu'),(166,'Şirrīn ash Shamālīyah'),(167,'Montgomery'),(168,'Liugou'),(169,'Nowy Tomyśl'),(170,'Mulleriyawa'),(171,'Chisec'),(172,'Haikou'),(173,'Tsákoi'),(174,'Klisura'),(175,'Guane'),(176,'Jiji'),(177,'Sanjō'),(178,'Windsor'),(179,'Rosa Zarate'),(180,'Akouda'),(181,'Umeå'),(182,'Aleksandrovskiy Zavod'),(183,'Romny'),(184,'Shangjie'),(185,'Luoyang'),(186,'Kalávryta'),(187,'Baleal'),(188,'Quillabamba'),(189,'Nîmes'),(190,'Aix-en-Provence'),(191,'New Panamao'),(192,'Yenakiyeve'),(193,'Zuénoula'),(194,'Pangkalanbuun'),(195,'Dahe'),(196,'Niihama'),(197,'Puerto Colombia'),(198,'Setonokalong'),(199,'Cerna'),(200,'Mindyak');
/*!40000 ALTER TABLE `library` ENABLE KEYS */;
UNLOCK TABLES;

--
-- Table structure for table `reader`
--

DROP TABLE IF EXISTS `reader`;
/*!40101 SET @saved_cs_client     = @@character_set_client */;
/*!40101 SET character_set_client = utf8 */;
CREATE TABLE `reader` (
  `id` int(11) NOT NULL AUTO_INCREMENT,
  `first_name` varchar(50) DEFAULT NULL,
  `last_name` varchar(50) DEFAULT NULL,
  `birth_date` date DEFAULT NULL,
  `email` varchar(100) DEFAULT NULL,
  PRIMARY KEY (`id`)
) ENGINE=InnoDB AUTO_INCREMENT=1001 DEFAULT CHARSET=utf8mb4;
/*!40101 SET character_set_client = @saved_cs_client */;

--
-- Dumping data for table `reader`
--

LOCK TABLES `reader` WRITE;
/*!40000 ALTER TABLE `reader` DISABLE KEYS */;
INSERT INTO `reader` VALUES (1,'Raviv','Tully','1973-03-31','rtully0@arstechnica.com'),(2,'Allix','Bygrave','1978-03-02','abygrave1@vkontakte.ru'),(3,'Willis','Marielle','1974-11-23','wmarielle2@edublogs.org'),(4,'Carolee','Hopfer','1972-01-06','chopfer3@zdnet.com'),(5,'Ev','Gurney','1990-10-03','egurney4@so-net.ne.jp'),(6,'Sully','Kowalik','1996-08-31','skowalik5@yale.edu'),(7,'Hollis','Cashman','1988-08-18','hcashman6@4shared.com'),(8,'Samara','Knellen','1996-08-08','sknellen7@dropbox.com'),(9,'Friederike','Gerhold','1981-03-01','fgerhold8@skype.com'),(10,'Angus','Grabham','1998-10-15','agrabham9@reuters.com'),(11,'Hamilton','Pisco','1976-06-20','hpiscoa@buzzfeed.com'),(12,'Dane','Cutforth','1996-12-09','dcutforthb@jiathis.com'),(13,'Serena','Timby','1975-08-30','stimbyc@liveinternet.ru'),(14,'Isak','Pennuzzi','1983-12-11','ipennuzzid@netlog.com'),(15,'Gisele','Prodrick','1994-06-27','gprodricke@cnn.com'),(16,'Briny ','Flaws','1996-08-29','bflawsf@posterous.com'),(17,'Lowe','Bartosek','1991-03-10','lbartosekg@naver.com'),(18,'Reggie','Disney','1974-01-20','rdisneyh@examiner.com'),(19,'Shirleen','Baptie','1984-05-02','sbaptiei@goodreads.com'),(20,'Michal','Stampe','1991-08-17','mstampej@mediafire.com'),(21,'Leeann','Irnys','1984-03-15','lirnysk@liveinternet.ru'),(22,'Ellissa','Chichgar','1982-11-13','echichgarl@hhs.gov'),(23,'Ferrell','Hanlon','1985-11-10','fhanlonm@oaic.gov.au'),(24,'Mile','Montford','1994-09-03','mmontfordn@google.co.uk'),(25,'Lissie','Wrennall','1972-08-10','lwrennallo@ycombinator.com'),(26,'Hulda','Kinforth','1988-05-13','hkinforthp@bizjournals.com'),(27,'Zack','Gwyther','1994-06-09','zgwytherq@ucoz.ru'),(28,'Lilla','Dessent','1997-03-14','ldessentr@elpais.com'),(29,'Benjie','Santry','1987-03-27','bsantrys@flickr.com'),(30,'Sherlock','Archanbault','2000-12-19','sarchanbaultt@soup.io'),(31,'Yoshiko','Redford','1973-02-16','yredfordu@wikispaces.com'),(32,'Mitchel','Westmerland','1993-08-21','mwestmerlandv@google.com.br'),(33,'Lin','Wickens','1973-07-02','lwickensw@shutterfly.com'),(34,'Reggi','Woolstenholmes','1999-07-13','rwoolstenholmesx@networksolutions.com'),(35,'Sara-ann','Atterbury','1984-04-01','satterburyy@stanford.edu'),(36,'Tish','Crewther','1999-10-29','tcrewtherz@sun.com'),(37,'Nadeen','Viollet','1976-02-12','nviollet10@prnewswire.com'),(38,'Kore','Briant','1977-04-25','kbriant11@netlog.com'),(39,'Janela','McPhate','1996-08-25','jmcphate12@yellowpages.com'),(40,'Windham','Semour','1986-05-29','wsemour13@yellowbook.com'),(41,'Donall','Emptage','1993-12-12','demptage14@hc360.com'),(42,'Caressa','Kissack','1993-02-20','ckissack15@skyrock.com'),(43,'Auroora','Shoesmith','1989-01-15','ashoesmith16@cornell.edu'),(44,'Cayla','Braunfeld','1999-08-22','cbraunfeld17@ebay.co.uk'),(45,'Siana','Woodlands','1996-12-25','swoodlands18@economist.com'),(46,'Micki','Roughsedge','1984-05-31','mroughsedge19@g.co'),(47,'Stefa','Fann','1973-09-02','sfann1a@ox.ac.uk'),(48,'Sheelagh','Shepeard','1983-10-12','sshepeard1b@mtv.com'),(49,'Eve','Evershed','1971-11-04','eevershed1c@facebook.com'),(50,'Kennett','Humbee','1970-12-31','khumbee1d@skyrock.com'),(51,'Aleen','Jahncke','1970-04-26','ajahncke1e@auda.org.au'),(52,'Wesley','Sharvill','1974-02-27','wsharvill1f@nyu.edu'),(53,'Cherin','Dolder','1978-06-02','cdolder1g@rakuten.co.jp'),(54,'Marcie','Leport','1975-03-16','mleport1h@npr.org'),(55,'Frants','Rule','1986-07-10','frule1i@howstuffworks.com'),(56,'Eva','Brafield','1974-01-07','ebrafield1j@spotify.com'),(57,'Joel','Onthank','1986-04-24','jonthank1k@taobao.com'),(58,'Lira','Beattie','1973-07-15','lbeattie1l@washington.edu'),(59,'Willem','Bouts','1993-12-03','wbouts1m@edublogs.org'),(60,'Patrice','Wisam','1999-08-19','pwisam1n@google.com.au'),(61,'Stearn','Mazonowicz','1998-02-24','smazonowicz1o@alexa.com'),(62,'Nestor','Doogue','1973-10-25','ndoogue1p@netvibes.com'),(63,'Gabriel','Lawlance','1992-10-20','glawlance1q@home.pl'),(64,'Thomasina','Scohier','1988-05-04','tscohier1r@t-online.de'),(65,'Chrissie','Yushachkov','1998-03-24','cyushachkov1s@earthlink.net'),(66,'Ana','Corter','1999-06-06','acorter1t@irs.gov'),(67,'Charley','Castellan','1973-06-27','ccastellan1u@guardian.co.uk'),(68,'Vinita','Robken','1979-03-24','vrobken1v@scientificamerican.com'),(69,'Marie-ann','Duckham','1970-03-06','mduckham1w@xing.com'),(70,'Donella','Gowers','1983-08-16','dgowers1x@hhs.gov'),(71,'Doro','Warrington','1972-01-19','dwarrington1y@yandex.ru'),(72,'Nydia','D\'Adda','1994-04-09','ndadda1z@mit.edu'),(73,'Bancroft','Doghartie','1979-02-04','bdoghartie20@theguardian.com'),(74,'Lolly','Churchill','1974-01-29','lchurchill21@joomla.org'),(75,'Suzette','Midghall','1989-03-13','smidghall22@rambler.ru'),(76,'Sargent','Di Lucia','1971-05-10','sdilucia23@surveymonkey.com'),(77,'Gawain','Desaur','1986-08-12','gdesaur24@pcworld.com'),(78,'Misha','Thwaites','1970-04-25','mthwaites25@hao123.com'),(79,'Lulita','McDonogh','1987-03-29','lmcdonogh26@ameblo.jp'),(80,'Trace','Gilluley','1970-09-28','tgilluley27@apache.org'),(81,'Channa','Balaam','1995-03-10','cbalaam28@psu.edu'),(82,'Edmon','Kingaby','1995-12-18','ekingaby29@slashdot.org'),(83,'Ruddie','Perigeaux','1993-10-02','rperigeaux2a@g.co'),(84,'Clint','Bank','1974-10-11','cbank2b@miitbeian.gov.cn'),(85,'Elysia','Thake','1990-10-20','ethake2c@parallels.com'),(86,'Daisey','Eck','1989-01-07','deck2d@typepad.com'),(87,'Justinn','Coper','1971-07-09','jcoper2e@surveymonkey.com'),(88,'Kaia','Jeans','1998-01-25','kjeans2f@delicious.com'),(89,'Peggie','Havoc','1972-04-28','phavoc2g@deliciousdays.com'),(90,'Devin','Esparza','1971-02-18','desparza2h@youtube.com'),(91,'Aigneis','Henstone','1993-01-11','ahenstone2i@yellowpages.com'),(92,'Salli','Darrington','1995-02-06','sdarrington2j@reference.com'),(93,'Iggy','Ravenhills','1974-07-05','iravenhills2k@phpbb.com'),(94,'Cthrine','Van Niekerk','1991-10-03','cvanniekerk2l@home.pl'),(95,'Anne-marie','Outhwaite','1970-01-03','aouthwaite2m@merriam-webster.com'),(96,'Ana','Weedall','1977-05-18','aweedall2n@comsenz.com'),(97,'Reina','Snoding','1983-12-27','rsnoding2o@w3.org'),(98,'Park','Dietz','1977-01-07','pdietz2p@chicagotribune.com'),(99,'Garrick','Waleworke','1972-06-26','gwaleworke2q@psu.edu'),(100,'Elden','Brideau','1990-04-05','ebrideau2r@devhub.com'),(101,'Kendell','Rizzardo','1979-07-31','krizzardo2s@skyrock.com'),(102,'Minor','Pyzer','1996-12-15','mpyzer2t@apache.org'),(103,'Hanny','Varley','1988-06-22','hvarley2u@elegantthemes.com'),(104,'Graham','Brandi','1990-01-29','gbrandi2v@github.com'),(105,'Michelina','Liepmann','1991-02-03','mliepmann2w@geocities.com'),(106,'Olympe','Cressey','1984-04-14','ocressey2x@networkadvertising.org'),(107,'Elayne','Burchatt','1990-06-03','eburchatt2y@unesco.org'),(108,'Marylin','Reynault','1973-04-28','mreynault2z@opera.com'),(109,'Fergus','Dansey','1996-01-24','fdansey30@pcworld.com'),(110,'Harmonia','Lawton','1994-03-28','hlawton31@list-manage.com'),(111,'Lita','Kindleside','1976-11-27','lkindleside32@g.co'),(112,'Devon','Venes','1996-01-17','dvenes33@sbwire.com'),(113,'Jenica','Keeffe','1995-07-21','jkeeffe34@chronoengine.com'),(114,'Cheri','Goodsal','1997-04-09','cgoodsal35@icq.com'),(115,'Vittorio','Procter','1997-06-06','vprocter36@oracle.com'),(116,'Evania','Barnham','1997-04-27','ebarnham37@slashdot.org'),(117,'Alexine','Kyberd','1985-10-10','akyberd38@wikia.com'),(118,'Briant','Foord','1980-05-28','bfoord39@miibeian.gov.cn'),(119,'Cece','Milborn','1974-08-06','cmilborn3a@engadget.com'),(120,'Hillary','Meese','1983-03-07','hmeese3b@uiuc.edu'),(121,'Alysa','Croser','1986-10-19','acroser3c@ibm.com'),(122,'Boone','Skahill','2000-12-01','bskahill3d@businessinsider.com'),(123,'Derron','Hutt','1985-03-23','dhutt3e@cam.ac.uk'),(124,'Alysia','Rape','1993-04-04','arape3f@java.com'),(125,'Correy','Lauder','1981-06-08','clauder3g@sogou.com'),(126,'Della','Polk','1988-05-09','dpolk3h@goo.gl'),(127,'Julina','Hoolaghan','1998-11-22','jhoolaghan3i@soup.io'),(128,'Kinny','Pegg','1980-03-29','kpegg3j@webeden.co.uk'),(129,'Felicio','Stolberger','1992-05-12','fstolberger3k@eepurl.com'),(130,'Farah','Groundwater','1979-02-10','fgroundwater3l@yale.edu'),(131,'Patricia','Poyzer','1973-09-11','ppoyzer3m@ask.com'),(132,'Arni','Wisniowski','1995-10-14','awisniowski3n@house.gov'),(133,'Tobye','Haquard','1997-03-28','thaquard3o@barnesandnoble.com'),(134,'Marrissa','Ropp','1994-11-18','mropp3p@goo.ne.jp'),(135,'Demetris','Coe','1994-04-07','dcoe3q@hostgator.com'),(136,'Aron','Gittis','1985-01-13','agittis3r@edublogs.org'),(137,'Dilly','Bradforth','1993-10-10','dbradforth3s@google.cn'),(138,'Hildagarde','Wethered','1996-03-14','hwethered3t@discovery.com'),(139,'Gilligan','Brader','1982-07-29','gbrader3u@craigslist.org'),(140,'Karon','Stilliard','1982-04-14','kstilliard3v@dedecms.com'),(141,'Janaye','Millican','1999-08-28','jmillican3w@flickr.com'),(142,'Franky','Winckle','1991-09-01','fwinckle3x@engadget.com'),(143,'Giacomo','Grent','1981-07-16','ggrent3y@pen.io'),(144,'Latrina','Shoppee','1972-05-21','lshoppee3z@mlb.com'),(145,'Ellary','Ferroli','1977-11-07','eferroli40@reference.com'),(146,'Bradan','Naish','1993-06-27','bnaish41@sogou.com'),(147,'Jobie','Nutten','1984-04-24','jnutten42@ameblo.jp'),(148,'Packston','Morkham','1990-12-10','pmorkham43@amazon.co.jp'),(149,'Saunders','Benois','1985-07-13','sbenois44@cnn.com'),(150,'Demetri','Skerme','1977-08-03','dskerme45@prnewswire.com'),(151,'Daisy','Molian','1991-12-27','dmolian46@godaddy.com'),(152,'Durward','Gilliat','1981-07-11','dgilliat47@unblog.fr'),(153,'Octavius','Laird-Craig','1974-01-24','olairdcraig48@bandcamp.com'),(154,'Annadiana','Portriss','1998-09-09','aportriss49@soup.io'),(155,'Pearce','Milliken','1994-06-08','pmilliken4a@upenn.edu'),(156,'Gert','Stallan','1981-09-21','gstallan4b@cbsnews.com'),(157,'Bertina','Meek','1989-09-19','bmeek4c@java.com'),(158,'Maxie','Keyworth','1977-10-20','mkeyworth4d@unblog.fr'),(159,'Franklyn','Corry','1972-08-23','fcorry4e@narod.ru'),(160,'Fiona','Feldhorn','1974-04-08','ffeldhorn4f@latimes.com'),(161,'Giuditta','Kilmister','1987-01-09','gkilmister4g@admin.ch'),(162,'Mimi','Bollum','1973-12-20','mbollum4h@nyu.edu'),(163,'Roslyn','Stronge','1981-07-22','rstronge4i@cargocollective.com'),(164,'Porter','Woodberry','1988-04-03','pwoodberry4j@sbwire.com'),(165,'Dion','Ciccottini','1972-03-25','dciccottini4k@auda.org.au'),(166,'Marci','Waitland','1987-03-09','mwaitland4l@nhs.uk'),(167,'Rosaleen','Bleier','1985-01-24','rbleier4m@google.co.uk'),(168,'Neda','Moth','1989-06-09','nmoth4n@guardian.co.uk'),(169,'Gherardo','Cullerne','1980-06-14','gcullerne4o@posterous.com'),(170,'Carlos','Granville','1999-08-05','cgranville4p@howstuffworks.com'),(171,'Mylo','Mallion','1989-12-16','mmallion4q@myspace.com'),(172,'Melba','Dawley','1979-03-16','mdawley4r@skyrock.com'),(173,'Emilee','Conduit','1978-03-18','econduit4s@newyorker.com'),(174,'Edik','Brookfield','1985-01-03','ebrookfield4t@harvard.edu'),(175,'Vlad','Rainton','1986-04-14','vrainton4u@spiegel.de'),(176,'Vic','Pestricke','1985-09-28','vpestricke4v@github.io'),(177,'Stevana','Foye','1987-04-11','sfoye4w@sciencedaily.com'),(178,'Enrico','Clemo','1993-05-31','eclemo4x@stumbleupon.com'),(179,'Vlad','Doore','1973-01-11','vdoore4y@technorati.com'),(180,'Noe','Denziloe','1979-06-22','ndenziloe4z@nymag.com'),(181,'Reggie','Grimsdike','1993-05-17','rgrimsdike50@oakley.com'),(182,'Shellie','Keddie','1982-08-03','skeddie51@diigo.com'),(183,'Patrica','Lovstrom','1998-11-10','plovstrom52@reverbnation.com'),(184,'Marten','Corse','1974-03-20','mcorse53@epa.gov'),(185,'Harmonie','Vigours','1971-11-30','hvigours54@ask.com'),(186,'Isidor','Muldownie','1995-06-23','imuldownie55@flickr.com'),(187,'Billie','Brockman','1999-01-05','bbrockman56@google.co.jp'),(188,'Danika','Hoxey','1989-01-31','dhoxey57@arizona.edu'),(189,'Teodora','Meharry','1993-07-22','tmeharry58@chicagotribune.com'),(190,'Celia','Riddell','1989-01-10','criddell59@skype.com'),(191,'Aubine','Blowfield','1971-04-30','ablowfield5a@guardian.co.uk'),(192,'Brendis','Dreier','1977-09-08','bdreier5b@smh.com.au'),(193,'Tally','Victoria','1993-01-18','tvictoria5c@drupal.org'),(194,'Cacilia','Humbles','1993-02-04','chumbles5d@go.com'),(195,'Russell','Puttnam','2000-11-15','rputtnam5e@nymag.com'),(196,'Rosabel','Angliss','1971-02-07','rangliss5f@icio.us'),(197,'Bil','Kilborn','1983-03-05','bkilborn5g@sourceforge.net'),(198,'Tull','Eteen','1970-11-19','teteen5h@patch.com'),(199,'Illa','Priestley','1982-12-02','ipriestley5i@purevolume.com'),(200,'Raviv','Bonehill','1991-12-03','rbonehill5j@wikimedia.org'),(201,'Rodney','Gudde','1971-08-09','rgudde5k@paginegialle.it'),(202,'Petronia','Paulsson','1992-09-25','ppaulsson5l@hud.gov'),(203,'Fleming','Pownall','1978-08-20','fpownall5m@amazon.co.jp'),(204,'Hubey','Hardcastle','1982-12-07','hhardcastle5n@mysql.com'),(205,'Evin','Crab','1972-03-30','ecrab5o@yelp.com'),(206,'Verna','Mayers','1997-05-29','vmayers5p@lulu.com'),(207,'Annabell','Chidlow','1983-05-02','achidlow5q@prlog.org'),(208,'Ellerey','Claybourn','1983-02-24','eclaybourn5r@tamu.edu'),(209,'Boot','Carnoghan','1970-02-27','bcarnoghan5s@addtoany.com'),(210,'Mickey','Dillingstone','1974-05-15','mdillingstone5t@twitter.com'),(211,'Sharron','Hurdis','1973-08-17','shurdis5u@google.com.au'),(212,'Libby','Bartrum','1987-12-03','lbartrum5v@marketwatch.com'),(213,'Abe','Duly','1996-01-13','aduly5w@360.cn'),(214,'Mallissa','Ortiga','1989-09-07','mortiga5x@bizjournals.com'),(215,'Teodoor','Balazin','1977-02-21','tbalazin5y@army.mil'),(216,'Farleigh','Chatel','1993-05-19','fchatel5z@storify.com'),(217,'Nisse','Celli','1985-03-04','ncelli60@aboutads.info'),(218,'Florida','Glennie','1977-07-19','fglennie61@mapy.cz'),(219,'Lazarus','Townley','1975-06-18','ltownley62@pinterest.com'),(220,'Orland','Huddy','1984-09-17','ohuddy63@networkadvertising.org'),(221,'Elnora','Cockerton','1973-01-15','ecockerton64@wired.com'),(222,'Julius','Boldock','1989-02-25','jboldock65@addtoany.com'),(223,'Ellynn','Dyne','1994-03-20','edyne66@1und1.de'),(224,'Steven','Loyns','1992-05-01','sloyns67@mashable.com'),(225,'Agnese','Bernet','1977-06-09','abernet68@mayoclinic.com'),(226,'Gaile','Impett','1983-04-04','gimpett69@reverbnation.com'),(227,'Ricky','Fifield','1977-06-08','rfifield6a@twitter.com'),(228,'Dmitri','Gomes','1988-05-27','dgomes6b@thetimes.co.uk'),(229,'Liana','Ubach','1980-11-19','lubach6c@pbs.org'),(230,'April','Smythe','1992-02-07','asmythe6d@youtu.be'),(231,'Liam','Mascall','1982-06-17','lmascall6e@wordpress.com'),(232,'Gui','Bernhardi','1981-04-22','gbernhardi6f@va.gov'),(233,'Connor','Abramamovh','2000-11-27','cabramamovh6g@fema.gov'),(234,'Matti','Ilyukhov','1982-11-25','milyukhov6h@de.vu'),(235,'Kaiser','Pile','1971-09-29','kpile6i@google.com.br'),(236,'Doro','McRobbie','1989-12-03','dmcrobbie6j@wiley.com'),(237,'Cordula','Schrieves','1975-12-09','cschrieves6k@yandex.ru'),(238,'Caspar','Jacob','1977-09-28','cjacob6l@twitpic.com'),(239,'Lilah','Quodling','1975-06-25','lquodling6m@dagondesign.com'),(240,'Antony','Gehricke','1981-05-10','agehricke6n@ning.com'),(241,'Bridgette','D\'Errico','1996-08-01','bderrico6o@ezinearticles.com'),(242,'Silas','Brettell','1971-01-27','sbrettell6p@csmonitor.com'),(243,'Fran','Selwood','1995-03-17','fselwood6q@google.com'),(244,'Gwyneth','Meekings','1984-05-30','gmeekings6r@wordpress.org'),(245,'Calhoun','Greatbach','1983-06-11','cgreatbach6s@studiopress.com'),(246,'Xerxes','Duffil','1997-09-18','xduffil6t@squarespace.com'),(247,'Petrina','Macer','1990-07-07','pmacer6u@google.de'),(248,'Olga','Woolf','1991-08-01','owoolf6v@amazonaws.com'),(249,'Cherey','Debenham','1971-10-28','cdebenham6w@histats.com'),(250,'Tova','Gomes','1992-07-02','tgomes6x@feedburner.com'),(251,'Cy','Maudlin','1995-08-01','cmaudlin6y@live.com'),(252,'Elbertina','Karlicek','1998-11-30','ekarlicek6z@mayoclinic.com'),(253,'Eve','Pott','1993-07-27','epott70@weibo.com'),(254,'Indira','Bairnsfather','1983-10-12','ibairnsfather71@mapquest.com'),(255,'Christian','Slatter','1974-03-26','cslatter72@salon.com'),(256,'Maddalena','Bexon','1986-12-14','mbexon73@constantcontact.com'),(257,'Ardys','Kurton','2000-05-18','akurton74@meetup.com'),(258,'Kev','Rowet','1997-12-29','krowet75@fc2.com'),(259,'Wolfie','Wishart','2000-03-14','wwishart76@google.es'),(260,'Cahra','Seivwright','1978-11-21','cseivwright77@amazon.co.uk'),(261,'Robbi','McMenamin','1978-12-05','rmcmenamin78@virginia.edu'),(262,'Ichabod','Zorzenoni','1984-10-15','izorzenoni79@spotify.com'),(263,'Anabella','Alessandrucci','1994-04-10','aalessandrucci7a@deviantart.com'),(264,'Averill','Doogan','1998-05-29','adoogan7b@hibu.com'),(265,'Stanly','Manshaw','1978-10-20','smanshaw7c@skype.com'),(266,'Katha','Teas','1986-11-07','kteas7d@marketwatch.com'),(267,'Simon','Lydden','1998-02-10','slydden7e@themeforest.net'),(268,'Price','McClure','1983-12-21','pmcclure7f@diigo.com'),(269,'Sayre','Robins','1993-08-19','srobins7g@epa.gov'),(270,'Chickie','Wynes','1980-01-17','cwynes7h@moonfruit.com'),(271,'Abie','Pavia','1998-11-04','apavia7i@ft.com'),(272,'Lacie','Toffano','1981-03-14','ltoffano7j@etsy.com'),(273,'Romeo','Liverseege','1994-07-04','rliverseege7k@xinhuanet.com'),(274,'Amberly','Trustram','1981-06-03','atrustram7l@alexa.com'),(275,'Giusto','Zanitti','1978-09-16','gzanitti7m@wix.com'),(276,'Charlean','Reubbens','1970-01-16','creubbens7n@reverbnation.com'),(277,'Claudell','Clint','1997-11-08','cclint7o@google.com.au'),(278,'Sutton','Garlett','1986-04-20','sgarlett7p@japanpost.jp'),(279,'Jonah','Scamp','1987-11-04','jscamp7q@jugem.jp'),(280,'Mireille','Dignan','1970-02-04','mdignan7r@patch.com'),(281,'Skye','Woodison','1979-08-29','swoodison7s@chicagotribune.com'),(282,'Kerk','Lelliott','1977-07-27','klelliott7t@pinterest.com'),(283,'Rina','Poli','1988-09-06','rpoli7u@stanford.edu'),(284,'Betteann','Merrgan','1989-05-13','bmerrgan7v@yahoo.com'),(285,'Darla','Towersey','1975-02-01','dtowersey7w@hexun.com'),(286,'Ana','Lasseter','1986-12-10','alasseter7x@gizmodo.com'),(287,'Dalenna','Tackes','1986-09-21','dtackes7y@washingtonpost.com'),(288,'Farris','Ference','1980-01-09','fference7z@symantec.com'),(289,'Euell','Bowman','1972-07-04','ebowman80@ft.com'),(290,'Lockwood','Howles','1982-03-17','lhowles81@microsoft.com'),(291,'Lucius','Moat','1997-04-21','lmoat82@java.com'),(292,'Brandice','Sellar','1998-06-03','bsellar83@dmoz.org'),(293,'Pooh','Antonov','1993-05-20','pantonov84@amazon.de'),(294,'Juliana','Besse','1970-02-27','jbesse85@marketwatch.com'),(295,'Caro','Punyer','1972-06-07','cpunyer86@indiegogo.com'),(296,'Alidia','Parrott','1987-07-23','aparrott87@tripod.com'),(297,'Antonio','Genike','1978-09-30','agenike88@ucla.edu'),(298,'Franky','Twigley','1988-07-26','ftwigley89@ucsd.edu'),(299,'Pierson','Binder','1995-08-04','pbinder8a@europa.eu'),(300,'Mattie','Rivallant','1987-01-29','mrivallant8b@usgs.gov'),(301,'Mort','Doward','1995-05-21','mdoward8c@harvard.edu'),(302,'Melvin','Jackling','1997-08-10','mjackling8d@wsj.com'),(303,'Chickie','Clutram','1985-11-19','cclutram8e@networksolutions.com'),(304,'Elijah','Bassett','1997-11-05','ebassett8f@uiuc.edu'),(305,'Agnella','Pirrie','1972-09-11','apirrie8g@sitemeter.com'),(306,'Rhetta','Halgarth','1994-07-11','rhalgarth8h@umich.edu'),(307,'Bret','Pearlman','1971-07-08','bpearlman8i@ebay.co.uk'),(308,'Layney','Pont','1993-03-23','lpont8j@gizmodo.com'),(309,'Greta','Ioselev','1970-12-30','gioselev8k@digg.com'),(310,'Donella','Fanshawe','1993-02-25','dfanshawe8l@sbwire.com'),(311,'Tallulah','Nannoni','1998-09-23','tnannoni8m@skype.com'),(312,'Averill','Lamperti','1999-10-22','alamperti8n@taobao.com'),(313,'Pierre','Adamovsky','1994-09-06','padamovsky8o@msn.com'),(314,'Beverlie','Barrington','1972-05-28','bbarrington8p@chicagotribune.com'),(315,'Gleda','Baldrick','1978-07-28','gbaldrick8q@seattletimes.com'),(316,'Clari','English','1999-08-21','cenglish8r@mediafire.com'),(317,'Dora','Eskrick','1997-09-10','deskrick8s@clickbank.net'),(318,'Giovanna','Edgerley','1979-08-13','gedgerley8t@dot.gov'),(319,'Laina','Dabnot','1982-10-31','ldabnot8u@shop-pro.jp'),(320,'Kalie','Andriveau','1972-01-04','kandriveau8v@hao123.com'),(321,'Uriel','Dinsdale','1984-08-10','udinsdale8w@typepad.com'),(322,'Herminia','Cornthwaite','1986-09-06','hcornthwaite8x@marriott.com'),(323,'Feodor','Wethey','1989-10-03','fwethey8y@cdbaby.com'),(324,'Lynda','Lisciandri','1984-02-25','llisciandri8z@mlb.com'),(325,'Shauna','Wennington','1982-11-14','swennington90@scientificamerican.com'),(326,'Nicky','Searsby','1983-11-25','nsearsby91@icio.us'),(327,'Doralin','Ronchi','1978-05-24','dronchi92@squidoo.com'),(328,'Pavia','Semaine','1974-01-02','psemaine93@unblog.fr'),(329,'Irwinn','Pallasch','1974-10-28','ipallasch94@printfriendly.com'),(330,'Aurelia','Tatham','1976-01-18','atatham95@lycos.com'),(331,'Ainslie','Motte','1992-08-07','amotte96@symantec.com'),(332,'Maurits','Feldman','2000-10-07','mfeldman97@google.pl'),(333,'Mignonne','Hodcroft','1979-04-11','mhodcroft98@miibeian.gov.cn'),(334,'Dwight','Luckey','1977-02-17','dluckey99@bizjournals.com'),(335,'Drew','Miskimmon','1984-03-25','dmiskimmon9a@mlb.com'),(336,'Janene','McCowen','1980-01-15','jmccowen9b@msu.edu'),(337,'Teresa','Lukianov','1994-08-31','tlukianov9c@printfriendly.com'),(338,'Johnna','Uzelli','1970-05-18','juzelli9d@com.com'),(339,'Bertina','Castella','2000-10-30','bcastella9e@skype.com'),(340,'Audrey','Waddams','1985-12-29','awaddams9f@elegantthemes.com'),(341,'Licha','Binner','1999-04-15','lbinner9g@printfriendly.com'),(342,'Damiano','Ravilious','1990-07-11','dravilious9h@diigo.com'),(343,'Gerhard','Eger','1972-03-18','geger9i@nasa.gov'),(344,'Kristan','Whittock','1981-09-30','kwhittock9j@stumbleupon.com'),(345,'Meade','Balnaves','1970-10-21','mbalnaves9k@shareasale.com'),(346,'Revkah','Fuggle','1996-03-27','rfuggle9l@domainmarket.com'),(347,'Zarla','Iliff','1997-02-07','ziliff9m@fastcompany.com'),(348,'Sheri','Frankling','1990-09-14','sfrankling9n@gizmodo.com'),(349,'Marleen','Glowinski','1980-05-16','mglowinski9o@qq.com'),(350,'Tades','Colquhoun','1990-01-28','tcolquhoun9p@prnewswire.com'),(351,'Kandy','Snelman','1978-06-01','ksnelman9q@aboutads.info'),(352,'Dolf','Gotobed','1993-02-04','dgotobed9r@yale.edu'),(353,'Frank','Nowak','1997-06-06','fnowak9s@blogger.com'),(354,'Harbert','Hylton','1995-08-16','hhylton9t@blinklist.com'),(355,'Paloma','Chancellor','1989-03-29','pchancellor9u@ning.com'),(356,'Tiphani','Sharvell','1978-02-03','tsharvell9v@t-online.de'),(357,'Findlay','Doring','1985-03-13','fdoring9w@xinhuanet.com'),(358,'Barb','Carpe','1982-01-22','bcarpe9x@intel.com'),(359,'Bunnie','Estrella','1994-04-20','bestrella9y@yellowbook.com'),(360,'Ogden','Lynock','1984-03-15','olynock9z@addthis.com'),(361,'Ebenezer','Hagger','1993-09-21','ehaggera0@wp.com'),(362,'Tarra','Wyre','1978-09-03','twyrea1@reverbnation.com'),(363,'Cathie','Ehlerding','1979-01-12','cehlerdinga2@webs.com'),(364,'Shamus','Poultney','2000-12-20','spoultneya3@theglobeandmail.com'),(365,'Breanne','Lafaye','2000-01-13','blafayea4@foxnews.com'),(366,'Zoe','Bygate','1989-02-17','zbygatea5@nytimes.com'),(367,'Corinne','Rospars','1983-07-03','crosparsa6@examiner.com'),(368,'Meggy','Slator','1979-09-23','mslatora7@prnewswire.com'),(369,'Alanson','Wanless','1976-02-04','awanlessa8@state.tx.us'),(370,'Carolus','Lowis','2000-08-15','clowisa9@squarespace.com'),(371,'Ebba','Ditchburn','2000-11-17','editchburnaa@wunderground.com'),(372,'Forrest','Gemnett','1998-11-12','fgemnettab@hc360.com'),(373,'Gannon','Finnis','1985-11-29','gfinnisac@free.fr'),(374,'Del','Smullin','1975-01-19','dsmullinad@nytimes.com'),(375,'Patrizius','Lightfoot','1983-09-25','plightfootae@nsw.gov.au'),(376,'Roobbie','Schrader','1981-06-13','rschraderaf@blogspot.com'),(377,'Dione','Bletcher','1976-08-12','dbletcherag@instagram.com'),(378,'Paten','Proudlove','1987-04-29','pproudloveah@foxnews.com'),(379,'Colin','Howgego','1971-09-02','chowgegoai@gnu.org'),(380,'Llywellyn','Dorbin','1981-07-24','ldorbinaj@cyberchimps.com'),(381,'Ash','Hawe','1971-02-17','ahaweak@globo.com'),(382,'Zaria','Yuryaev','1978-10-22','zyuryaeval@earthlink.net'),(383,'Normand','Nanni','1994-10-27','nnanniam@ftc.gov'),(384,'Marion','Gniewosz','1978-06-12','mgniewoszan@shareasale.com'),(385,'Vonnie','Wells','1990-05-12','vwellsao@imgur.com'),(386,'Gherardo','Donson','1980-01-06','gdonsonap@devhub.com'),(387,'Stillman','Guile','1987-11-29','sguileaq@narod.ru'),(388,'Wandie','Lies','1971-01-10','wliesar@google.com.hk'),(389,'Arthur','Mounfield','2000-11-11','amounfieldas@latimes.com'),(390,'Nollie','McKibbin','1975-09-18','nmckibbinat@dell.com'),(391,'Peyter','Caesar','1985-03-10','pcaesarau@ebay.com'),(392,'Katrinka','Hefforde','1984-10-28','kheffordeav@wikimedia.org'),(393,'Aguie','Heinzel','1995-05-04','aheinzelaw@google.cn'),(394,'Bekki','Mobbs','1995-05-13','bmobbsax@examiner.com'),(395,'Anallese','Donoghue','1972-11-13','adonoghueay@usgs.gov'),(396,'Adoree','Keepin','1999-09-24','akeepinaz@jugem.jp'),(397,'Laurie','Blamphin','2000-05-04','lblamphinb0@hhs.gov'),(398,'Iorgo','Canedo','1976-05-11','icanedob1@cbslocal.com'),(399,'Starr','Sanja','1999-03-26','ssanjab2@infoseek.co.jp'),(400,'Harriette','Nann','1982-12-15','hnannb3@cisco.com'),(401,'Giovanna','Danelut','1980-08-04','gdanelutb4@google.co.jp'),(402,'Gaye','Kilminster','1987-06-08','gkilminsterb5@slashdot.org'),(403,'Bertine','Leteurtre','1977-10-28','bleteurtreb6@xrea.com'),(404,'Orv','De Carteret','1983-01-15','odecarteretb7@economist.com'),(405,'Sibbie','Sommerscales','1994-03-19','ssommerscalesb8@parallels.com'),(406,'Walliw','Daffern','1986-07-01','wdaffernb9@mail.ru'),(407,'Derry','Menghi','1998-02-15','dmenghiba@naver.com'),(408,'Cal','Durant','1972-03-19','cdurantbb@moonfruit.com'),(409,'Currie','Ubsdell','1979-09-09','cubsdellbc@miibeian.gov.cn'),(410,'Ruthe','Laughren','1977-11-25','rlaughrenbd@1688.com'),(411,'Angeli','Berrigan','2000-08-27','aberriganbe@4shared.com'),(412,'Miriam','Blaver','1999-09-28','mblaverbf@taobao.com'),(413,'Shermy','Millier','1975-10-27','smillierbg@homestead.com'),(414,'Ty','Jameson','1980-01-25','tjamesonbh@cpanel.net'),(415,'Nesta','Jowsey','1992-08-05','njowseybi@mozilla.com'),(416,'Alyson','Shipcott','1990-01-21','ashipcottbj@msn.com'),(417,'Thornton','Shalcras','1979-03-15','tshalcrasbk@opera.com'),(418,'Adiana','Yannikov','1983-04-29','ayannikovbl@addthis.com'),(419,'Morten','Bateson','1973-10-01','mbatesonbm@weibo.com'),(420,'Lamond','Etter','1983-07-21','letterbn@myspace.com'),(421,'Corey','Mewrcik','1973-05-28','cmewrcikbo@theatlantic.com'),(422,'Talya','Hamal','1971-02-09','thamalbp@photobucket.com'),(423,'Lisa','Lamacraft','1994-05-05','llamacraftbq@storify.com'),(424,'Rafaello','Hanhardt','1987-02-20','rhanhardtbr@creativecommons.org'),(425,'Knox','Bundy','1986-06-07','kbundybs@sitemeter.com'),(426,'Joni','Gillan','1984-01-28','jgillanbt@youtu.be'),(427,'Carmine','Coatsworth','1989-01-03','ccoatsworthbu@sun.com'),(428,'Brock','Zavattieri','1984-06-28','bzavattieribv@mozilla.org'),(429,'Dede','Mooney','1993-10-28','dmooneybw@icq.com'),(430,'Hannis','Eberz','1972-10-23','heberzbx@w3.org'),(431,'Sammy','Pinckney','1996-12-15','spinckneyby@icq.com'),(432,'Retha','Eilhermann','1983-01-06','reilhermannbz@facebook.com'),(433,'Dene','Dellow','1977-11-07','ddellowc0@slate.com'),(434,'Ancell','Duffil','1979-06-18','aduffilc1@alibaba.com'),(435,'Veradis','Meeking','1991-09-07','vmeekingc2@microsoft.com'),(436,'Vivyan','Cornehl','1978-06-09','vcornehlc3@archive.org'),(437,'Maribel','Attiwill','1986-03-26','mattiwillc4@wired.com'),(438,'Cherrita','Mateos','1984-01-20','cmateosc5@answers.com'),(439,'Pyotr','Hansmann','1990-07-14','phansmannc6@lycos.com'),(440,'Ned','Peabody','1976-08-29','npeabodyc7@dell.com'),(441,'Tull','Ace','1976-07-28','tacec8@guardian.co.uk'),(442,'Bartholomeus','Collip','1988-03-09','bcollipc9@techcrunch.com'),(443,'Elane','Filyashin','1994-12-30','efilyashinca@topsy.com'),(444,'Susanne','Almon','1971-02-15','salmoncb@psu.edu'),(445,'Lindsay','Brandoni','1993-06-03','lbrandonicc@oracle.com'),(446,'Emeline','Harner','1972-09-20','eharnercd@scientificamerican.com'),(447,'Jany','Dumphy','1998-11-15','jdumphyce@fotki.com'),(448,'Ilise','Valentin','1986-07-20','ivalentincf@jugem.jp'),(449,'Ariella','Milberry','1986-03-06','amilberrycg@aol.com'),(450,'Gayleen','Tootell','1982-05-27','gtootellch@phoca.cz'),(451,'Kermie','Challenor','1991-11-13','kchallenorci@si.edu'),(452,'Burl','Pittock','1983-08-26','bpittockcj@bravesites.com'),(453,'Julianna','Payle','1975-10-19','jpayleck@nymag.com'),(454,'Jenelle','Kimbly','1972-01-21','jkimblycl@linkedin.com'),(455,'Rory','Pharoah','1993-09-19','rpharoahcm@shutterfly.com'),(456,'Devonna','Kelson','1980-09-17','dkelsoncn@state.tx.us'),(457,'Felicity','Caltera','1988-02-20','fcalteraco@seattletimes.com'),(458,'Pam','Hendrikse','1993-10-14','phendriksecp@icio.us'),(459,'Robbyn','Fiddyment','1995-08-24','rfiddymentcq@aboutads.info'),(460,'Burl','Hembery','1981-08-15','bhemberycr@usatoday.com'),(461,'Lotte','Gaskall','1993-08-20','lgaskallcs@edublogs.org'),(462,'Graig','Braysher','1987-05-24','gbraysherct@ezinearticles.com'),(463,'Sibylla','Elan','1988-12-13','selancu@scribd.com'),(464,'Cherise','Crucetti','1973-04-03','ccrucetticv@sina.com.cn'),(465,'Christabella','Wilstead','1995-11-14','cwilsteadcw@toplist.cz'),(466,'Ashia','Hagstone','1973-07-24','ahagstonecx@ibm.com'),(467,'Tadeo','Brymner','1974-09-24','tbrymnercy@usnews.com'),(468,'Frederique','Clarycott','1988-06-27','fclarycottcz@arstechnica.com'),(469,'Rollin','Filgate','1989-05-22','rfilgated0@nyu.edu'),(470,'Rudie','Ewles','1989-06-12','rewlesd1@google.com'),(471,'Nessie','Bleas','1985-06-20','nbleasd2@twitpic.com'),(472,'Nan','Gwatkin','1995-07-03','ngwatkind3@google.de'),(473,'Rainer','Conachy','1984-10-03','rconachyd4@imdb.com'),(474,'Lynsey','Tomek','1980-02-28','ltomekd5@live.com'),(475,'Redd','Leechman','1981-11-02','rleechmand6@utexas.edu'),(476,'Ham','Friese','1974-01-19','hfriesed7@hatena.ne.jp'),(477,'Daniele','Boutell','1995-02-05','dboutelld8@altervista.org'),(478,'Pooh','Walentynowicz','1975-05-18','pwalentynowiczd9@twitter.com'),(479,'Cad','Paragreen','1985-08-10','cparagreenda@latimes.com'),(480,'Barret','Warhurst','1993-06-09','bwarhurstdb@shinystat.com'),(481,'Vidovik','Samart','1973-01-19','vsamartdc@sciencedirect.com'),(482,'Sile','McDaid','1986-04-23','smcdaiddd@yahoo.co.jp'),(483,'Darn','Gary','1994-01-03','dgaryde@answers.com'),(484,'Leesa','Thickin','1999-01-08','lthickindf@chronoengine.com'),(485,'Mariele','Aronov','1998-06-05','maronovdg@wordpress.org'),(486,'Jaime','Rubie','1970-04-27','jrubiedh@pbs.org'),(487,'Sonnie','Witherspoon','1996-07-29','switherspoondi@cargocollective.com'),(488,'Man','Jertz','1991-12-29','mjertzdj@independent.co.uk'),(489,'Izabel','Keaysell','1978-09-04','ikeayselldk@hatena.ne.jp'),(490,'Rae','Slade','1977-10-13','rsladedl@xing.com'),(491,'Zacharie','Reddell','1982-09-12','zreddelldm@who.int'),(492,'Brook','Ferras','1981-09-18','bferrasdn@ustream.tv'),(493,'Eldredge','Sulley','1983-10-25','esulleydo@microsoft.com'),(494,'Kenny','Priscott','1997-07-05','kpriscottdp@a8.net'),(495,'Arleta','Hostan','1984-08-04','ahostandq@ted.com'),(496,'Tasha','Gosby','1983-05-17','tgosbydr@lulu.com'),(497,'Griselda','Mangeney','1994-07-05','gmangeneyds@usatoday.com'),(498,'Jacqueline','Rowbottom','1999-09-29','jrowbottomdt@washingtonpost.com'),(499,'Fidelio','Dumelow','1989-09-23','fdumelowdu@tamu.edu'),(500,'Daloris','Manach','1977-12-10','dmanachdv@earthlink.net'),(501,'Wynn','Tippett','2000-09-29','wtippettdw@loc.gov'),(502,'Kahlil','Tilt','1993-11-03','ktiltdx@cargocollective.com'),(503,'Griffith','Sangra','1976-03-10','gsangrady@google.nl'),(504,'Tedda','Chew','1981-03-09','tchewdz@answers.com'),(505,'Papagena','Guise','1994-09-30','pguisee0@surveymonkey.com'),(506,'Baily','Gilbart','1984-11-04','bgilbarte1@dedecms.com'),(507,'Babette','Hellwig','1976-01-25','bhellwige2@dyndns.org'),(508,'Essa','Sutherel','1990-08-05','esutherele3@goo.gl'),(509,'Hal','Levane','1986-10-01','hlevanee4@samsung.com'),(510,'Osbourne','Kilroy','1988-05-19','okilroye5@360.cn'),(511,'Lorry','Anker','1988-08-14','lankere6@mtv.com'),(512,'Hendrika','Tatum','1990-09-25','htatume7@altervista.org'),(513,'Vivyan','Selborne','1973-12-08','vselbornee8@ycombinator.com'),(514,'Vanna','Tomney','1999-02-26','vtomneye9@comsenz.com'),(515,'Cher','Possa','1996-03-20','cpossaea@uol.com.br'),(516,'Lu','Archbold','1985-07-16','larchboldeb@godaddy.com'),(517,'Francisco','Twinn','1975-12-04','ftwinnec@jiathis.com'),(518,'Hendrick','Rableau','1986-10-23','hrableaued@woothemes.com'),(519,'Mattie','Ivanyushin','1971-12-03','mivanyushinee@arstechnica.com'),(520,'Urban','Schwandermann','1980-09-29','uschwandermannef@yellowpages.com'),(521,'Avram','Kynastone','1995-07-23','akynastoneeg@homestead.com'),(522,'Esta','Deakes','1987-10-19','edeakeseh@cisco.com'),(523,'Tessi','Hesse','1983-05-25','thesseei@cpanel.net'),(524,'Lilias','Bazylets','1982-11-17','lbazyletsej@state.tx.us'),(525,'Margaret','Jenik','1996-11-27','mjenikek@slideshare.net'),(526,'Aubine','O\' Gara','1991-06-04','aogarael@rediff.com'),(527,'Jemmy','Shah','1993-09-22','jshahem@google.es'),(528,'Adelheid','MacHostie','1982-10-13','amachostieen@last.fm'),(529,'Tailor','Scown','1972-05-09','tscowneo@virginia.edu'),(530,'Barri','Pears','1999-04-23','bpearsep@google.cn'),(531,'Millie','Nealy','1987-01-28','mnealyeq@globo.com'),(532,'Donny','McConnell','1992-07-25','dmcconneller@ifeng.com'),(533,'Adah','Weatherhead','1973-07-10','aweatherheades@hc360.com'),(534,'Oliy','Withers','1990-04-25','owitherset@cdc.gov'),(535,'Richie','Ryburn','1978-05-04','rryburneu@boston.com'),(536,'Sophronia','Vawton','1975-12-15','svawtonev@pen.io'),(537,'Bronnie','Janoschek','1974-12-05','bjanoschekew@who.int'),(538,'Wyn','Duligall','1978-08-24','wduligallex@gmpg.org'),(539,'Vernon','Scourfield','1993-07-10','vscourfieldey@seesaa.net'),(540,'Terri','Yendall','1987-11-17','tyendallez@addthis.com'),(541,'Elsa','Cone','1995-04-29','econef0@amazon.de'),(542,'Willyt','Klaves','1988-04-28','wklavesf1@dmoz.org'),(543,'Janka','Lamplugh','1998-12-24','jlamplughf2@myspace.com'),(544,'Jolyn','Bonifazio','1989-12-29','jbonifaziof3@answers.com'),(545,'Klemens','McGarel','1971-10-02','kmcgarelf4@hugedomains.com'),(546,'Andy','Trickett','1975-04-14','atrickettf5@t.co'),(547,'Melamie','Speake','1990-10-12','mspeakef6@123-reg.co.uk'),(548,'Thomas','Whal','1976-06-03','twhalf7@blogspot.com'),(549,'Dean','Figgures','1999-10-23','dfigguresf8@toplist.cz'),(550,'Myrle','Weatherburn','1982-05-10','mweatherburnf9@usatoday.com'),(551,'Janie','Clipsham','1975-12-04','jclipshamfa@yellowpages.com'),(552,'Libbey','Bellward','1981-06-14','lbellwardfb@exblog.jp'),(553,'Shepperd','Biesterfeld','1983-12-19','sbiesterfeldfc@nydailynews.com'),(554,'Jefferson','Laidel','1979-05-14','jlaidelfd@imdb.com'),(555,'Beverie','Rysom','1975-09-24','brysomfe@scientificamerican.com'),(556,'Maurene','Garman','1996-11-03','mgarmanff@boston.com'),(557,'Marge','MacCaull','1984-11-29','mmaccaullfg@sciencedaily.com'),(558,'Briggs','Klima','1977-09-15','bklimafh@omniture.com'),(559,'Lanette','Ditzel','1996-11-02','lditzelfi@blogs.com'),(560,'Cayla','Davoren','1985-10-04','cdavorenfj@weebly.com'),(561,'Leta','Goley','1998-06-11','lgoleyfk@google.it'),(562,'Drucy','Pauly','1976-05-15','dpaulyfl@jigsy.com'),(563,'Darelle','Bater','1970-12-01','dbaterfm@ucla.edu'),(564,'Konstanze','Brusby','1993-02-24','kbrusbyfn@ow.ly'),(565,'Romy','Golton','1996-06-06','rgoltonfo@yale.edu'),(566,'Aida','Liversley','1981-02-20','aliversleyfp@ow.ly'),(567,'Udall','Rye','1979-03-27','uryefq@gnu.org'),(568,'Austin','Zavattieri','1993-06-25','azavattierifr@unc.edu'),(569,'Eyde','Haulkham','1988-04-17','ehaulkhamfs@google.de'),(570,'Krishnah','Blakiston','1983-10-17','kblakistonft@phoca.cz'),(571,'Timmie','Bugg','1978-11-17','tbuggfu@multiply.com'),(572,'Dwayne','China','1998-07-18','dchinafv@php.net'),(573,'Xerxes','Stambridge','1984-05-31','xstambridgefw@prlog.org'),(574,'Mattie','Croxley','1979-10-24','mcroxleyfx@sun.com'),(575,'Giavani','Possa','1986-05-26','gpossafy@cbsnews.com'),(576,'Agata','Duckering','1998-06-21','aduckeringfz@google.de'),(577,'Helli','Mahmood','1977-09-26','hmahmoodg0@elpais.com'),(578,'Felipe','Candwell','1990-02-15','fcandwellg1@desdev.cn'),(579,'Debra','Molian','1994-12-08','dmoliang2@nyu.edu'),(580,'Avery','Fevers','2000-01-27','afeversg3@shinystat.com'),(581,'Wendall','Filipczak','1972-04-18','wfilipczakg4@sciencedirect.com'),(582,'Kailey','Leeming','1994-08-16','kleemingg5@admin.ch'),(583,'Latia','Thornber','1991-10-29','lthornberg6@bizjournals.com'),(584,'Cathie','Scollan','1982-07-30','cscollang7@illinois.edu'),(585,'Abbey','Yurukhin','1979-06-22','ayurukhing8@discovery.com'),(586,'Lucien','Brazur','1976-12-03','lbrazurg9@noaa.gov'),(587,'Mendel','Fogt','1991-05-04','mfogtga@sphinn.com'),(588,'Moritz','Rignall','1973-06-27','mrignallgb@bravesites.com'),(589,'Niko','Longthorn','1971-11-06','nlongthorngc@yandex.ru'),(590,'Monika','Tonnesen','1982-01-03','mtonnesengd@ibm.com'),(591,'Hendrik','Ivancevic','1982-07-22','hivancevicge@earthlink.net'),(592,'Ashia','Greenhead','1995-08-01','agreenheadgf@icio.us'),(593,'Rafaela','Fetherston','1993-08-05','rfetherstongg@blogger.com'),(594,'Jacqui','Janko','1998-09-17','jjankogh@odnoklassniki.ru'),(595,'Regan','Birkenshaw','1975-09-24','rbirkenshawgi@photobucket.com'),(596,'Antin','Rawstorne','1992-04-28','arawstornegj@bloglovin.com'),(597,'Cointon','Ravillas','1990-04-08','cravillasgk@tripadvisor.com'),(598,'Lydie','Krochmann','1998-11-07','lkrochmanngl@github.com'),(599,'Camille','O\'Dyvoy','1980-03-30','codyvoygm@chron.com'),(600,'Rozelle','Allchin','1998-12-24','rallchingn@merriam-webster.com'),(601,'Raychel','Bindin','1990-04-15','rbindingo@paypal.com'),(602,'Trevar','Cadany','1999-09-17','tcadanygp@friendfeed.com'),(603,'Corenda','Arnholtz','1991-08-01','carnholtzgq@reddit.com'),(604,'Rodi','Goodyear','2000-11-06','rgoodyeargr@reference.com'),(605,'Analise','Sapson','1996-01-02','asapsongs@timesonline.co.uk'),(606,'Clotilda','Wanden','1978-09-08','cwandengt@pinterest.com'),(607,'Filide','Bembrick','1978-07-31','fbembrickgu@moonfruit.com'),(608,'Deni','Humberston','1976-10-15','dhumberstongv@freewebs.com'),(609,'Candis','Tournie','1985-12-11','ctourniegw@shop-pro.jp'),(610,'Tisha','Peddowe','1988-08-30','tpeddowegx@google.com'),(611,'Dewitt','Abbate','1975-11-24','dabbategy@etsy.com'),(612,'Charo','Drayton','1990-04-30','cdraytongz@blogspot.com'),(613,'Adelle','Abrahmovici','1991-01-27','aabrahmovicih0@constantcontact.com'),(614,'Melissa','Surcombe','1983-11-23','msurcombeh1@noaa.gov'),(615,'Zacharia','Joost','1984-11-30','zjoosth2@google.it'),(616,'Melli','Pomphrey','1975-10-13','mpomphreyh3@tripod.com'),(617,'Brigham','Edworthie','1981-07-24','bedworthieh4@meetup.com'),(618,'Tomlin','de Marco','1979-07-04','tdemarcoh5@exblog.jp'),(619,'Magda','Odo','1994-12-14','modoh6@examiner.com'),(620,'Ring','Dumphries','1996-05-09','rdumphriesh7@disqus.com'),(621,'Brocky','Hollebon','1995-08-27','bhollebonh8@mapquest.com'),(622,'Jeni','Creed','1990-12-27','jcreedh9@godaddy.com'),(623,'Hendrick','Favill','1995-02-03','hfavillha@g.co'),(624,'Addie','Sedger','1989-07-17','asedgerhb@oaic.gov.au'),(625,'Gaby','Enevold','1985-07-29','genevoldhc@mozilla.org'),(626,'Zaccaria','Rowbottom','1993-12-27','zrowbottomhd@ucoz.com'),(627,'Antoine','Jakobssen','1990-03-05','ajakobssenhe@spotify.com'),(628,'Kimmie','Tuckley','1982-01-27','ktuckleyhf@nyu.edu'),(629,'Gavrielle','Ballard','1982-10-14','gballardhg@bravesites.com'),(630,'Daven','Wilflinger','2000-05-13','dwilflingerhh@posterous.com'),(631,'Glenda','Webster','1970-12-29','gwebsterhi@about.me'),(632,'Lorenza','Spivey','1971-11-10','lspiveyhj@ycombinator.com'),(633,'Vasily','Dorrance','1996-08-16','vdorrancehk@ca.gov'),(634,'Casie','Loble','1996-02-03','cloblehl@gov.uk'),(635,'Manya','Daniellot','1992-01-18','mdaniellothm@smh.com.au'),(636,'Adele','Gayne','2000-10-25','agaynehn@wikia.com'),(637,'Fran','Hadgraft','1982-04-24','fhadgraftho@cyberchimps.com'),(638,'De','Martino','1977-04-01','dmartinohp@hud.gov'),(639,'Land','Mintram','1984-08-10','lmintramhq@adobe.com'),(640,'Keary','Mingus','1984-02-09','kmingushr@about.com'),(641,'Robby','Dowson','1972-06-29','rdowsonhs@about.me'),(642,'Gothart','Haugh','1991-05-25','ghaughht@va.gov'),(643,'Adelheid','Gorner','1998-07-04','agornerhu@t.co'),(644,'Conny','Ealam','1978-11-17','cealamhv@ycombinator.com'),(645,'Sileas','Trett','1991-12-30','stretthw@ftc.gov'),(646,'Merl','Collingridge','1981-03-03','mcollingridgehx@vistaprint.com'),(647,'Josey','Myall','1986-01-02','jmyallhy@shop-pro.jp'),(648,'Sherline','Menendez','1977-10-10','smenendezhz@yolasite.com'),(649,'Hebert','Antoszczyk','1996-03-21','hantoszczyki0@xing.com'),(650,'Wally','D\'Adamo','1977-03-08','wdadamoi1@t.co'),(651,'Doris','Aumerle','1995-02-20','daumerlei2@virginia.edu'),(652,'Audrie','Cornely','1990-03-22','acornelyi3@elpais.com'),(653,'Tallie','Dulton','1996-05-15','tdultoni4@gravatar.com'),(654,'Dan','Van Bruggen','1983-09-27','dvanbruggeni5@networkadvertising.org'),(655,'Ina','O\' Reagan','1997-01-16','ioreagani6@ihg.com'),(656,'Wallie','Uvedale','1988-08-24','wuvedalei7@auda.org.au'),(657,'Andreana','Bools','1990-01-07','aboolsi8@histats.com'),(658,'Marilyn','Griffin','1990-09-07','mgriffini9@hhs.gov'),(659,'Steffie','Shillum','1982-06-14','sshillumia@blogtalkradio.com'),(660,'Efrem','Windas','1983-09-10','ewindasib@prlog.org'),(661,'Guntar','Serjeantson','1996-12-02','gserjeantsonic@ask.com'),(662,'Nertie','Beckford','1984-05-22','nbeckfordid@wikipedia.org'),(663,'Hyatt','Vere','1998-07-20','hvereie@eepurl.com'),(664,'Gnni','O\'Hanley','1977-05-08','gohanleyif@blog.com'),(665,'Althea','Mathon','1981-02-17','amathonig@macromedia.com'),(666,'Mersey','Kennford','1991-04-22','mkennfordih@artisteer.com'),(667,'Sheelagh','Cuerdall','1976-04-13','scuerdallii@mtv.com'),(668,'Ferdie','Marquis','1973-01-22','fmarquisij@xrea.com'),(669,'Emili','Leuty','1974-06-12','eleutyik@geocities.jp'),(670,'Gayle','Tysack','1985-01-04','gtysackil@youtube.com'),(671,'Nancee','McKinless','1979-06-25','nmckinlessim@amazonaws.com'),(672,'Alanah','Jenner','1985-09-10','ajennerin@xrea.com'),(673,'Moss','Billson','1988-11-10','mbillsonio@yahoo.co.jp'),(674,'Janaye','Gibbard','1976-01-29','jgibbardip@newsvine.com'),(675,'Aubree','Skellington','1979-09-27','askellingtoniq@deviantart.com'),(676,'Candis','Dimmack','1982-10-13','cdimmackir@squidoo.com'),(677,'Hube','Ringham','1972-09-10','hringhamis@vistaprint.com'),(678,'Ashleigh','Gummory','1989-01-03','agummoryit@prlog.org'),(679,'Romain','Bench','1998-07-22','rbenchiu@walmart.com'),(680,'Gerhardine','Grubb','1986-08-18','ggrubbiv@unicef.org'),(681,'Demetre','Sawood','1971-01-14','dsawoodiw@google.com.hk'),(682,'Wadsworth','McMurthy','1996-06-05','wmcmurthyix@bbb.org'),(683,'Marybeth','Steels','1999-12-19','msteelsiy@jalbum.net'),(684,'Lillian','Pardie','1995-11-26','lpardieiz@infoseek.co.jp'),(685,'Mattie','Lagne','1993-06-09','mlagnej0@rediff.com'),(686,'Lanita','Stucke','1984-12-23','lstuckej1@huffingtonpost.com'),(687,'Barbey','Huett','1984-02-06','bhuettj2@smh.com.au'),(688,'Jed','Earey','1989-11-25','jeareyj3@smh.com.au'),(689,'Angus','MacDonogh','1978-10-29','amacdonoghj4@goodreads.com'),(690,'Christa','Alvarado','1995-09-04','calvaradoj5@mac.com'),(691,'Muffin','Maccari','1984-11-25','mmaccarij6@marriott.com'),(692,'Ardine','Ream','1978-07-25','areamj7@mit.edu'),(693,'Gibbie','Mottershead','1987-03-08','gmottersheadj8@fotki.com'),(694,'Germain','Heber','1977-06-05','gheberj9@ocn.ne.jp'),(695,'Geralda','Manuaud','1985-06-27','gmanuaudja@oakley.com'),(696,'Dicky','Ingold','1994-05-01','dingoldjb@unblog.fr'),(697,'Camila','Woodthorpe','1991-10-21','cwoodthorpejc@oracle.com'),(698,'Forest','Meharg','1982-01-07','fmehargjd@bing.com'),(699,'Garek','Brezlaw','1983-03-06','gbrezlawje@boston.com'),(700,'Dannie','Nekrews','1979-07-16','dnekrewsjf@pen.io'),(701,'Marianne','Burthom','1984-11-05','mburthomjg@creativecommons.org'),(702,'Sibylle','Gellett','1980-02-28','sgellettjh@paginegialle.it'),(703,'Eduino','Agerskow','1972-02-09','eagerskowji@slideshare.net'),(704,'Ardith','Fitzjohn','1980-05-10','afitzjohnjj@aboutads.info'),(705,'Arni','Kyncl','1992-09-16','akyncljk@clickbank.net'),(706,'Horacio','Hortop','1990-08-07','hhortopjl@mapy.cz'),(707,'Reba','Januszewski','1998-10-28','rjanuszewskijm@weebly.com'),(708,'Annette','Szymczyk','1970-06-19','aszymczykjn@tripadvisor.com'),(709,'Edithe','Tolussi','1999-02-22','etolussijo@fastcompany.com'),(710,'Micky','Hibbart','1983-04-28','mhibbartjp@blogspot.com'),(711,'Elijah','Fagence','1995-08-09','efagencejq@github.io'),(712,'Kit','Pughsley','1987-06-05','kpughsleyjr@weibo.com'),(713,'Hendrika','Rigglesford','1991-08-22','hrigglesfordjs@yandex.ru'),(714,'Costa','McGrory','1987-09-23','cmcgroryjt@merriam-webster.com'),(715,'Torrie','Romaines','1978-11-23','tromainesju@newsvine.com'),(716,'Boone','Corrado','1972-07-05','bcorradojv@i2i.jp'),(717,'Lyssa','McNalley','2000-02-21','lmcnalleyjw@patch.com'),(718,'Galen','Crock','2000-05-05','gcrockjx@uol.com.br'),(719,'Kerry','Sargison','1990-07-06','ksargisonjy@cbsnews.com'),(720,'Curtice','Samter','2000-12-11','csamterjz@rakuten.co.jp'),(721,'Ivonne','Kitney','1985-05-20','ikitneyk0@netvibes.com'),(722,'Bertina','Lydden','1975-02-15','blyddenk1@dailymail.co.uk'),(723,'Catha','Sammut','1991-07-08','csammutk2@oakley.com'),(724,'Amity','Molder','1998-07-31','amolderk3@google.es'),(725,'Aymer','St Pierre','1995-01-25','astpierrek4@geocities.jp'),(726,'Norean','Kinavan','1999-05-03','nkinavank5@hugedomains.com'),(727,'Emmey','Hearnden','1988-03-26','ehearndenk6@biglobe.ne.jp'),(728,'Hertha','Gummer','1979-07-06','hgummerk7@intel.com'),(729,'Boniface','Grogor','1997-07-21','bgrogork8@vinaora.com'),(730,'Ariadne','Killcross','1983-09-12','akillcrossk9@businessinsider.com'),(731,'Kamillah','Trotman','1987-08-26','ktrotmanka@pbs.org'),(732,'Silas','Coleiro','1988-10-10','scoleirokb@sogou.com'),(733,'Anatol','Ousbie','1992-04-14','aousbiekc@eventbrite.com'),(734,'Ira','Agge','1976-08-22','iaggekd@loc.gov'),(735,'Chaim','Shalders','1998-03-23','cshalderske@de.vu'),(736,'Giralda','McIleen','1979-01-20','gmcileenkf@clickbank.net'),(737,'Norbert','Codlin','1974-01-04','ncodlinkg@bigcartel.com'),(738,'Elton','Straun','1999-09-03','estraunkh@usatoday.com'),(739,'Claretta','Greenhall','1980-08-16','cgreenhallki@buzzfeed.com'),(740,'Beckie','Eadington','1984-03-24','beadingtonkj@about.me'),(741,'Rodge','McGeever','1992-07-03','rmcgeeverkk@twitter.com'),(742,'Erroll','Allan','1985-12-07','eallankl@howstuffworks.com'),(743,'Raychel','Codron','1976-02-12','rcodronkm@opera.com'),(744,'Aurora','Gilbane','1999-10-25','agilbanekn@google.com.au'),(745,'Hardy','Courtenay','1977-03-28','hcourtenayko@hexun.com'),(746,'Rosie','Dincey','1974-08-31','rdinceykp@engadget.com'),(747,'Kim','Zaniolo','1975-05-16','kzaniolokq@ibm.com'),(748,'Cinnamon','Wickwarth','1981-08-25','cwickwarthkr@cbc.ca'),(749,'Georg','Van Giffen','1997-01-07','gvangiffenks@posterous.com'),(750,'Gonzales','Cockney','1987-01-03','gcockneykt@state.tx.us'),(751,'Tobey','Brende','1992-09-28','tbrendeku@gmpg.org'),(752,'Trix','Bullier','1979-04-25','tbullierkv@wikimedia.org'),(753,'Katy','Fender','1975-04-25','kfenderkw@flickr.com'),(754,'Violetta','Bugdell','1978-01-26','vbugdellkx@bandcamp.com'),(755,'Milissent','Danforth','1994-01-19','mdanforthky@studiopress.com'),(756,'Morgan','Nuzzti','1985-09-20','mnuzztikz@marriott.com'),(757,'Stillmann','Iashvili','1972-07-31','siashvilil0@fda.gov'),(758,'Whitman','Mattingly','1978-01-28','wmattinglyl1@google.nl'),(759,'Smitty','Hollidge','1993-06-14','shollidgel2@people.com.cn'),(760,'Peggi','Obey','1995-05-12','pobeyl3@domainmarket.com'),(761,'Bernie','Marquis','1976-06-25','bmarquisl4@wordpress.org'),(762,'Irvine','Balchin','1977-05-22','ibalchinl5@mlb.com'),(763,'Kessiah','Westby','1997-05-03','kwestbyl6@salon.com'),(764,'Linzy','Brockelsby','1970-09-28','lbrockelsbyl7@usda.gov'),(765,'Kendricks','Pittford','1991-08-30','kpittfordl8@sina.com.cn'),(766,'Stavros','Bulluck','1979-09-11','sbulluckl9@uiuc.edu'),(767,'Burke','Bilbrey','1989-06-20','bbilbreyla@hud.gov'),(768,'Ricardo','Winsiowiecki','1980-05-13','rwinsiowieckilb@princeton.edu'),(769,'Nara','Cino','1996-02-10','ncinolc@taobao.com'),(770,'Kattie','Rockey','1980-10-09','krockeyld@themeforest.net'),(771,'Bridget','Tubby','1981-05-02','btubbyle@tripod.com'),(772,'Nerty','Jagoe','1985-12-08','njagoelf@squarespace.com'),(773,'Tabbitha','Wildbore','1973-06-30','twildborelg@reuters.com'),(774,'Leland','Jennaroy','1982-11-29','ljennaroylh@51.la'),(775,'Ruperta','Troy','2000-07-07','rtroyli@tmall.com'),(776,'Lois','Holt','1988-06-06','lholtlj@ovh.net'),(777,'Nils','Briffett','1993-01-23','nbriffettlk@bigcartel.com'),(778,'Den','Maton','1984-04-15','dmatonll@exblog.jp'),(779,'Nikos','Thacker','1971-11-02','nthackerlm@list-manage.com'),(780,'Leonidas','Abley','1975-01-25','lableyln@ucoz.ru'),(781,'Patrice','Bitten','1984-07-29','pbittenlo@eepurl.com'),(782,'Shauna','Lemarie','1988-11-26','slemarielp@arizona.edu'),(783,'Deanna','Bangham','2000-02-16','dbanghamlq@oaic.gov.au'),(784,'Cloris','Switland','1985-09-05','cswitlandlr@nature.com'),(785,'Dorena','Blatherwick','1988-07-10','dblatherwickls@jalbum.net'),(786,'Zacharie','Charrington','1983-05-02','zcharringtonlt@shop-pro.jp'),(787,'Libbi','Gilston','1975-06-12','lgilstonlu@baidu.com'),(788,'Pernell','Piquard','1978-09-26','ppiquardlv@edublogs.org'),(789,'Anallise','Zukerman','1999-10-09','azukermanlw@themeforest.net'),(790,'Kiah','Gorman','1996-08-05','kgormanlx@blinklist.com'),(791,'Patsy','Fuller','1997-07-07','pfullerly@newyorker.com'),(792,'Marcile','Jollands','1990-01-19','mjollandslz@whitehouse.gov'),(793,'Earlie','Wisbey','1985-01-22','ewisbeym0@reference.com'),(794,'Ignazio','Risebrow','1992-01-19','irisebrowm1@joomla.org'),(795,'Germaine','Blondelle','1979-09-04','gblondellem2@istockphoto.com'),(796,'Ruperta','Pringley','1974-07-26','rpringleym3@aol.com'),(797,'Bobbie','Elliss','1986-04-14','bellissm4@vk.com'),(798,'Wilfrid','Armstrong','1994-01-02','warmstrongm5@wordpress.com'),(799,'Fairleigh','Doward','1996-11-30','fdowardm6@facebook.com'),(800,'Teodoro','Vear','1984-12-09','tvearm7@dagondesign.com'),(801,'Heinrik','Gillbey','1972-02-03','hgillbeym8@edublogs.org'),(802,'Trude','Peaker','1975-03-19','tpeakerm9@uol.com.br'),(803,'Uriel','Kindred','1987-10-18','ukindredma@disqus.com'),(804,'Athene','Szantho','1987-06-12','aszanthomb@psu.edu'),(805,'Leah','Cottesford','1999-12-18','lcottesfordmc@freewebs.com'),(806,'Bette','Brigdale','1985-04-25','bbrigdalemd@hibu.com'),(807,'Amandie','Bridgeman','1976-01-25','abridgemanme@latimes.com'),(808,'Darius','Runchman','1982-02-21','drunchmanmf@irs.gov'),(809,'Patty','Brokenshaw','1990-01-12','pbrokenshawmg@etsy.com'),(810,'Wally','Fender','1979-12-13','wfendermh@va.gov'),(811,'Deina','Danielli','1997-05-11','ddaniellimi@lycos.com'),(812,'Chaddy','Reed','1978-12-05','creedmj@wordpress.org'),(813,'Loria','Inseal','1987-12-31','linsealmk@ameblo.jp'),(814,'Sandy','Cawthron','1991-08-02','scawthronml@uiuc.edu'),(815,'Chan','MacPhee','1976-03-04','cmacpheemm@spotify.com'),(816,'Arielle','Dalgarnowch','1990-11-16','adalgarnowchmn@cam.ac.uk'),(817,'Rena','Tillerton','1987-08-03','rtillertonmo@indiatimes.com'),(818,'Cesaro','Fotherby','1990-07-11','cfotherbymp@acquirethisname.com'),(819,'Gerhardt','Coatts','1973-08-05','gcoattsmq@virginia.edu'),(820,'Tybie','Tieman','1979-11-21','ttiemanmr@mapy.cz'),(821,'Tristam','Shyre','1988-04-23','tshyrems@gov.uk'),(822,'Sonya','Ridwood','1970-01-10','sridwoodmt@vimeo.com'),(823,'Lionello','Gabby','2000-06-17','lgabbymu@engadget.com'),(824,'Julee','Colborn','1994-06-21','jcolbornmv@edublogs.org'),(825,'Elberta','Masarrat','1979-10-16','emasarratmw@mapy.cz'),(826,'Nilson','Avann','1985-01-17','navannmx@woothemes.com'),(827,'Binnie','Benedyktowicz','1974-12-16','bbenedyktowiczmy@sfgate.com'),(828,'Leticia','Mounfield','1983-07-30','lmounfieldmz@w3.org'),(829,'Conchita','Merali','1996-12-20','cmeralin0@twitpic.com'),(830,'Thane','Bricknell','1971-09-17','tbricknelln1@bluehost.com'),(831,'Jo-anne','Valentine','1977-06-10','jvalentinen2@acquirethisname.com'),(832,'Gabriel','Iacobetto','1976-03-10','giacobetton3@indiatimes.com'),(833,'Greggory','Stobbes','1995-10-03','gstobbesn4@webnode.com'),(834,'Sanderson','Prier','1972-06-09','spriern5@e-recht24.de'),(835,'Bennie','Skule','1979-02-21','bskulen6@sciencedaily.com'),(836,'Margarete','Engelmann','1993-10-04','mengelmannn7@prnewswire.com'),(837,'Hilario','Obray','1975-04-11','hobrayn8@webs.com'),(838,'Coreen','Henrionot','1971-07-07','chenrionotn9@nbcnews.com'),(839,'Michaella','Dansey','1976-01-12','mdanseyna@un.org'),(840,'Bran','Causton','1993-02-11','bcaustonnb@unicef.org'),(841,'Paola','Proschek','1976-02-07','pproscheknc@irs.gov'),(842,'Valina','Izac','1973-12-27','vizacnd@arstechnica.com'),(843,'Joyous','Boswood','1986-08-06','jboswoodne@livejournal.com'),(844,'Aleda','De Minico','1994-06-06','ademiniconf@mediafire.com'),(845,'Tadeas','Fleeming','1975-09-26','tfleemingng@domainmarket.com'),(846,'Josie','Barr','1996-10-16','jbarrnh@sina.com.cn'),(847,'Luz','Plume','1977-03-23','lplumeni@people.com.cn'),(848,'Misty','Mawford','1979-10-11','mmawfordnj@google.nl'),(849,'Kelsey','Treasaden','1981-10-23','ktreasadennk@jimdo.com'),(850,'Kira','Yglesias','1989-10-07','kyglesiasnl@tinyurl.com'),(851,'Michelle','Wells','1993-06-09','mwellsnm@epa.gov'),(852,'Laird','Cranmor','1971-04-08','lcranmornn@google.co.jp'),(853,'Halli','Faulconer','1985-03-17','hfaulconerno@odnoklassniki.ru'),(854,'Ingamar','Firsby','1983-12-26','ifirsbynp@studiopress.com'),(855,'Dion','MacTrustie','1972-02-17','dmactrustienq@irs.gov'),(856,'Jackson','Bottomley','1974-07-18','jbottomleynr@utexas.edu'),(857,'Nanci','Thormwell','1998-02-24','nthormwellns@trellian.com'),(858,'Merell','Brealey','1982-05-18','mbrealeynt@bbc.co.uk'),(859,'Bernard','Gooly','1987-07-01','bgoolynu@odnoklassniki.ru'),(860,'Stanly','Phil','1991-09-09','sphilnv@psu.edu'),(861,'Rafaello','Jopson','1979-05-10','rjopsonnw@yelp.com'),(862,'Zenia','Checklin','1991-12-28','zchecklinnx@bizjournals.com'),(863,'Caitrin','Haydon','1972-02-24','chaydonny@who.int'),(864,'Hodge','Linn','1992-08-28','hlinnnz@comsenz.com'),(865,'Sloane','Weyman','1991-05-06','sweymano0@netlog.com'),(866,'Maryanna','Piggott','1978-01-26','mpiggotto1@360.cn'),(867,'Zaria','Minchinden','1984-11-22','zminchindeno2@theglobeandmail.com'),(868,'Dianemarie','Ratcliff','1987-12-02','dratcliffo3@last.fm'),(869,'Jacqueline','Scolland','2000-09-04','jscollando4@geocities.com'),(870,'Frazier','Spavins','1999-05-08','fspavinso5@china.com.cn'),(871,'Kelly','Witterick','1991-02-18','kwittericko6@mashable.com'),(872,'Molly','Gaskin','1987-08-21','mgaskino7@washingtonpost.com'),(873,'Olivia','Horburgh','1973-02-18','ohorburgho8@miitbeian.gov.cn'),(874,'Michaelina','Carwardine','1979-07-02','mcarwardineo9@com.com'),(875,'Kristal','Lorinez','1997-02-24','klorinezoa@last.fm'),(876,'Luelle','Gavrielly','1998-09-26','lgavriellyob@businesswire.com'),(877,'Ariella','Kohrs','1981-07-23','akohrsoc@sciencedirect.com'),(878,'Udell','Jewel','1994-05-08','ujewelod@apple.com'),(879,'Ruddy','Blasik','1973-12-18','rblasikoe@nydailynews.com'),(880,'Myra','Blague','1985-02-28','mblagueof@ebay.co.uk'),(881,'Willi','Patchett','1990-09-17','wpatchettog@google.ca'),(882,'Renault','Greer','1985-11-16','rgreeroh@oakley.com'),(883,'Geri','Rushby','2000-07-12','grushbyoi@princeton.edu'),(884,'Way','Cutmare','1980-03-15','wcutmareoj@about.com'),(885,'Jud','Coucha','1990-10-03','jcouchaok@printfriendly.com'),(886,'Liesa','Joseff','1974-05-23','ljoseffol@technorati.com'),(887,'Elset','Ingerson','1999-06-13','eingersonom@simplemachines.org'),(888,'Ephraim','Ofen','1972-11-27','eofenon@devhub.com'),(889,'Theresita','Mowling','1987-06-21','tmowlingoo@who.int'),(890,'Joela','Angrave','1991-04-20','jangraveop@discovery.com'),(891,'Gasper','Berthelmot','2000-02-17','gberthelmotoq@bandcamp.com'),(892,'Aloysia','Lapides','1980-01-25','alapidesor@acquirethisname.com'),(893,'Erna','Easen','1999-04-06','eeasenos@china.com.cn'),(894,'Katerine','Gauchier','1985-02-04','kgauchierot@nps.gov'),(895,'Cristie','Serjeantson','1988-07-10','cserjeantsonou@nsw.gov.au'),(896,'Aprilette','Duran','1985-08-17','aduranov@storify.com'),(897,'Danielle','Ackers','1991-09-12','dackersow@nytimes.com'),(898,'Torr','Tedahl','1992-06-17','ttedahlox@hexun.com'),(899,'Quinn','Hanhardt','1986-12-11','qhanhardtoy@aboutads.info'),(900,'Mackenzie','Dyka','1992-09-21','mdykaoz@google.es'),(901,'Nichole','Helis','1985-04-13','nhelisp0@earthlink.net'),(902,'Scotti','Marrow','1977-08-05','smarrowp1@patch.com'),(903,'Erina','Haworth','1973-08-02','ehaworthp2@webs.com'),(904,'Leelah','Montez','1995-08-18','lmontezp3@abc.net.au'),(905,'Halley','Ivens','1990-12-25','hivensp4@psu.edu'),(906,'Stuart','Bour','1999-06-03','sbourp5@irs.gov'),(907,'Phillida','Jelf','1976-10-29','pjelfp6@last.fm'),(908,'Kala','Eagger','1997-09-09','keaggerp7@twitpic.com'),(909,'Coral','Semour','1972-07-31','csemourp8@slashdot.org'),(910,'Asia','Petrasch','1998-09-09','apetraschp9@gmpg.org'),(911,'Wilma','Brisard','1984-10-31','wbrisardpa@ask.com'),(912,'Renaud','Flello','1982-12-19','rflellopb@wunderground.com'),(913,'Laure','Drayton','1997-03-07','ldraytonpc@blog.com'),(914,'Trefor','Tomaszek','1985-07-24','ttomaszekpd@diigo.com'),(915,'Suzi','Lovewell','1998-07-24','slovewellpe@trellian.com'),(916,'Flossi','Pinnick','1984-03-28','fpinnickpf@lycos.com'),(917,'Averill','Pyer','1976-03-05','apyerpg@slashdot.org'),(918,'Perry','Gocher','1983-02-10','pgocherph@businessweek.com'),(919,'Linda','Parkins','1980-06-17','lparkinspi@senate.gov'),(920,'Maridel','Pardoe','1994-03-21','mpardoepj@bbc.co.uk'),(921,'Rahel','Jerams','1990-07-03','rjeramspk@com.com'),(922,'Bernadette','Hyndes','1972-03-23','bhyndespl@psu.edu'),(923,'Fidelia','de Clerc','1993-01-24','fdeclercpm@sohu.com'),(924,'Lainey','Korba','1998-04-14','lkorbapn@histats.com'),(925,'Margareta','Salisbury','1983-08-09','msalisburypo@com.com'),(926,'Archambault','Godbold','1981-11-06','agodboldpp@moonfruit.com'),(927,'Abbye','Tarte','1990-06-27','atartepq@miitbeian.gov.cn'),(928,'Cassi','Cardew','1996-12-07','ccardewpr@netlog.com'),(929,'Cherin','Thys','2000-10-05','cthysps@bloglovin.com'),(930,'Lemmy','Castelli','1974-01-21','lcastellipt@nsw.gov.au'),(931,'Rocky','Cairns','1993-06-25','rcairnspu@pen.io'),(932,'Gilberto','Worsnip','1999-01-02','gworsnippv@webnode.com'),(933,'Toby','Burke','1970-07-24','tburkepw@shinystat.com'),(934,'Nathalia','Evanson','2000-10-28','nevansonpx@ed.gov'),(935,'Ivan','Holmyard','1971-07-13','iholmyardpy@telegraph.co.uk'),(936,'Lishe','Twentyman','1985-07-05','ltwentymanpz@shop-pro.jp'),(937,'Deeanne','Punyer','1987-04-03','dpunyerq0@xrea.com'),(938,'Kiel','Worrill','1992-09-28','kworrillq1@ovh.net'),(939,'Gwendolen','Swindle','1984-12-18','gswindleq2@yolasite.com'),(940,'Andeee','Spearett','1997-01-15','aspearettq3@engadget.com'),(941,'Maressa','Lechelle','1983-04-26','mlechelleq4@home.pl'),(942,'Glenine','Sorrel','1974-10-02','gsorrelq5@statcounter.com'),(943,'Amandie','Angeau','1977-07-17','aangeauq6@cornell.edu'),(944,'Filip','Adriaan','1981-02-20','fadriaanq7@disqus.com'),(945,'Audrye','Hayles','1972-07-11','ahaylesq8@privacy.gov.au'),(946,'Mandel','Kull','1990-06-09','mkullq9@addthis.com'),(947,'Elizabet','Nelthrop','1973-05-29','enelthropqa@purevolume.com'),(948,'Merci','Wellan','1977-03-28','mwellanqb@wordpress.org'),(949,'Hilarius','Espinas','1975-11-30','hespinasqc@uol.com.br'),(950,'Althea','Clementel','1980-09-13','aclementelqd@home.pl'),(951,'Teri','Olner','1974-05-17','tolnerqe@accuweather.com'),(952,'Gabriel','Kochel','1982-08-05','gkochelqf@acquirethisname.com'),(953,'Ynes','Roussel','1982-06-09','yrousselqg@ihg.com'),(954,'Sheilakathryn','Warby','1988-04-22','swarbyqh@mozilla.org'),(955,'Fabio','O\'Gormally','1994-03-26','fogormallyqi@uol.com.br'),(956,'Berna','Lornsen','1971-04-12','blornsenqj@ask.com'),(957,'Margaret','Garber','1996-01-21','mgarberqk@networkadvertising.org'),(958,'Maximilien','Wethered','1980-02-19','mwetheredql@theatlantic.com'),(959,'Freda','Tweede','1974-11-01','ftweedeqm@toplist.cz'),(960,'Zane','Filippozzi','1998-01-20','zfilippozziqn@mozilla.org'),(961,'Gavra','Castanho','1997-08-08','gcastanhoqo@cam.ac.uk'),(962,'Ludvig','Bravery','1978-12-31','lbraveryqp@yellowbook.com'),(963,'Osgood','Brokenshire','1975-01-26','obrokenshireqq@indiatimes.com'),(964,'Jason','Laterza','1979-09-13','jlaterzaqr@smh.com.au'),(965,'Beulah','Bonnett','1991-10-21','bbonnettqs@reuters.com'),(966,'Conny','Andrat','1992-10-05','candratqt@seesaa.net'),(967,'Alley','Searston','1987-08-07','asearstonqu@utexas.edu'),(968,'Elberta','Shevlane','1983-09-02','eshevlaneqv@hhs.gov'),(969,'Terrijo','Szabo','1986-01-11','tszaboqw@dion.ne.jp'),(970,'Cyndy','Sprowell','1975-02-25','csprowellqx@reverbnation.com'),(971,'Verla','Frankiewicz','1970-07-07','vfrankiewiczqy@geocities.com'),(972,'Olga','Mobley','1995-05-06','omobleyqz@lycos.com'),(973,'Hale','Lydford','1988-01-30','hlydfordr0@cafepress.com'),(974,'Cinda','Grand','1997-05-03','cgrandr1@sfgate.com'),(975,'Farah','Ledrun','1986-04-05','fledrunr2@yale.edu'),(976,'Kienan','Ricardo','1973-11-09','kricardor3@ow.ly'),(977,'Philipa','Dabbes','1973-09-23','pdabbesr4@va.gov'),(978,'Eleanor','Melburg','1978-12-31','emelburgr5@vimeo.com'),(979,'Fidela','Craythorn','1998-07-06','fcraythornr6@fema.gov'),(980,'Davidson','Gallaher','1977-01-11','dgallaherr7@indiatimes.com'),(981,'Mil','Lempke','1992-05-22','mlempker8@senate.gov'),(982,'Baird','Pengilley','1974-01-07','bpengilleyr9@constantcontact.com'),(983,'Aile','Tallet','1984-11-30','atalletra@mapquest.com'),(984,'Skipp','Tindley','1977-04-14','stindleyrb@surveymonkey.com'),(985,'Dominga','Gennings','1980-06-19','dgenningsrc@amazon.de'),(986,'Shamus','Really','1986-02-12','sreallyrd@upenn.edu'),(987,'Leigha','Gibard','1982-05-14','lgibardre@123-reg.co.uk'),(988,'Ann-marie','Cridlin','1984-07-03','acridlinrf@bbb.org'),(989,'Andie','Houdhury','1986-01-04','ahoudhuryrg@eventbrite.com'),(990,'Jess','Lovelace','1978-06-03','jlovelacerh@slideshare.net'),(991,'Breanne','Ladbrooke','1993-08-08','bladbrookeri@netvibes.com'),(992,'Finn','Ridgway','1998-06-07','fridgwayrj@homestead.com'),(993,'Diahann','Vasyanin','2000-12-05','dvasyaninrk@ucsd.edu'),(994,'Adolph','Oxtarby','1977-02-02','aoxtarbyrl@meetup.com'),(995,'Gaile','Brou','1992-09-20','gbrourm@list-manage.com'),(996,'Faun','Midner','1998-09-07','fmidnerrn@independent.co.uk'),(997,'Giustina','Curcher','1974-05-24','gcurcherro@ycombinator.com'),(998,'Verney','Spinella','1973-12-12','vspinellarp@prweb.com'),(999,'Raynard','Petrovsky','1975-08-10','rpetrovskyrq@vk.com'),(1000,'Gabrila','Wickstead','1999-11-07','gwicksteadrr@about.com');
/*!40000 ALTER TABLE `reader` ENABLE KEYS */;
UNLOCK TABLES;
/*!40103 SET TIME_ZONE=@OLD_TIME_ZONE */;

/*!40101 SET SQL_MODE=@OLD_SQL_MODE */;
/*!40014 SET FOREIGN_KEY_CHECKS=@OLD_FOREIGN_KEY_CHECKS */;
/*!40014 SET UNIQUE_CHECKS=@OLD_UNIQUE_CHECKS */;
/*!40101 SET CHARACTER_SET_CLIENT=@OLD_CHARACTER_SET_CLIENT */;
/*!40101 SET CHARACTER_SET_RESULTS=@OLD_CHARACTER_SET_RESULTS */;
/*!40101 SET COLLATION_CONNECTION=@OLD_COLLATION_CONNECTION */;
/*!40111 SET SQL_NOTES=@OLD_SQL_NOTES */;

-- Dump completed on 2019-12-19 17:50:14
